#ifndef VIDEO_COMPARE_ICON_H
#define VIDEO_COMPARE_ICON_H

// Player X Icon - Auto-generated from update-icon.png
// Size: 128x128 BMP

unsigned char VIDEO_COMPARE_ICON_BMP[] = {
  0x42, 0x4d, 0x36, 0xc0, 0x00, 0x00, 0x00, 0x00, 0x00, 0x00, 0x36, 0x00,
  0x00, 0x00, 0x28, 0x00, 0x00, 0x00, 0x80, 0x00, 0x00, 0x00, 0x80, 0x00,
  0x00, 0x00, 0x01, 0x00, 0x18, 0x00, 0x00, 0x00, 0x00, 0x00, 0x00, 0xc0,
  0x00, 0x00, 0x00, 0x00, 0x00, 0x00, 0x00, 0x00, 0x00, 0x00, 0x00, 0x00,
  0x00, 0x00, 0x00, 0x00, 0x00, 0x00, 0x00, 0x00, 0x00, 0x00, 0x00, 0x00,
  0x00, 0x00, 0x00, 0x00, 0x00, 0x00, 0x00, 0x00, 0x00, 0x00, 0x00, 0x00,
  0x00, 0x00, 0x00, 0x00, 0x00, 0x00, 0x00, 0x00, 0x00, 0x00, 0x00, 0x00,
  0x00, 0x00, 0x00, 0x00, 0x00, 0x00, 0x00, 0x00, 0x00, 0x00, 0x00, 0x00,
  0x00, 0x00, 0x00, 0x00, 0x00, 0x00, 0x00, 0x00, 0x00, 0x00, 0x00, 0x00,
  0x00, 0x00, 0x00, 0x00, 0x00, 0x00, 0x00, 0x00, 0x00, 0x00, 0x00, 0x00,
  0x00, 0x00, 0x00, 0x00, 0x00, 0x00, 0x00, 0x00, 0x00, 0x00, 0x00, 0x00,
  0x00, 0x00, 0x00, 0x00, 0x00, 0x00, 0x00, 0x00, 0x00, 0x00, 0x00, 0x00,
  0x00, 0x00, 0x00, 0x00, 0x00, 0x00, 0x00, 0x00, 0x00, 0x00, 0x00, 0x00,
  0x00, 0x00, 0x00, 0x00, 0x00, 0x00, 0x00, 0x00, 0x00, 0x00, 0x00, 0x00,
  0x00, 0x00, 0x00, 0x00, 0x00, 0x00, 0x00, 0x00, 0x00, 0x00, 0x00, 0x00,
  0x00, 0x00, 0x00, 0x00, 0x00, 0x00, 0x00, 0x00, 0x00, 0x00, 0x00, 0x00,
  0x00, 0x00, 0x00, 0x00, 0x00, 0x00, 0x00, 0x00, 0x00, 0x00, 0x00, 0x00,
  0x00, 0x00, 0x00, 0x00, 0x00, 0x00, 0x00, 0x00, 0x00, 0x00, 0x00, 0x00,
  0x00, 0x00, 0x00, 0x00, 0x00, 0x00, 0x00, 0x00, 0x00, 0x00, 0x00, 0x00,
  0x00, 0x00, 0x00, 0x00, 0x00, 0x00, 0x00, 0x00, 0x00, 0x00, 0x00, 0x00,
  0x00, 0x00, 0x00, 0x00, 0x00, 0x00, 0x00, 0x00, 0x00, 0x00, 0x00, 0x00,
  0x00, 0x00, 0x00, 0x00, 0x00, 0x00, 0x00, 0x00, 0x00, 0x00, 0x00, 0x00,
  0x00, 0x00, 0x00, 0x00, 0x00, 0x00, 0x00, 0x00, 0x00, 0x00, 0x00, 0x00,
  0x00, 0x00, 0x00, 0x00, 0x00, 0x00, 0x00, 0x00, 0x00, 0x00, 0x00, 0x00,
  0x00, 0x00, 0x00, 0x00, 0x00, 0x00, 0x00, 0x00, 0x00, 0x00, 0x00, 0x00,
  0x00, 0x00, 0x00, 0x00, 0x00, 0x00, 0x00, 0x00, 0x00, 0x00, 0x00, 0x00,
  0x00, 0x00, 0x00, 0x00, 0x00, 0x00, 0x00, 0x00, 0x00, 0x00, 0x00, 0x00,
  0x00, 0x00, 0x00, 0x00, 0x00, 0x00, 0x00, 0x00, 0x00, 0x00, 0x00, 0x00,
  0x00, 0x00, 0x00, 0x00, 0x00, 0x00, 0x00, 0x00, 0x00, 0x00, 0x00, 0x00,
  0x00, 0x00, 0x00, 0x00, 0x00, 0x00, 0x00, 0x00, 0x00, 0x00, 0x00, 0x00,
  0x00, 0x00, 0x00, 0x00, 0x00, 0x00, 0x00, 0x00, 0x00, 0x00, 0x00, 0x00,
  0x00, 0x00, 0x00, 0x00, 0x00, 0x00, 0x00, 0x00, 0x00, 0x00, 0x00, 0x00,
  0x00, 0x00, 0x00, 0x00, 0x00, 0x00, 0x00, 0x00, 0x00, 0x00, 0x00, 0x00,
  0x00, 0x00, 0x00, 0x00, 0x00, 0x00, 0x00, 0x00, 0x00, 0x00, 0x00, 0x00,
  0x00, 0x00, 0x00, 0x00, 0x00, 0x00, 0x00, 0x00, 0x00, 0x00, 0x00, 0x00,
  0x00, 0x00, 0x00, 0x00, 0x00, 0x00, 0x00, 0x00, 0x00, 0x00, 0x00, 0x00,
  0x00, 0x00, 0x00, 0x00, 0x00, 0x00, 0x00, 0x00, 0x00, 0x00, 0x00, 0x00,
  0x00, 0x00, 0x00, 0x00, 0x00, 0x00, 0x00, 0x00, 0x00, 0x00, 0x00, 0x00,
  0x00, 0x00, 0x00, 0x00, 0x00, 0x00, 0x00, 0x00, 0x00, 0x00, 0x00, 0x00,
  0x00, 0x00, 0x00, 0x00, 0x00, 0x00, 0x00, 0x00, 0x00, 0x00, 0x00, 0x00,
  0x00, 0x00, 0x00, 0x00, 0x00, 0x00, 0x00, 0x00, 0x00, 0x00, 0x00, 0x00,
  0x00, 0x00, 0x00, 0x00, 0x00, 0x00, 0x00, 0x00, 0x00, 0x00, 0x00, 0x00,
  0x00, 0x00, 0x00, 0x00, 0x00, 0x00, 0x00, 0x00, 0x00, 0x00, 0x00, 0x00,
  0x00, 0x00, 0x00, 0x00, 0x00, 0x00, 0x00, 0x00, 0x00, 0x00, 0x00, 0x00,
  0x00, 0x00, 0x00, 0x00, 0x00, 0x00, 0x00, 0x00, 0x00, 0x00, 0x00, 0x00,
  0x00, 0x00, 0x00, 0x00, 0x00, 0x00, 0x00, 0x00, 0x00, 0x00, 0x00, 0x00,
  0x00, 0x00, 0x00, 0x00, 0x00, 0x00, 0x00, 0x00, 0x00, 0x00, 0x00, 0x00,
  0x00, 0x00, 0x00, 0x00, 0x00, 0x00, 0x00, 0x00, 0x00, 0x00, 0x00, 0x00,
  0x00, 0x00, 0x00, 0x00, 0x00, 0x00, 0x00, 0x00, 0x00, 0x00, 0x00, 0x00,
  0x00, 0x00, 0x00, 0x00, 0x00, 0x00, 0x00, 0x00, 0x00, 0x00, 0x00, 0x00,
  0x00, 0x00, 0x00, 0x00, 0x00, 0x00, 0x00, 0x00, 0x00, 0x00, 0x00, 0x00,
  0x00, 0x00, 0x00, 0x00, 0x00, 0x00, 0x00, 0x00, 0x00, 0x00, 0x00, 0x00,
  0x00, 0x00, 0x00, 0x00, 0x00, 0x00, 0x00, 0x00, 0x00, 0x00, 0x00, 0x00,
  0x00, 0x00, 0x00, 0x00, 0x00, 0x00, 0x00, 0x00, 0x00, 0x00, 0x00, 0x00,
  0x00, 0x00, 0x00, 0x00, 0x00, 0x00, 0x00, 0x00, 0x00, 0x00, 0x00, 0x00,
  0x00, 0x00, 0x00, 0x00, 0x00, 0x00, 0x00, 0x00, 0x00, 0x00, 0x00, 0x00,
  0x00, 0x00, 0x00, 0x00, 0x00, 0x00, 0x00, 0x00, 0x00, 0x00, 0x00, 0x00,
  0x00, 0x00, 0x00, 0x00, 0x00, 0x00, 0x00, 0x00, 0x00, 0x00, 0x00, 0x00,
  0x00, 0x00, 0x00, 0x00, 0x00, 0x00, 0x00, 0x00, 0x00, 0x00, 0x00, 0x00,
  0x00, 0x00, 0x00, 0x00, 0x00, 0x00, 0x00, 0x00, 0x00, 0x00, 0x00, 0x00,
  0x00, 0x00, 0x00, 0x00, 0x00, 0x00, 0x00, 0x00, 0x00, 0x00, 0x00, 0x00,
  0x00, 0x00, 0x00, 0x00, 0x00, 0x00, 0x00, 0x00, 0x00, 0x00, 0x00, 0x00,
  0x00, 0x00, 0x00, 0x00, 0x00, 0x00, 0x00, 0x00, 0x00, 0x00, 0x00, 0x00,
  0x00, 0x00, 0x00, 0x00, 0x00, 0x00, 0x00, 0x00, 0x00, 0x00, 0x00, 0x00,
  0x00, 0x00, 0x00, 0x00, 0x00, 0x00, 0x00, 0x00, 0x00, 0x00, 0x00, 0x00,
  0x00, 0x00, 0x00, 0x00, 0x00, 0x00, 0x00, 0x00, 0x00, 0x00, 0x00, 0x00,
  0x00, 0x00, 0x00, 0x00, 0x00, 0x00, 0x00, 0x00, 0x00, 0x00, 0x00, 0x00,
  0x00, 0x00, 0x00, 0x00, 0x00, 0x00, 0x00, 0x00, 0x00, 0x00, 0x00, 0x00,
  0x00, 0x00, 0x00, 0x00, 0x00, 0x00, 0x00, 0x00, 0x00, 0x00, 0x00, 0x00,
  0x00, 0x00, 0x00, 0x00, 0x00, 0x00, 0x00, 0x00, 0x00, 0x00, 0x00, 0x00,
  0x00, 0x00, 0x00, 0x00, 0x00, 0x00, 0x00, 0x00, 0x00, 0x00, 0x00, 0x00,
  0x00, 0x00, 0x00, 0x00, 0x00, 0x00, 0x00, 0x00, 0x00, 0x00, 0x00, 0x00,
  0x00, 0x00, 0x00, 0x00, 0x00, 0x00, 0x00, 0x00, 0x00, 0x00, 0x00, 0x00,
  0x00, 0x00, 0x00, 0x00, 0x00, 0x00, 0x00, 0x00, 0x00, 0x00, 0x00, 0x00,
  0x00, 0x00, 0x00, 0x00, 0x00, 0x00, 0x00, 0x00, 0x00, 0x00, 0x00, 0x00,
  0x00, 0x00, 0x00, 0x00, 0x00, 0x00, 0x00, 0x00, 0x00, 0x00, 0x00, 0x00,
  0x00, 0x00, 0x00, 0x00, 0x00, 0x00, 0x00, 0x00, 0x00, 0x00, 0x00, 0x00,
  0x00, 0x00, 0x00, 0x00, 0x00, 0x00, 0x00, 0x00, 0x00, 0x00, 0x00, 0x00,
  0x00, 0x00, 0x00, 0x00, 0x00, 0x00, 0x00, 0x00, 0x00, 0x00, 0x00, 0x00,
  0x00, 0x00, 0x00, 0x00, 0x00, 0x00, 0x00, 0x00, 0x00, 0x00, 0x00, 0x00,
  0x00, 0x00, 0x00, 0x00, 0x00, 0x00, 0x00, 0x00, 0x00, 0x00, 0x00, 0x00,
  0x00, 0x00, 0x00, 0x00, 0x00, 0x00, 0x00, 0x00, 0x00, 0x00, 0x00, 0x00,
  0x00, 0x00, 0x00, 0x00, 0x00, 0x00, 0x00, 0x00, 0x00, 0x00, 0x00, 0x00,
  0x00, 0x00, 0x00, 0x00, 0x00, 0x00, 0x00, 0x00, 0x00, 0x00, 0x00, 0x00,
  0x00, 0x00, 0x00, 0x00, 0x00, 0x00, 0x00, 0x00, 0x00, 0x00, 0x00, 0x00,
  0x00, 0x00, 0x00, 0x00, 0x00, 0x00, 0x00, 0x00, 0x00, 0x00, 0x00, 0x00,
  0x00, 0x00, 0x00, 0x00, 0x00, 0x00, 0x00, 0x00, 0x00, 0x00, 0x00, 0x00,
  0x00, 0x00, 0x00, 0x00, 0x00, 0x00, 0x00, 0x00, 0x00, 0x00, 0x00, 0x00,
  0x00, 0x00, 0x00, 0x00, 0x00, 0x00, 0x00, 0x00, 0x00, 0x00, 0x00, 0x00,
  0x00, 0x00, 0x00, 0x00, 0x00, 0x00, 0x00, 0x00, 0x00, 0x00, 0x00, 0x00,
  0x00, 0x00, 0x00, 0x00, 0x00, 0x00, 0x00, 0x00, 0x00, 0x00, 0x00, 0x00,
  0x00, 0x00, 0x00, 0x00, 0x00, 0x00, 0x00, 0x00, 0x00, 0x00, 0x00, 0x00,
  0x00, 0x00, 0x00, 0x00, 0x00, 0x00, 0x00, 0x00, 0x00, 0x00, 0x00, 0x00,
  0x00, 0x00, 0x00, 0x00, 0x00, 0x00, 0x00, 0x00, 0x00, 0x00, 0x00, 0x00,
  0x00, 0x00, 0x00, 0x00, 0x00, 0x00, 0x00, 0x00, 0x00, 0x00, 0x00, 0x00,
  0x00, 0x00, 0x00, 0x00, 0x00, 0x00, 0x00, 0x00, 0x00, 0x00, 0x00, 0x00,
  0x00, 0x00, 0x00, 0x00, 0x00, 0x00, 0x00, 0x00, 0x00, 0x00, 0x00, 0x00,
  0x00, 0x00, 0x00, 0x00, 0x00, 0x00, 0x00, 0x00, 0x00, 0x00, 0x00, 0x00,
  0x00, 0x00, 0x00, 0x00, 0x00, 0x00, 0x00, 0x00, 0x00, 0x00, 0x00, 0x00,
  0x00, 0x00, 0x00, 0x00, 0x00, 0x00, 0x00, 0x00, 0x00, 0x00, 0x00, 0x00,
  0x00, 0x00, 0x00, 0x00, 0x00, 0x00, 0x00, 0x00, 0x00, 0x00, 0x00, 0x00,
  0x00, 0x00, 0x00, 0x00, 0x00, 0x00, 0x00, 0x00, 0x00, 0x00, 0x00, 0x00,
  0x00, 0x00, 0x00, 0x00, 0x00, 0x00, 0x00, 0x00, 0x00, 0x00, 0x00, 0x00,
  0x00, 0x00, 0x00, 0x00, 0x00, 0x00, 0x00, 0x00, 0x00, 0x00, 0x00, 0x00,
  0x00, 0x00, 0x00, 0x00, 0x00, 0x00, 0x00, 0x00, 0x00, 0x00, 0x00, 0x00,
  0x00, 0x00, 0x00, 0x00, 0x00, 0x00, 0x00, 0x00, 0x00, 0x00, 0x00, 0x00,
  0x00, 0x00, 0x00, 0x00, 0x00, 0x00, 0x00, 0x00, 0x00, 0x00, 0x00, 0x00,
  0x00, 0x00, 0x00, 0x00, 0x00, 0x00, 0x00, 0x00, 0x00, 0x00, 0x00, 0x00,
  0x00, 0x00, 0x00, 0x00, 0x00, 0x00, 0x00, 0x00, 0x00, 0x00, 0x00, 0x00,
  0x00, 0x00, 0x00, 0x00, 0x00, 0x00, 0x00, 0x00, 0x00, 0x00, 0x00, 0x00,
  0x00, 0x00, 0x00, 0x00, 0x00, 0x00, 0x00, 0x00, 0x00, 0x00, 0x00, 0x00,
  0x00, 0x00, 0x00, 0x00, 0x00, 0x00, 0x00, 0x00, 0x00, 0x00, 0x00, 0x00,
  0x00, 0x00, 0x00, 0x00, 0x00, 0x00, 0x00, 0x00, 0x00, 0x00, 0x00, 0x00,
  0x00, 0x00, 0x00, 0x00, 0x00, 0x00, 0x00, 0x00, 0x00, 0x00, 0x00, 0x00,
  0x00, 0x00, 0x00, 0x00, 0x00, 0x00, 0x00, 0x00, 0x00, 0x00, 0x00, 0x00,
  0x00, 0x00, 0x00, 0x00, 0x00, 0x00, 0x00, 0x00, 0x00, 0x00, 0x00, 0x00,
  0x00, 0x00, 0x00, 0x00, 0x00, 0x00, 0x00, 0x00, 0x00, 0x00, 0x00, 0x00,
  0x00, 0x00, 0x00, 0x00, 0x00, 0x00, 0x00, 0x00, 0x00, 0x00, 0x00, 0x00,
  0x00, 0x00, 0x00, 0x00, 0x00, 0x00, 0x00, 0x00, 0x00, 0x00, 0x00, 0x00,
  0x00, 0x00, 0x00, 0x00, 0x00, 0x00, 0x00, 0x00, 0x00, 0x00, 0x00, 0x00,
  0x00, 0x00, 0x00, 0x00, 0x00, 0x00, 0x00, 0x00, 0x00, 0x00, 0x00, 0x00,
  0x00, 0x00, 0x00, 0x00, 0x00, 0x00, 0x00, 0x00, 0x00, 0x00, 0x00, 0x00,
  0x00, 0x00, 0x00, 0x00, 0x00, 0x00, 0x00, 0x00, 0x00, 0x00, 0x00, 0x00,
  0x00, 0x00, 0x00, 0x00, 0x00, 0x00, 0x00, 0x00, 0x00, 0x00, 0x00, 0x00,
  0x00, 0x00, 0x00, 0x00, 0x00, 0x00, 0x00, 0x00, 0x00, 0x00, 0x00, 0x00,
  0x00, 0x00, 0x00, 0x00, 0x00, 0x00, 0x00, 0x00, 0x00, 0x00, 0x00, 0x00,
  0x00, 0x00, 0x00, 0x00, 0x00, 0x00, 0x00, 0x00, 0x00, 0x00, 0x00, 0x00,
  0x00, 0x00, 0x00, 0x00, 0x00, 0x00, 0x00, 0x00, 0x00, 0x00, 0x00, 0x00,
  0x00, 0x00, 0x00, 0x00, 0x00, 0x00, 0x00, 0x00, 0x00, 0x00, 0x00, 0x00,
  0x00, 0x00, 0x00, 0x00, 0x00, 0x00, 0x00, 0x00, 0x00, 0x00, 0x00, 0x00,
  0x00, 0x00, 0x00, 0x00, 0x00, 0x00, 0x00, 0x00, 0x00, 0x00, 0x00, 0x00,
  0x00, 0x00, 0x00, 0x00, 0x00, 0x00, 0x00, 0x00, 0x00, 0x00, 0x00, 0x00,
  0x00, 0x00, 0x00, 0x00, 0x00, 0x00, 0x00, 0x00, 0x00, 0x00, 0x00, 0x00,
  0x00, 0x00, 0x00, 0x00, 0x00, 0x00, 0x00, 0x00, 0x00, 0x00, 0x00, 0x00,
  0x00, 0x00, 0x00, 0x00, 0x00, 0x00, 0x00, 0x00, 0x00, 0x00, 0x00, 0x00,
  0x00, 0x00, 0x00, 0x00, 0x00, 0x00, 0x00, 0x00, 0x00, 0x00, 0x00, 0x00,
  0x00, 0x00, 0x00, 0x00, 0x00, 0x00, 0x00, 0x00, 0x00, 0x00, 0x00, 0x00,
  0x00, 0x00, 0x00, 0x00, 0x00, 0x00, 0x00, 0x00, 0x00, 0x00, 0x00, 0x00,
  0x00, 0x00, 0x00, 0x00, 0x00, 0x00, 0x00, 0x00, 0x00, 0x00, 0x00, 0x00,
  0x00, 0x00, 0x00, 0x00, 0x00, 0x00, 0x00, 0x00, 0x00, 0x07, 0x07, 0x07,
  0x13, 0x13, 0x13, 0x14, 0x14, 0x14, 0x14, 0x14, 0x14, 0x14, 0x14, 0x14,
  0x14, 0x14, 0x14, 0x14, 0x14, 0x14, 0x14, 0x14, 0x14, 0x14, 0x14, 0x14,
  0x14, 0x14, 0x14, 0x14, 0x14, 0x14, 0x14, 0x14, 0x14, 0x14, 0x14, 0x14,
  0x14, 0x14, 0x14, 0x14, 0x14, 0x14, 0x14, 0x14, 0x14, 0x14, 0x14, 0x14,
  0x14, 0x14, 0x14, 0x14, 0x14, 0x14, 0x14, 0x14, 0x14, 0x14, 0x14, 0x14,
  0x14, 0x14, 0x14, 0x14, 0x14, 0x14, 0x14, 0x14, 0x14, 0x14, 0x14, 0x14,
  0x14, 0x14, 0x14, 0x14, 0x14, 0x14, 0x14, 0x14, 0x14, 0x14, 0x14, 0x14,
  0x14, 0x14, 0x14, 0x14, 0x14, 0x14, 0x14, 0x14, 0x14, 0x14, 0x14, 0x14,
  0x14, 0x14, 0x14, 0x14, 0x14, 0x14, 0x14, 0x14, 0x14, 0x14, 0x14, 0x14,
  0x14, 0x14, 0x14, 0x14, 0x14, 0x14, 0x14, 0x14, 0x14, 0x14, 0x14, 0x14,
  0x14, 0x14, 0x14, 0x14, 0x14, 0x14, 0x14, 0x14, 0x14, 0x14, 0x14, 0x14,
  0x14, 0x14, 0x14, 0x14, 0x14, 0x14, 0x14, 0x14, 0x14, 0x14, 0x14, 0x14,
  0x14, 0x14, 0x14, 0x14, 0x14, 0x14, 0x14, 0x14, 0x14, 0x14, 0x14, 0x14,
  0x14, 0x14, 0x14, 0x14, 0x14, 0x14, 0x14, 0x14, 0x14, 0x14, 0x14, 0x14,
  0x14, 0x14, 0x14, 0x14, 0x14, 0x14, 0x14, 0x14, 0x14, 0x14, 0x14, 0x14,
  0x14, 0x14, 0x14, 0x14, 0x14, 0x14, 0x14, 0x14, 0x14, 0x14, 0x14, 0x14,
  0x14, 0x14, 0x14, 0x14, 0x14, 0x14, 0x14, 0x14, 0x14, 0x13, 0x13, 0x13,
  0x07, 0x07, 0x07, 0x00, 0x00, 0x00, 0x00, 0x00, 0x00, 0x00, 0x00, 0x00,
  0x00, 0x00, 0x00, 0x00, 0x00, 0x00, 0x00, 0x00, 0x00, 0x00, 0x00, 0x00,
  0x00, 0x00, 0x00, 0x00, 0x00, 0x00, 0x00, 0x00, 0x00, 0x00, 0x00, 0x00,
  0x00, 0x00, 0x00, 0x00, 0x00, 0x00, 0x00, 0x00, 0x00, 0x00, 0x00, 0x00,
  0x00, 0x00, 0x00, 0x00, 0x00, 0x00, 0x00, 0x00, 0x00, 0x00, 0x00, 0x00,
  0x00, 0x00, 0x00, 0x00, 0x00, 0x00, 0x00, 0x00, 0x00, 0x00, 0x00, 0x00,
  0x00, 0x00, 0x00, 0x00, 0x00, 0x00, 0x00, 0x00, 0x00, 0x00, 0x00, 0x00,
  0x00, 0x00, 0x00, 0x00, 0x00, 0x00, 0x00, 0x00, 0x00, 0x00, 0x00, 0x00,
  0x00, 0x00, 0x00, 0x00, 0x00, 0x00, 0x00, 0x00, 0x00, 0x00, 0x00, 0x00,
  0x00, 0x00, 0x00, 0x00, 0x00, 0x00, 0x00, 0x00, 0x00, 0x00, 0x00, 0x00,
  0x00, 0x00, 0x00, 0x00, 0x00, 0x00, 0x00, 0x00, 0x00, 0x00, 0x00, 0x00,
  0x00, 0x00, 0x00, 0x00, 0x00, 0x00, 0x00, 0x00, 0x00, 0x00, 0x00, 0x00,
  0x00, 0x00, 0x00, 0x00, 0x00, 0x00, 0x00, 0x00, 0x00, 0x00, 0x00, 0x00,
  0x00, 0x00, 0x00, 0x00, 0x00, 0x00, 0x04, 0x04, 0x04, 0x2f, 0x2f, 0x2f,
  0x68, 0x68, 0x68, 0x9a, 0x9a, 0x9a, 0xc2, 0xc2, 0xc2, 0xdb, 0xdb, 0xdb,
  0xeb, 0xeb, 0xeb, 0xeb, 0xeb, 0xeb, 0xeb, 0xeb, 0xeb, 0xeb, 0xeb, 0xeb,
  0xeb, 0xeb, 0xeb, 0xeb, 0xeb, 0xeb, 0xeb, 0xeb, 0xeb, 0xeb, 0xeb, 0xeb,
  0xeb, 0xeb, 0xeb, 0xeb, 0xeb, 0xeb, 0xeb, 0xeb, 0xeb, 0xeb, 0xeb, 0xeb,
  0xeb, 0xeb, 0xeb, 0xeb, 0xeb, 0xeb, 0xeb, 0xeb, 0xeb, 0xeb, 0xeb, 0xeb,
  0xeb, 0xeb, 0xeb, 0xeb, 0xeb, 0xeb, 0xeb, 0xeb, 0xeb, 0xeb, 0xeb, 0xeb,
  0xeb, 0xeb, 0xeb, 0xeb, 0xeb, 0xeb, 0xeb, 0xeb, 0xeb, 0xeb, 0xeb, 0xeb,
  0xeb, 0xeb, 0xeb, 0xeb, 0xeb, 0xeb, 0xeb, 0xeb, 0xeb, 0xeb, 0xeb, 0xeb,
  0xeb, 0xeb, 0xeb, 0xeb, 0xeb, 0xeb, 0xeb, 0xeb, 0xeb, 0xeb, 0xeb, 0xeb,
  0xeb, 0xeb, 0xeb, 0xeb, 0xeb, 0xeb, 0xeb, 0xeb, 0xeb, 0xeb, 0xeb, 0xeb,
  0xeb, 0xeb, 0xeb, 0xeb, 0xeb, 0xeb, 0xeb, 0xeb, 0xeb, 0xeb, 0xeb, 0xeb,
  0xeb, 0xeb, 0xeb, 0xeb, 0xeb, 0xeb, 0xeb, 0xeb, 0xeb, 0xeb, 0xeb, 0xeb,
  0xeb, 0xeb, 0xeb, 0xeb, 0xeb, 0xeb, 0xeb, 0xeb, 0xeb, 0xeb, 0xeb, 0xeb,
  0xeb, 0xeb, 0xeb, 0xeb, 0xeb, 0xeb, 0xeb, 0xeb, 0xeb, 0xeb, 0xeb, 0xeb,
  0xeb, 0xeb, 0xeb, 0xeb, 0xeb, 0xeb, 0xeb, 0xeb, 0xeb, 0xeb, 0xeb, 0xeb,
  0xeb, 0xeb, 0xeb, 0xeb, 0xeb, 0xeb, 0xeb, 0xeb, 0xeb, 0xeb, 0xeb, 0xeb,
  0xeb, 0xeb, 0xeb, 0xeb, 0xeb, 0xeb, 0xeb, 0xeb, 0xeb, 0xeb, 0xeb, 0xeb,
  0xeb, 0xeb, 0xeb, 0xeb, 0xeb, 0xeb, 0xeb, 0xeb, 0xeb, 0xeb, 0xeb, 0xeb,
  0xdb, 0xdb, 0xdb, 0xc2, 0xc2, 0xc2, 0x9a, 0x9a, 0x9a, 0x68, 0x68, 0x68,
  0x2f, 0x2f, 0x2f, 0x04, 0x04, 0x04, 0x00, 0x00, 0x00, 0x00, 0x00, 0x00,
  0x00, 0x00, 0x00, 0x00, 0x00, 0x00, 0x00, 0x00, 0x00, 0x00, 0x00, 0x00,
  0x00, 0x00, 0x00, 0x00, 0x00, 0x00, 0x00, 0x00, 0x00, 0x00, 0x00, 0x00,
  0x00, 0x00, 0x00, 0x00, 0x00, 0x00, 0x00, 0x00, 0x00, 0x00, 0x00, 0x00,
  0x00, 0x00, 0x00, 0x00, 0x00, 0x00, 0x00, 0x00, 0x00, 0x00, 0x00, 0x00,
  0x00, 0x00, 0x00, 0x00, 0x00, 0x00, 0x00, 0x00, 0x00, 0x00, 0x00, 0x00,
  0x00, 0x00, 0x00, 0x00, 0x00, 0x00, 0x00, 0x00, 0x00, 0x00, 0x00, 0x00,
  0x00, 0x00, 0x00, 0x00, 0x00, 0x00, 0x00, 0x00, 0x00, 0x00, 0x00, 0x00,
  0x00, 0x00, 0x00, 0x00, 0x00, 0x00, 0x00, 0x00, 0x00, 0x00, 0x00, 0x00,
  0x00, 0x00, 0x00, 0x00, 0x00, 0x00, 0x00, 0x00, 0x00, 0x00, 0x00, 0x00,
  0x00, 0x00, 0x00, 0x00, 0x00, 0x00, 0x00, 0x00, 0x00, 0x00, 0x00, 0x00,
  0x00, 0x00, 0x00, 0x00, 0x00, 0x00, 0x00, 0x00, 0x00, 0x00, 0x00, 0x00,
  0x33, 0x33, 0x33, 0x8f, 0x8f, 0x8f, 0xd7, 0xd7, 0xd7, 0xfe, 0xfe, 0xfe,
  0xff, 0xff, 0xff, 0xff, 0xff, 0xff, 0xff, 0xff, 0xff, 0xff, 0xff, 0xff,
  0xff, 0xff, 0xff, 0xff, 0xff, 0xff, 0xff, 0xff, 0xff, 0xff, 0xff, 0xff,
  0xff, 0xff, 0xff, 0xff, 0xff, 0xff, 0xff, 0xff, 0xff, 0xff, 0xff, 0xff,
  0xff, 0xff, 0xff, 0xff, 0xff, 0xff, 0xff, 0xff, 0xff, 0xff, 0xff, 0xff,
  0xff, 0xff, 0xff, 0xff, 0xff, 0xff, 0xff, 0xff, 0xff, 0xff, 0xff, 0xff,
  0xff, 0xff, 0xff, 0xff, 0xff, 0xff, 0xff, 0xff, 0xff, 0xff, 0xff, 0xff,
  0xff, 0xff, 0xff, 0xff, 0xff, 0xff, 0xff, 0xff, 0xff, 0xff, 0xff, 0xff,
  0xff, 0xff, 0xff, 0xff, 0xff, 0xff, 0xff, 0xff, 0xff, 0xff, 0xff, 0xff,
  0xff, 0xff, 0xff, 0xff, 0xff, 0xff, 0xff, 0xff, 0xff, 0xff, 0xff, 0xff,
  0xff, 0xff, 0xff, 0xff, 0xff, 0xff, 0xff, 0xff, 0xff, 0xff, 0xff, 0xff,
  0xff, 0xff, 0xff, 0xff, 0xff, 0xff, 0xff, 0xff, 0xff, 0xff, 0xff, 0xff,
  0xff, 0xff, 0xff, 0xff, 0xff, 0xff, 0xff, 0xff, 0xff, 0xff, 0xff, 0xff,
  0xff, 0xff, 0xff, 0xff, 0xff, 0xff, 0xff, 0xff, 0xff, 0xff, 0xff, 0xff,
  0xff, 0xff, 0xff, 0xff, 0xff, 0xff, 0xff, 0xff, 0xff, 0xff, 0xff, 0xff,
  0xff, 0xff, 0xff, 0xff, 0xff, 0xff, 0xff, 0xff, 0xff, 0xff, 0xff, 0xff,
  0xff, 0xff, 0xff, 0xff, 0xff, 0xff, 0xff, 0xff, 0xff, 0xff, 0xff, 0xff,
  0xff, 0xff, 0xff, 0xff, 0xff, 0xff, 0xff, 0xff, 0xff, 0xff, 0xff, 0xff,
  0xff, 0xff, 0xff, 0xff, 0xff, 0xff, 0xff, 0xff, 0xff, 0xff, 0xff, 0xff,
  0xff, 0xff, 0xff, 0xff, 0xff, 0xff, 0xff, 0xff, 0xff, 0xff, 0xff, 0xff,
  0xfe, 0xfe, 0xfe, 0xd7, 0xd7, 0xd7, 0x8f, 0x8f, 0x8f, 0x33, 0x33, 0x33,
  0x00, 0x00, 0x00, 0x00, 0x00, 0x00, 0x00, 0x00, 0x00, 0x00, 0x00, 0x00,
  0x00, 0x00, 0x00, 0x00, 0x00, 0x00, 0x00, 0x00, 0x00, 0x00, 0x00, 0x00,
  0x00, 0x00, 0x00, 0x00, 0x00, 0x00, 0x00, 0x00, 0x00, 0x00, 0x00, 0x00,
  0x00, 0x00, 0x00, 0x00, 0x00, 0x00, 0x00, 0x00, 0x00, 0x00, 0x00, 0x00,
  0x00, 0x00, 0x00, 0x00, 0x00, 0x00, 0x00, 0x00, 0x00, 0x00, 0x00, 0x00,
  0x00, 0x00, 0x00, 0x00, 0x00, 0x00, 0x00, 0x00, 0x00, 0x00, 0x00, 0x00,
  0x00, 0x00, 0x00, 0x00, 0x00, 0x00, 0x00, 0x00, 0x00, 0x00, 0x00, 0x00,
  0x00, 0x00, 0x00, 0x00, 0x00, 0x00, 0x00, 0x00, 0x00, 0x00, 0x00, 0x00,
  0x00, 0x00, 0x00, 0x00, 0x00, 0x00, 0x00, 0x00, 0x00, 0x00, 0x00, 0x00,
  0x00, 0x00, 0x00, 0x00, 0x00, 0x00, 0x00, 0x00, 0x00, 0x00, 0x00, 0x00,
  0x00, 0x00, 0x00, 0x00, 0x00, 0x00, 0x52, 0x52, 0x52, 0xc2, 0xc2, 0xc2,
  0xff, 0xff, 0xff, 0xff, 0xff, 0xff, 0xff, 0xff, 0xff, 0xff, 0xff, 0xff,
  0xff, 0xff, 0xff, 0xff, 0xff, 0xff, 0xff, 0xff, 0xff, 0xff, 0xff, 0xff,
  0xff, 0xff, 0xff, 0xff, 0xff, 0xff, 0xff, 0xff, 0xff, 0xff, 0xff, 0xff,
  0xff, 0xff, 0xff, 0xff, 0xff, 0xff, 0xff, 0xff, 0xff, 0xff, 0xff, 0xff,
  0xff, 0xff, 0xff, 0xff, 0xff, 0xff, 0xff, 0xff, 0xff, 0xff, 0xff, 0xff,
  0xff, 0xff, 0xff, 0xff, 0xff, 0xff, 0xff, 0xff, 0xff, 0xff, 0xff, 0xff,
  0xff, 0xff, 0xff, 0xff, 0xff, 0xff, 0xff, 0xff, 0xff, 0xff, 0xff, 0xff,
  0xff, 0xff, 0xff, 0xff, 0xff, 0xff, 0xff, 0xff, 0xff, 0xff, 0xff, 0xff,
  0xff, 0xff, 0xff, 0xff, 0xff, 0xff, 0xff, 0xff, 0xff, 0xff, 0xff, 0xff,
  0xff, 0xff, 0xff, 0xff, 0xff, 0xff, 0xff, 0xff, 0xff, 0xff, 0xff, 0xff,
  0xff, 0xff, 0xff, 0xff, 0xff, 0xff, 0xff, 0xff, 0xff, 0xff, 0xff, 0xff,
  0xff, 0xff, 0xff, 0xff, 0xff, 0xff, 0xff, 0xff, 0xff, 0xff, 0xff, 0xff,
  0xff, 0xff, 0xff, 0xff, 0xff, 0xff, 0xff, 0xff, 0xff, 0xff, 0xff, 0xff,
  0xff, 0xff, 0xff, 0xff, 0xff, 0xff, 0xff, 0xff, 0xff, 0xff, 0xff, 0xff,
  0xff, 0xff, 0xff, 0xff, 0xff, 0xff, 0xff, 0xff, 0xff, 0xff, 0xff, 0xff,
  0xff, 0xff, 0xff, 0xff, 0xff, 0xff, 0xff, 0xff, 0xff, 0xff, 0xff, 0xff,
  0xff, 0xff, 0xff, 0xff, 0xff, 0xff, 0xff, 0xff, 0xff, 0xff, 0xff, 0xff,
  0xff, 0xff, 0xff, 0xff, 0xff, 0xff, 0xff, 0xff, 0xff, 0xff, 0xff, 0xff,
  0xff, 0xff, 0xff, 0xff, 0xff, 0xff, 0xff, 0xff, 0xff, 0xff, 0xff, 0xff,
  0xff, 0xff, 0xff, 0xff, 0xff, 0xff, 0xff, 0xff, 0xff, 0xff, 0xff, 0xff,
  0xff, 0xff, 0xff, 0xff, 0xff, 0xff, 0xff, 0xff, 0xff, 0xff, 0xff, 0xff,
  0xc2, 0xc2, 0xc2, 0x52, 0x52, 0x52, 0x00, 0x00, 0x00, 0x00, 0x00, 0x00,
  0x00, 0x00, 0x00, 0x00, 0x00, 0x00, 0x00, 0x00, 0x00, 0x00, 0x00, 0x00,
  0x00, 0x00, 0x00, 0x00, 0x00, 0x00, 0x00, 0x00, 0x00, 0x00, 0x00, 0x00,
  0x00, 0x00, 0x00, 0x00, 0x00, 0x00, 0x00, 0x00, 0x00, 0x00, 0x00, 0x00,
  0x00, 0x00, 0x00, 0x00, 0x00, 0x00, 0x00, 0x00, 0x00, 0x00, 0x00, 0x00,
  0x00, 0x00, 0x00, 0x00, 0x00, 0x00, 0x00, 0x00, 0x00, 0x00, 0x00, 0x00,
  0x00, 0x00, 0x00, 0x00, 0x00, 0x00, 0x00, 0x00, 0x00, 0x00, 0x00, 0x00,
  0x00, 0x00, 0x00, 0x00, 0x00, 0x00, 0x00, 0x00, 0x00, 0x00, 0x00, 0x00,
  0x00, 0x00, 0x00, 0x00, 0x00, 0x00, 0x00, 0x00, 0x00, 0x00, 0x00, 0x00,
  0x00, 0x00, 0x00, 0x00, 0x00, 0x00, 0x00, 0x00, 0x00, 0x00, 0x00, 0x00,
  0x42, 0x42, 0x42, 0xc9, 0xc9, 0xc9, 0xff, 0xff, 0xff, 0xff, 0xff, 0xff,
  0xff, 0xff, 0xff, 0xff, 0xff, 0xff, 0xff, 0xff, 0xff, 0xff, 0xff, 0xff,
  0xff, 0xff, 0xff, 0xff, 0xff, 0xff, 0xff, 0xff, 0xff, 0xff, 0xff, 0xff,
  0xff, 0xff, 0xff, 0xff, 0xff, 0xff, 0xff, 0xff, 0xff, 0xff, 0xff, 0xff,
  0xff, 0xff, 0xff, 0xff, 0xff, 0xff, 0xff, 0xff, 0xff, 0xff, 0xff, 0xff,
  0xff, 0xff, 0xff, 0xff, 0xff, 0xff, 0xff, 0xff, 0xff, 0xff, 0xff, 0xff,
  0xff, 0xff, 0xff, 0xff, 0xff, 0xff, 0xff, 0xff, 0xff, 0xff, 0xff, 0xff,
  0xff, 0xff, 0xff, 0xff, 0xff, 0xff, 0xff, 0xff, 0xff, 0xff, 0xff, 0xff,
  0xff, 0xff, 0xff, 0xff, 0xff, 0xff, 0xff, 0xff, 0xff, 0xff, 0xff, 0xff,
  0xff, 0xff, 0xff, 0xff, 0xff, 0xff, 0xff, 0xff, 0xff, 0xff, 0xff, 0xff,
  0xff, 0xff, 0xff, 0xff, 0xff, 0xff, 0xff, 0xff, 0xff, 0xff, 0xff, 0xff,
  0xff, 0xff, 0xff, 0xff, 0xff, 0xff, 0xff, 0xff, 0xff, 0xff, 0xff, 0xff,
  0xff, 0xff, 0xff, 0xff, 0xff, 0xff, 0xff, 0xff, 0xff, 0xff, 0xff, 0xff,
  0xff, 0xff, 0xff, 0xff, 0xff, 0xff, 0xff, 0xff, 0xff, 0xff, 0xff, 0xff,
  0xff, 0xff, 0xff, 0xff, 0xff, 0xff, 0xff, 0xff, 0xff, 0xff, 0xff, 0xff,
  0xff, 0xff, 0xff, 0xff, 0xff, 0xff, 0xff, 0xff, 0xff, 0xff, 0xff, 0xff,
  0xff, 0xff, 0xff, 0xff, 0xff, 0xff, 0xff, 0xff, 0xff, 0xff, 0xff, 0xff,
  0xff, 0xff, 0xff, 0xff, 0xff, 0xff, 0xff, 0xff, 0xff, 0xff, 0xff, 0xff,
  0xff, 0xff, 0xff, 0xff, 0xff, 0xff, 0xff, 0xff, 0xff, 0xff, 0xff, 0xff,
  0xff, 0xff, 0xff, 0xff, 0xff, 0xff, 0xff, 0xff, 0xff, 0xff, 0xff, 0xff,
  0xff, 0xff, 0xff, 0xff, 0xff, 0xff, 0xff, 0xff, 0xff, 0xff, 0xff, 0xff,
  0xff, 0xff, 0xff, 0xff, 0xff, 0xff, 0xff, 0xff, 0xff, 0xff, 0xff, 0xff,
  0xff, 0xff, 0xff, 0xff, 0xff, 0xff, 0xc9, 0xc9, 0xc9, 0x42, 0x42, 0x42,
  0x00, 0x00, 0x00, 0x00, 0x00, 0x00, 0x00, 0x00, 0x00, 0x00, 0x00, 0x00,
  0x00, 0x00, 0x00, 0x00, 0x00, 0x00, 0x00, 0x00, 0x00, 0x00, 0x00, 0x00,
  0x00, 0x00, 0x00, 0x00, 0x00, 0x00, 0x00, 0x00, 0x00, 0x00, 0x00, 0x00,
  0x00, 0x00, 0x00, 0x00, 0x00, 0x00, 0x00, 0x00, 0x00, 0x00, 0x00, 0x00,
  0x00, 0x00, 0x00, 0x00, 0x00, 0x00, 0x00, 0x00, 0x00, 0x00, 0x00, 0x00,
  0x00, 0x00, 0x00, 0x00, 0x00, 0x00, 0x00, 0x00, 0x00, 0x00, 0x00, 0x00,
  0x00, 0x00, 0x00, 0x00, 0x00, 0x00, 0x00, 0x00, 0x00, 0x00, 0x00, 0x00,
  0x00, 0x00, 0x00, 0x00, 0x00, 0x00, 0x00, 0x00, 0x00, 0x00, 0x00, 0x00,
  0x00, 0x00, 0x00, 0x00, 0x00, 0x00, 0x10, 0x10, 0x10, 0x9d, 0x9d, 0x9d,
  0xff, 0xff, 0xff, 0xff, 0xff, 0xff, 0xff, 0xff, 0xff, 0xff, 0xff, 0xff,
  0xff, 0xff, 0xff, 0xff, 0xff, 0xff, 0xff, 0xff, 0xff, 0xff, 0xff, 0xff,
  0xff, 0xff, 0xff, 0xff, 0xff, 0xff, 0xff, 0xff, 0xff, 0xff, 0xff, 0xff,
  0xff, 0xff, 0xff, 0xff, 0xff, 0xff, 0xff, 0xff, 0xff, 0xff, 0xff, 0xff,
  0xff, 0xff, 0xff, 0xff, 0xff, 0xff, 0xff, 0xff, 0xff, 0xff, 0xff, 0xff,
  0xff, 0xff, 0xff, 0xff, 0xff, 0xff, 0xff, 0xff, 0xff, 0xff, 0xff, 0xff,
  0xff, 0xff, 0xff, 0xff, 0xff, 0xff, 0xff, 0xff, 0xff, 0xff, 0xff, 0xff,
  0xff, 0xff, 0xff, 0xff, 0xff, 0xff, 0xff, 0xff, 0xff, 0xff, 0xff, 0xff,
  0xff, 0xff, 0xff, 0xff, 0xff, 0xff, 0xff, 0xff, 0xff, 0xff, 0xff, 0xff,
  0xff, 0xff, 0xff, 0xff, 0xff, 0xff, 0xff, 0xff, 0xff, 0xff, 0xff, 0xff,
  0xff, 0xff, 0xff, 0xff, 0xff, 0xff, 0xff, 0xff, 0xff, 0xff, 0xff, 0xff,
  0xff, 0xff, 0xff, 0xff, 0xff, 0xff, 0xff, 0xff, 0xff, 0xff, 0xff, 0xff,
  0xff, 0xff, 0xff, 0xff, 0xff, 0xff, 0xff, 0xff, 0xff, 0xff, 0xff, 0xff,
  0xff, 0xff, 0xff, 0xff, 0xff, 0xff, 0xff, 0xff, 0xff, 0xff, 0xff, 0xff,
  0xff, 0xff, 0xff, 0xff, 0xff, 0xff, 0xff, 0xff, 0xff, 0xff, 0xff, 0xff,
  0xff, 0xff, 0xff, 0xff, 0xff, 0xff, 0xff, 0xff, 0xff, 0xff, 0xff, 0xff,
  0xff, 0xff, 0xff, 0xff, 0xff, 0xff, 0xff, 0xff, 0xff, 0xff, 0xff, 0xff,
  0xff, 0xff, 0xff, 0xff, 0xff, 0xff, 0xff, 0xff, 0xff, 0xff, 0xff, 0xff,
  0xff, 0xff, 0xff, 0xff, 0xff, 0xff, 0xff, 0xff, 0xff, 0xff, 0xff, 0xff,
  0xff, 0xff, 0xff, 0xff, 0xff, 0xff, 0xff, 0xff, 0xff, 0xff, 0xff, 0xff,
  0xff, 0xff, 0xff, 0xff, 0xff, 0xff, 0xff, 0xff, 0xff, 0xff, 0xff, 0xff,
  0xff, 0xff, 0xff, 0xff, 0xff, 0xff, 0xff, 0xff, 0xff, 0xff, 0xff, 0xff,
  0xff, 0xff, 0xff, 0xff, 0xff, 0xff, 0xff, 0xff, 0xff, 0xff, 0xff, 0xff,
  0x9d, 0x9d, 0x9d, 0x10, 0x10, 0x10, 0x00, 0x00, 0x00, 0x00, 0x00, 0x00,
  0x00, 0x00, 0x00, 0x00, 0x00, 0x00, 0x00, 0x00, 0x00, 0x00, 0x00, 0x00,
  0x00, 0x00, 0x00, 0x00, 0x00, 0x00, 0x00, 0x00, 0x00, 0x00, 0x00, 0x00,
  0x00, 0x00, 0x00, 0x00, 0x00, 0x00, 0x00, 0x00, 0x00, 0x00, 0x00, 0x00,
  0x00, 0x00, 0x00, 0x00, 0x00, 0x00, 0x00, 0x00, 0x00, 0x00, 0x00, 0x00,
  0x00, 0x00, 0x00, 0x00, 0x00, 0x00, 0x00, 0x00, 0x00, 0x00, 0x00, 0x00,
  0x00, 0x00, 0x00, 0x00, 0x00, 0x00, 0x00, 0x00, 0x00, 0x00, 0x00, 0x00,
  0x00, 0x00, 0x00, 0x00, 0x00, 0x00, 0x00, 0x00, 0x00, 0x00, 0x00, 0x00,
  0x00, 0x00, 0x00, 0x3a, 0x3a, 0x3a, 0xdc, 0xdc, 0xdc, 0xff, 0xff, 0xff,
  0xff, 0xff, 0xff, 0xff, 0xff, 0xff, 0xff, 0xff, 0xff, 0xff, 0xff, 0xff,
  0xff, 0xff, 0xff, 0xff, 0xff, 0xff, 0xff, 0xff, 0xff, 0xff, 0xff, 0xff,
  0xff, 0xff, 0xff, 0xff, 0xff, 0xff, 0xff, 0xff, 0xff, 0xff, 0xff, 0xff,
  0xff, 0xff, 0xff, 0xff, 0xff, 0xff, 0xff, 0xff, 0xff, 0xff, 0xff, 0xff,
  0xff, 0xff, 0xff, 0xff, 0xff, 0xff, 0xff, 0xff, 0xff, 0xff, 0xff, 0xff,
  0xff, 0xff, 0xff, 0xff, 0xff, 0xff, 0xff, 0xff, 0xff, 0xff, 0xff, 0xff,
  0xff, 0xff, 0xff, 0xff, 0xff, 0xff, 0xff, 0xff, 0xff, 0xff, 0xff, 0xff,
  0xff, 0xff, 0xff, 0xff, 0xff, 0xff, 0xff, 0xff, 0xff, 0xff, 0xff, 0xff,
  0xff, 0xff, 0xff, 0xff, 0xff, 0xff, 0xff, 0xff, 0xff, 0xff, 0xff, 0xff,
  0xff, 0xff, 0xff, 0xff, 0xff, 0xff, 0xff, 0xff, 0xff, 0xff, 0xff, 0xff,
  0xff, 0xff, 0xff, 0xff, 0xff, 0xff, 0xff, 0xff, 0xff, 0xff, 0xff, 0xff,
  0xff, 0xff, 0xff, 0xff, 0xff, 0xff, 0xff, 0xff, 0xff, 0xff, 0xff, 0xff,
  0xff, 0xff, 0xff, 0xff, 0xff, 0xff, 0xff, 0xff, 0xff, 0xff, 0xff, 0xff,
  0xff, 0xff, 0xff, 0xff, 0xff, 0xff, 0xff, 0xff, 0xff, 0xff, 0xff, 0xff,
  0xff, 0xff, 0xff, 0xff, 0xff, 0xff, 0xff, 0xff, 0xff, 0xff, 0xff, 0xff,
  0xff, 0xff, 0xff, 0xff, 0xff, 0xff, 0xff, 0xff, 0xff, 0xff, 0xff, 0xff,
  0xff, 0xff, 0xff, 0xff, 0xff, 0xff, 0xff, 0xff, 0xff, 0xff, 0xff, 0xff,
  0xff, 0xff, 0xff, 0xff, 0xff, 0xff, 0xff, 0xff, 0xff, 0xff, 0xff, 0xff,
  0xff, 0xff, 0xff, 0xff, 0xff, 0xff, 0xff, 0xff, 0xff, 0xff, 0xff, 0xff,
  0xff, 0xff, 0xff, 0xff, 0xff, 0xff, 0xff, 0xff, 0xff, 0xff, 0xff, 0xff,
  0xff, 0xff, 0xff, 0xff, 0xff, 0xff, 0xff, 0xff, 0xff, 0xff, 0xff, 0xff,
  0xff, 0xff, 0xff, 0xff, 0xff, 0xff, 0xff, 0xff, 0xff, 0xff, 0xff, 0xff,
  0xff, 0xff, 0xff, 0xff, 0xff, 0xff, 0xff, 0xff, 0xff, 0xff, 0xff, 0xff,
  0xff, 0xff, 0xff, 0xdc, 0xdc, 0xdc, 0x3a, 0x3a, 0x3a, 0x00, 0x00, 0x00,
  0x00, 0x00, 0x00, 0x00, 0x00, 0x00, 0x00, 0x00, 0x00, 0x00, 0x00, 0x00,
  0x00, 0x00, 0x00, 0x00, 0x00, 0x00, 0x00, 0x00, 0x00, 0x00, 0x00, 0x00,
  0x00, 0x00, 0x00, 0x00, 0x00, 0x00, 0x00, 0x00, 0x00, 0x00, 0x00, 0x00,
  0x00, 0x00, 0x00, 0x00, 0x00, 0x00, 0x00, 0x00, 0x00, 0x00, 0x00, 0x00,
  0x00, 0x00, 0x00, 0x00, 0x00, 0x00, 0x00, 0x00, 0x00, 0x00, 0x00, 0x00,
  0x00, 0x00, 0x00, 0x00, 0x00, 0x00, 0x00, 0x00, 0x00, 0x00, 0x00, 0x00,
  0x00, 0x00, 0x00, 0x00, 0x00, 0x00, 0x00, 0x00, 0x00, 0x00, 0x00, 0x00,
  0x63, 0x63, 0x63, 0xfc, 0xfc, 0xfc, 0xff, 0xff, 0xff, 0xff, 0xff, 0xff,
  0xff, 0xff, 0xff, 0xff, 0xff, 0xff, 0xff, 0xff, 0xff, 0xff, 0xff, 0xff,
  0xff, 0xff, 0xff, 0xff, 0xff, 0xff, 0xff, 0xff, 0xff, 0xff, 0xff, 0xff,
  0xff, 0xff, 0xff, 0xff, 0xff, 0xff, 0xff, 0xff, 0xff, 0xff, 0xff, 0xff,
  0xff, 0xff, 0xff, 0xff, 0xff, 0xff, 0xff, 0xff, 0xff, 0xff, 0xff, 0xff,
  0xff, 0xff, 0xff, 0xff, 0xff, 0xff, 0xff, 0xff, 0xff, 0xff, 0xff, 0xff,
  0xff, 0xff, 0xff, 0xff, 0xff, 0xff, 0xff, 0xff, 0xff, 0xff, 0xff, 0xff,
  0xff, 0xff, 0xff, 0xff, 0xff, 0xff, 0xff, 0xff, 0xff, 0xff, 0xff, 0xff,
  0xff, 0xff, 0xff, 0xff, 0xff, 0xff, 0xff, 0xff, 0xff, 0xff, 0xff, 0xff,
  0xff, 0xff, 0xff, 0xff, 0xff, 0xff, 0xff, 0xff, 0xff, 0xff, 0xff, 0xff,
  0xff, 0xff, 0xff, 0xff, 0xff, 0xff, 0xff, 0xff, 0xff, 0xff, 0xff, 0xff,
  0xff, 0xff, 0xff, 0xff, 0xff, 0xff, 0xff, 0xff, 0xff, 0xff, 0xff, 0xff,
  0xff, 0xff, 0xff, 0xff, 0xff, 0xff, 0xff, 0xff, 0xff, 0xff, 0xff, 0xff,
  0xff, 0xff, 0xff, 0xff, 0xff, 0xff, 0xff, 0xff, 0xff, 0xff, 0xff, 0xff,
  0xff, 0xff, 0xff, 0xff, 0xff, 0xff, 0xff, 0xff, 0xff, 0xff, 0xff, 0xff,
  0xff, 0xff, 0xff, 0xff, 0xff, 0xff, 0xff, 0xff, 0xff, 0xff, 0xff, 0xff,
  0xff, 0xff, 0xff, 0xff, 0xff, 0xff, 0xff, 0xff, 0xff, 0xff, 0xff, 0xff,
  0xff, 0xff, 0xff, 0xff, 0xff, 0xff, 0xff, 0xff, 0xff, 0xff, 0xff, 0xff,
  0xff, 0xff, 0xff, 0xff, 0xff, 0xff, 0xff, 0xff, 0xff, 0xff, 0xff, 0xff,
  0xff, 0xff, 0xff, 0xff, 0xff, 0xff, 0xff, 0xff, 0xff, 0xff, 0xff, 0xff,
  0xff, 0xff, 0xff, 0xff, 0xff, 0xff, 0xff, 0xff, 0xff, 0xff, 0xff, 0xff,
  0xff, 0xff, 0xff, 0xff, 0xff, 0xff, 0xff, 0xff, 0xff, 0xff, 0xff, 0xff,
  0xff, 0xff, 0xff, 0xff, 0xff, 0xff, 0xff, 0xff, 0xff, 0xff, 0xff, 0xff,
  0xff, 0xff, 0xff, 0xff, 0xff, 0xff, 0xff, 0xff, 0xff, 0xff, 0xff, 0xff,
  0xff, 0xff, 0xff, 0xff, 0xff, 0xff, 0xfc, 0xfc, 0xfc, 0x63, 0x63, 0x63,
  0x00, 0x00, 0x00, 0x00, 0x00, 0x00, 0x00, 0x00, 0x00, 0x00, 0x00, 0x00,
  0x00, 0x00, 0x00, 0x00, 0x00, 0x00, 0x00, 0x00, 0x00, 0x00, 0x00, 0x00,
  0x00, 0x00, 0x00, 0x00, 0x00, 0x00, 0x00, 0x00, 0x00, 0x00, 0x00, 0x00,
  0x00, 0x00, 0x00, 0x00, 0x00, 0x00, 0x00, 0x00, 0x00, 0x00, 0x00, 0x00,
  0x00, 0x00, 0x00, 0x00, 0x00, 0x00, 0x00, 0x00, 0x00, 0x00, 0x00, 0x00,
  0x00, 0x00, 0x00, 0x00, 0x00, 0x00, 0x00, 0x00, 0x00, 0x00, 0x00, 0x00,
  0x00, 0x00, 0x00, 0x00, 0x00, 0x00, 0x00, 0x00, 0x00, 0x72, 0x72, 0x72,
  0xff, 0xff, 0xff, 0xff, 0xff, 0xff, 0xff, 0xff, 0xff, 0xff, 0xff, 0xff,
  0xff, 0xff, 0xff, 0xff, 0xff, 0xff, 0xff, 0xff, 0xff, 0xff, 0xff, 0xff,
  0xff, 0xff, 0xff, 0xff, 0xff, 0xff, 0xff, 0xff, 0xff, 0xff, 0xff, 0xff,
  0xff, 0xff, 0xff, 0xff, 0xff, 0xff, 0xff, 0xff, 0xff, 0xff, 0xff, 0xff,
  0xff, 0xff, 0xff, 0xff, 0xff, 0xff, 0xff, 0xff, 0xff, 0xff, 0xff, 0xff,
  0xff, 0xff, 0xff, 0xff, 0xff, 0xff, 0xff, 0xff, 0xff, 0xff, 0xff, 0xff,
  0xff, 0xff, 0xff, 0xff, 0xff, 0xff, 0xff, 0xff, 0xff, 0xff, 0xff, 0xff,
  0xff, 0xff, 0xff, 0xff, 0xff, 0xff, 0xff, 0xff, 0xff, 0xff, 0xff, 0xff,
  0xff, 0xff, 0xff, 0xff, 0xff, 0xff, 0xff, 0xff, 0xff, 0xff, 0xff, 0xff,
  0xff, 0xff, 0xff, 0xff, 0xff, 0xff, 0xff, 0xff, 0xff, 0xff, 0xff, 0xff,
  0xff, 0xff, 0xff, 0xff, 0xff, 0xff, 0xff, 0xff, 0xff, 0xff, 0xff, 0xff,
  0xff, 0xff, 0xff, 0xff, 0xff, 0xff, 0xff, 0xff, 0xff, 0xff, 0xff, 0xff,
  0xff, 0xff, 0xff, 0xff, 0xff, 0xff, 0xff, 0xff, 0xff, 0xff, 0xff, 0xff,
  0xff, 0xff, 0xff, 0xff, 0xff, 0xff, 0xff, 0xff, 0xff, 0xff, 0xff, 0xff,
  0xff, 0xff, 0xff, 0xff, 0xff, 0xff, 0xff, 0xff, 0xff, 0xff, 0xff, 0xff,
  0xff, 0xff, 0xff, 0xff, 0xff, 0xff, 0xff, 0xff, 0xff, 0xff, 0xff, 0xff,
  0xff, 0xff, 0xff, 0xff, 0xff, 0xff, 0xff, 0xff, 0xff, 0xff, 0xff, 0xff,
  0xff, 0xff, 0xff, 0xff, 0xff, 0xff, 0xff, 0xff, 0xff, 0xff, 0xff, 0xff,
  0xff, 0xff, 0xff, 0xff, 0xff, 0xff, 0xff, 0xff, 0xff, 0xff, 0xff, 0xff,
  0xff, 0xff, 0xff, 0xff, 0xff, 0xff, 0xff, 0xff, 0xff, 0xff, 0xff, 0xff,
  0xff, 0xff, 0xff, 0xff, 0xff, 0xff, 0xff, 0xff, 0xff, 0xff, 0xff, 0xff,
  0xff, 0xff, 0xff, 0xff, 0xff, 0xff, 0xff, 0xff, 0xff, 0xff, 0xff, 0xff,
  0xff, 0xff, 0xff, 0xff, 0xff, 0xff, 0xff, 0xff, 0xff, 0xff, 0xff, 0xff,
  0xff, 0xff, 0xff, 0xff, 0xff, 0xff, 0xff, 0xff, 0xff, 0xff, 0xff, 0xff,
  0xff, 0xff, 0xff, 0xff, 0xff, 0xff, 0xff, 0xff, 0xff, 0xff, 0xff, 0xff,
  0x72, 0x72, 0x72, 0x00, 0x00, 0x00, 0x00, 0x00, 0x00, 0x00, 0x00, 0x00,
  0x00, 0x00, 0x00, 0x00, 0x00, 0x00, 0x00, 0x00, 0x00, 0x00, 0x00, 0x00,
  0x00, 0x00, 0x00, 0x00, 0x00, 0x00, 0x00, 0x00, 0x00, 0x00, 0x00, 0x00,
  0x00, 0x00, 0x00, 0x00, 0x00, 0x00, 0x00, 0x00, 0x00, 0x00, 0x00, 0x00,
  0x00, 0x00, 0x00, 0x00, 0x00, 0x00, 0x00, 0x00, 0x00, 0x00, 0x00, 0x00,
  0x00, 0x00, 0x00, 0x00, 0x00, 0x00, 0x00, 0x00, 0x00, 0x00, 0x00, 0x00,
  0x00, 0x00, 0x00, 0x00, 0x00, 0x00, 0x72, 0x72, 0x72, 0xff, 0xff, 0xff,
  0xff, 0xff, 0xff, 0xff, 0xff, 0xff, 0xff, 0xff, 0xff, 0xff, 0xff, 0xff,
  0xff, 0xff, 0xff, 0xff, 0xff, 0xff, 0xff, 0xff, 0xff, 0xff, 0xff, 0xff,
  0xff, 0xff, 0xff, 0xff, 0xff, 0xff, 0xff, 0xff, 0xff, 0xff, 0xff, 0xff,
  0xff, 0xff, 0xff, 0xff, 0xff, 0xff, 0xff, 0xff, 0xff, 0xff, 0xff, 0xff,
  0xff, 0xff, 0xff, 0xff, 0xff, 0xff, 0xff, 0xff, 0xff, 0xff, 0xff, 0xff,
  0xff, 0xff, 0xff, 0xff, 0xff, 0xff, 0xff, 0xff, 0xff, 0xff, 0xff, 0xff,
  0xff, 0xff, 0xff, 0xff, 0xff, 0xff, 0xff, 0xff, 0xff, 0xff, 0xff, 0xff,
  0xff, 0xff, 0xff, 0xff, 0xff, 0xff, 0xff, 0xff, 0xff, 0xff, 0xff, 0xff,
  0xff, 0xff, 0xff, 0xff, 0xff, 0xff, 0xff, 0xff, 0xff, 0xff, 0xff, 0xff,
  0xff, 0xff, 0xff, 0xff, 0xff, 0xff, 0xff, 0xff, 0xff, 0xff, 0xff, 0xff,
  0xff, 0xff, 0xff, 0xff, 0xff, 0xff, 0xff, 0xff, 0xff, 0xff, 0xff, 0xff,
  0xff, 0xff, 0xff, 0xff, 0xff, 0xff, 0xff, 0xff, 0xff, 0xff, 0xff, 0xff,
  0xff, 0xff, 0xff, 0xff, 0xff, 0xff, 0xff, 0xff, 0xff, 0xff, 0xff, 0xff,
  0xff, 0xff, 0xff, 0xff, 0xff, 0xff, 0xff, 0xff, 0xff, 0xff, 0xff, 0xff,
  0xff, 0xff, 0xff, 0xff, 0xff, 0xff, 0xff, 0xff, 0xff, 0xff, 0xff, 0xff,
  0xff, 0xff, 0xff, 0xff, 0xff, 0xff, 0xff, 0xff, 0xff, 0xff, 0xff, 0xff,
  0xff, 0xff, 0xff, 0xff, 0xff, 0xff, 0xff, 0xff, 0xff, 0xff, 0xff, 0xff,
  0xff, 0xff, 0xff, 0xff, 0xff, 0xff, 0xff, 0xff, 0xff, 0xff, 0xff, 0xff,
  0xff, 0xff, 0xff, 0xff, 0xff, 0xff, 0xff, 0xff, 0xff, 0xff, 0xff, 0xff,
  0xff, 0xff, 0xff, 0xff, 0xff, 0xff, 0xff, 0xff, 0xff, 0xff, 0xff, 0xff,
  0xff, 0xff, 0xff, 0xff, 0xff, 0xff, 0xff, 0xff, 0xff, 0xff, 0xff, 0xff,
  0xff, 0xff, 0xff, 0xff, 0xff, 0xff, 0xff, 0xff, 0xff, 0xff, 0xff, 0xff,
  0xff, 0xff, 0xff, 0xff, 0xff, 0xff, 0xff, 0xff, 0xff, 0xff, 0xff, 0xff,
  0xff, 0xff, 0xff, 0xff, 0xff, 0xff, 0xff, 0xff, 0xff, 0xff, 0xff, 0xff,
  0xff, 0xff, 0xff, 0xff, 0xff, 0xff, 0xff, 0xff, 0xff, 0xff, 0xff, 0xff,
  0xff, 0xff, 0xff, 0x72, 0x72, 0x72, 0x00, 0x00, 0x00, 0x00, 0x00, 0x00,
  0x00, 0x00, 0x00, 0x00, 0x00, 0x00, 0x00, 0x00, 0x00, 0x00, 0x00, 0x00,
  0x00, 0x00, 0x00, 0x00, 0x00, 0x00, 0x00, 0x00, 0x00, 0x00, 0x00, 0x00,
  0x00, 0x00, 0x00, 0x00, 0x00, 0x00, 0x00, 0x00, 0x00, 0x00, 0x00, 0x00,
  0x00, 0x00, 0x00, 0x00, 0x00, 0x00, 0x00, 0x00, 0x00, 0x00, 0x00, 0x00,
  0x00, 0x00, 0x00, 0x00, 0x00, 0x00, 0x00, 0x00, 0x00, 0x00, 0x00, 0x00,
  0x00, 0x00, 0x00, 0x63, 0x63, 0x63, 0xff, 0xff, 0xff, 0xff, 0xff, 0xff,
  0xff, 0xff, 0xff, 0xff, 0xff, 0xff, 0xff, 0xff, 0xff, 0xff, 0xff, 0xff,
  0xff, 0xff, 0xff, 0xff, 0xff, 0xff, 0xff, 0xff, 0xff, 0xff, 0xff, 0xff,
  0xff, 0xff, 0xff, 0xff, 0xff, 0xff, 0xff, 0xff, 0xff, 0xff, 0xff, 0xff,
  0xff, 0xff, 0xff, 0xff, 0xff, 0xff, 0xff, 0xff, 0xff, 0xff, 0xff, 0xff,
  0xff, 0xff, 0xff, 0xff, 0xff, 0xff, 0xff, 0xff, 0xff, 0xff, 0xff, 0xff,
  0xff, 0xff, 0xff, 0xff, 0xff, 0xff, 0xff, 0xff, 0xff, 0xff, 0xff, 0xff,
  0xff, 0xff, 0xff, 0xff, 0xff, 0xff, 0xff, 0xff, 0xff, 0xff, 0xff, 0xff,
  0xff, 0xff, 0xff, 0xff, 0xff, 0xff, 0xff, 0xff, 0xff, 0xff, 0xff, 0xff,
  0xff, 0xff, 0xff, 0xff, 0xff, 0xff, 0xff, 0xff, 0xff, 0xff, 0xff, 0xff,
  0xff, 0xff, 0xff, 0xff, 0xff, 0xff, 0xff, 0xff, 0xff, 0xff, 0xff, 0xff,
  0xff, 0xff, 0xff, 0xff, 0xff, 0xff, 0xff, 0xff, 0xff, 0xff, 0xff, 0xff,
  0xff, 0xff, 0xff, 0xff, 0xff, 0xff, 0xff, 0xff, 0xff, 0xff, 0xff, 0xff,
  0xff, 0xff, 0xff, 0xff, 0xff, 0xff, 0xff, 0xff, 0xff, 0xff, 0xff, 0xff,
  0xff, 0xff, 0xff, 0xff, 0xff, 0xff, 0xff, 0xff, 0xff, 0xff, 0xff, 0xff,
  0xff, 0xff, 0xff, 0xff, 0xff, 0xff, 0xff, 0xff, 0xff, 0xff, 0xff, 0xff,
  0xff, 0xff, 0xff, 0xff, 0xff, 0xff, 0xff, 0xff, 0xff, 0xff, 0xff, 0xff,
  0xff, 0xff, 0xff, 0xff, 0xff, 0xff, 0xff, 0xff, 0xff, 0xff, 0xff, 0xff,
  0xff, 0xff, 0xff, 0xff, 0xff, 0xff, 0xff, 0xff, 0xff, 0xff, 0xff, 0xff,
  0xff, 0xff, 0xff, 0xff, 0xff, 0xff, 0xff, 0xff, 0xff, 0xff, 0xff, 0xff,
  0xff, 0xff, 0xff, 0xff, 0xff, 0xff, 0xff, 0xff, 0xff, 0xff, 0xff, 0xff,
  0xff, 0xff, 0xff, 0xff, 0xff, 0xff, 0xff, 0xff, 0xff, 0xff, 0xff, 0xff,
  0xff, 0xff, 0xff, 0xff, 0xff, 0xff, 0xff, 0xff, 0xff, 0xff, 0xff, 0xff,
  0xff, 0xff, 0xff, 0xff, 0xff, 0xff, 0xff, 0xff, 0xff, 0xff, 0xff, 0xff,
  0xff, 0xff, 0xff, 0xff, 0xff, 0xff, 0xff, 0xff, 0xff, 0xff, 0xff, 0xff,
  0xff, 0xff, 0xff, 0xff, 0xff, 0xff, 0xff, 0xff, 0xff, 0xff, 0xff, 0xff,
  0xff, 0xff, 0xff, 0xff, 0xff, 0xff, 0x63, 0x63, 0x63, 0x00, 0x00, 0x00,
  0x00, 0x00, 0x00, 0x00, 0x00, 0x00, 0x00, 0x00, 0x00, 0x00, 0x00, 0x00,
  0x00, 0x00, 0x00, 0x00, 0x00, 0x00, 0x00, 0x00, 0x00, 0x00, 0x00, 0x00,
  0x00, 0x00, 0x00, 0x00, 0x00, 0x00, 0x00, 0x00, 0x00, 0x00, 0x00, 0x00,
  0x00, 0x00, 0x00, 0x00, 0x00, 0x00, 0x00, 0x00, 0x00, 0x00, 0x00, 0x00,
  0x00, 0x00, 0x00, 0x00, 0x00, 0x00, 0x00, 0x00, 0x00, 0x00, 0x00, 0x00,
  0x3a, 0x3a, 0x3a, 0xfc, 0xfc, 0xfc, 0xff, 0xff, 0xff, 0xff, 0xff, 0xff,
  0xff, 0xff, 0xff, 0xff, 0xff, 0xff, 0xfe, 0xfe, 0xfe, 0xff, 0xff, 0xff,
  0xfe, 0xfe, 0xfe, 0xfe, 0xfe, 0xfe, 0xfe, 0xfe, 0xfe, 0xfe, 0xfe, 0xfe,
  0xfe, 0xfe, 0xfe, 0xfe, 0xfe, 0xfe, 0xfe, 0xfe, 0xfe, 0xfe, 0xfe, 0xfe,
  0xfe, 0xfe, 0xfe, 0xfe, 0xfe, 0xfe, 0xfe, 0xfe, 0xfe, 0xfe, 0xfe, 0xfe,
  0xfe, 0xfe, 0xfe, 0xfe, 0xfe, 0xfe, 0xfe, 0xfe, 0xfe, 0xfe, 0xfe, 0xfe,
  0xfe, 0xfe, 0xfe, 0xfe, 0xfe, 0xfe, 0xfe, 0xfe, 0xfe, 0xfe, 0xfe, 0xfe,
  0xfe, 0xfe, 0xfe, 0xfe, 0xfe, 0xfe, 0xff, 0xff, 0xff, 0xff, 0xff, 0xff,
  0xff, 0xff, 0xff, 0xff, 0xff, 0xff, 0xff, 0xff, 0xff, 0xff, 0xff, 0xff,
  0xff, 0xff, 0xff, 0xff, 0xff, 0xff, 0xff, 0xff, 0xff, 0xff, 0xff, 0xff,
  0xff, 0xff, 0xff, 0xff, 0xff, 0xff, 0xff, 0xff, 0xff, 0xff, 0xff, 0xff,
  0xff, 0xff, 0xff, 0xff, 0xff, 0xff, 0xff, 0xff, 0xff, 0xff, 0xff, 0xff,
  0xff, 0xff, 0xff, 0xff, 0xff, 0xff, 0xff, 0xff, 0xff, 0xff, 0xff, 0xff,
  0xff, 0xff, 0xff, 0xff, 0xff, 0xff, 0xff, 0xff, 0xff, 0xff, 0xff, 0xff,
  0xff, 0xff, 0xff, 0xff, 0xff, 0xff, 0xff, 0xff, 0xff, 0xff, 0xff, 0xff,
  0xff, 0xff, 0xff, 0xff, 0xff, 0xff, 0xff, 0xff, 0xff, 0xff, 0xff, 0xff,
  0xff, 0xff, 0xff, 0xff, 0xff, 0xff, 0xff, 0xff, 0xff, 0xff, 0xff, 0xff,
  0xff, 0xff, 0xff, 0xff, 0xff, 0xff, 0xff, 0xff, 0xff, 0xff, 0xff, 0xff,
  0xff, 0xff, 0xff, 0xff, 0xff, 0xff, 0xff, 0xff, 0xff, 0xff, 0xff, 0xff,
  0xff, 0xff, 0xff, 0xff, 0xff, 0xff, 0xfe, 0xfe, 0xfe, 0xfe, 0xfe, 0xfe,
  0xfe, 0xfe, 0xfe, 0xfe, 0xfe, 0xfe, 0xfe, 0xfe, 0xfe, 0xfe, 0xfe, 0xfe,
  0xfe, 0xfe, 0xfe, 0xfe, 0xfe, 0xfe, 0xfe, 0xfe, 0xfe, 0xfe, 0xfe, 0xfe,
  0xfe, 0xfe, 0xfe, 0xfe, 0xfe, 0xfe, 0xfe, 0xfe, 0xfe, 0xfe, 0xfe, 0xfe,
  0xfe, 0xfe, 0xfe, 0xfe, 0xfe, 0xfe, 0xfe, 0xfe, 0xfe, 0xfe, 0xfe, 0xfe,
  0xfe, 0xfe, 0xfe, 0xfe, 0xfe, 0xfe, 0xfe, 0xfe, 0xfe, 0xfe, 0xfe, 0xfe,
  0xff, 0xff, 0xff, 0xfe, 0xfe, 0xfe, 0xff, 0xff, 0xff, 0xff, 0xff, 0xff,
  0xff, 0xff, 0xff, 0xff, 0xff, 0xff, 0xfc, 0xfc, 0xfc, 0x3a, 0x3a, 0x3a,
  0x00, 0x00, 0x00, 0x00, 0x00, 0x00, 0x00, 0x00, 0x00, 0x00, 0x00, 0x00,
  0x00, 0x00, 0x00, 0x00, 0x00, 0x00, 0x00, 0x00, 0x00, 0x00, 0x00, 0x00,
  0x00, 0x00, 0x00, 0x00, 0x00, 0x00, 0x00, 0x00, 0x00, 0x00, 0x00, 0x00,
  0x00, 0x00, 0x00, 0x00, 0x00, 0x00, 0x00, 0x00, 0x00, 0x00, 0x00, 0x00,
  0x00, 0x00, 0x00, 0x00, 0x00, 0x00, 0x00, 0x00, 0x00, 0x10, 0x10, 0x10,
  0xdc, 0xdc, 0xdc, 0xff, 0xff, 0xff, 0xff, 0xff, 0xff, 0xff, 0xff, 0xff,
  0xfe, 0xfe, 0xfe, 0xfe, 0xfe, 0xfe, 0xfe, 0xfe, 0xfe, 0xfe, 0xfe, 0xfe,
  0xfe, 0xfe, 0xfe, 0xfe, 0xfe, 0xfe, 0xfe, 0xfe, 0xfe, 0xfe, 0xfe, 0xfe,
  0xfe, 0xfe, 0xfe, 0xfe, 0xfe, 0xfe, 0xfe, 0xfe, 0xfe, 0xfe, 0xfe, 0xfe,
  0xfe, 0xfe, 0xfe, 0xfe, 0xfe, 0xfe, 0xfe, 0xfe, 0xfe, 0xfe, 0xfe, 0xfe,
  0xfe, 0xfe, 0xfe, 0xfe, 0xfe, 0xfe, 0xfe, 0xfe, 0xfe, 0xfe, 0xfe, 0xfe,
  0xfe, 0xfe, 0xfe, 0xfe, 0xfe, 0xfe, 0xfe, 0xfe, 0xfe, 0xfe, 0xfe, 0xfe,
  0xfe, 0xfe, 0xfe, 0xfe, 0xfe, 0xfe, 0xfe, 0xfe, 0xfe, 0xfe, 0xfe, 0xfe,
  0xfe, 0xfe, 0xfe, 0xfe, 0xfe, 0xfe, 0xfe, 0xfe, 0xfe, 0xff, 0xff, 0xff,
  0xff, 0xff, 0xff, 0xff, 0xff, 0xff, 0xff, 0xff, 0xff, 0xff, 0xff, 0xff,
  0xff, 0xff, 0xff, 0xff, 0xff, 0xff, 0xff, 0xff, 0xff, 0xff, 0xff, 0xff,
  0xff, 0xff, 0xff, 0xff, 0xff, 0xff, 0xff, 0xff, 0xff, 0xff, 0xff, 0xff,
  0xff, 0xff, 0xff, 0xff, 0xff, 0xff, 0xff, 0xff, 0xff, 0xff, 0xff, 0xff,
  0xff, 0xff, 0xff, 0xff, 0xff, 0xff, 0xff, 0xff, 0xff, 0xff, 0xff, 0xff,
  0xff, 0xff, 0xff, 0xff, 0xff, 0xff, 0xff, 0xff, 0xff, 0xff, 0xff, 0xff,
  0xff, 0xff, 0xff, 0xff, 0xff, 0xff, 0xff, 0xff, 0xff, 0xff, 0xff, 0xff,
  0xff, 0xff, 0xff, 0xff, 0xff, 0xff, 0xff, 0xff, 0xff, 0xff, 0xff, 0xff,
  0xff, 0xff, 0xff, 0xff, 0xff, 0xff, 0xff, 0xff, 0xff, 0xff, 0xff, 0xff,
  0xff, 0xff, 0xff, 0xfe, 0xfe, 0xfe, 0xfe, 0xfe, 0xfe, 0xfe, 0xfe, 0xfe,
  0xfe, 0xfe, 0xfe, 0xfe, 0xfe, 0xfe, 0xfe, 0xfe, 0xfe, 0xfe, 0xfe, 0xfe,
  0xfe, 0xfe, 0xfe, 0xfe, 0xfe, 0xfe, 0xfe, 0xfe, 0xfe, 0xfe, 0xfe, 0xfe,
  0xfe, 0xfe, 0xfe, 0xfe, 0xfe, 0xfe, 0xfe, 0xfe, 0xfe, 0xfe, 0xfe, 0xfe,
  0xfe, 0xfe, 0xfe, 0xfe, 0xfe, 0xfe, 0xfe, 0xfe, 0xfe, 0xfe, 0xfe, 0xfe,
  0xfe, 0xfe, 0xfe, 0xfe, 0xfe, 0xfe, 0xfe, 0xfe, 0xfe, 0xfe, 0xfe, 0xfe,
  0xfe, 0xfe, 0xfe, 0xfe, 0xfe, 0xfe, 0xfe, 0xfe, 0xfe, 0xfe, 0xfe, 0xfe,
  0xfe, 0xfe, 0xfe, 0xfe, 0xfe, 0xfe, 0xfe, 0xfe, 0xfe, 0xfe, 0xfe, 0xfe,
  0xff, 0xff, 0xff, 0xff, 0xff, 0xff, 0xff, 0xff, 0xff, 0xdc, 0xdc, 0xdc,
  0x10, 0x10, 0x10, 0x00, 0x00, 0x00, 0x00, 0x00, 0x00, 0x00, 0x00, 0x00,
  0x00, 0x00, 0x00, 0x00, 0x00, 0x00, 0x00, 0x00, 0x00, 0x00, 0x00, 0x00,
  0x00, 0x00, 0x00, 0x00, 0x00, 0x00, 0x00, 0x00, 0x00, 0x00, 0x00, 0x00,
  0x00, 0x00, 0x00, 0x00, 0x00, 0x00, 0x00, 0x00, 0x00, 0x00, 0x00, 0x00,
  0x00, 0x00, 0x00, 0x00, 0x00, 0x00, 0x00, 0x00, 0x00, 0x9d, 0x9d, 0x9d,
  0xff, 0xff, 0xff, 0xfe, 0xfe, 0xfe, 0xfe, 0xfe, 0xfe, 0xfe, 0xfe, 0xfe,
  0xfe, 0xfe, 0xfe, 0xfe, 0xfe, 0xfe, 0xfe, 0xfe, 0xfe, 0xfd, 0xfd, 0xfd,
  0xfd, 0xfd, 0xfd, 0xfd, 0xfd, 0xfd, 0xfd, 0xfd, 0xfd, 0xfd, 0xfd, 0xfd,
  0xfc, 0xfc, 0xfc, 0xfd, 0xfd, 0xfd, 0xfd, 0xfd, 0xfd, 0xfd, 0xfd, 0xfd,
  0xfd, 0xfd, 0xfd, 0xfd, 0xfd, 0xfd, 0xfd, 0xfd, 0xfd, 0xfd, 0xfd, 0xfd,
  0xfd, 0xfd, 0xfd, 0xfd, 0xfd, 0xfd, 0xfd, 0xfd, 0xfd, 0xfd, 0xfd, 0xfd,
  0xfd, 0xfd, 0xfd, 0xfc, 0xfc, 0xfc, 0xfd, 0xfd, 0xfd, 0xfd, 0xfd, 0xfd,
  0xfd, 0xfd, 0xfd, 0xfd, 0xfd, 0xfd, 0xfd, 0xfd, 0xfd, 0xfd, 0xfd, 0xfd,
  0xfe, 0xfe, 0xfe, 0xfe, 0xfe, 0xfe, 0xfe, 0xfe, 0xfe, 0xfe, 0xfe, 0xfe,
  0xfe, 0xfe, 0xfe, 0xff, 0xff, 0xff, 0xff, 0xff, 0xff, 0xff, 0xff, 0xff,
  0xff, 0xff, 0xff, 0xff, 0xff, 0xff, 0xff, 0xff, 0xff, 0xff, 0xff, 0xff,
  0xff, 0xff, 0xff, 0xff, 0xff, 0xff, 0xff, 0xff, 0xff, 0xff, 0xff, 0xff,
  0xff, 0xff, 0xff, 0xff, 0xff, 0xff, 0xff, 0xff, 0xff, 0xff, 0xff, 0xff,
  0xff, 0xff, 0xff, 0xff, 0xff, 0xff, 0xff, 0xff, 0xff, 0xff, 0xff, 0xff,
  0xff, 0xff, 0xff, 0xff, 0xff, 0xff, 0xff, 0xff, 0xff, 0xff, 0xff, 0xff,
  0xff, 0xff, 0xff, 0xff, 0xff, 0xff, 0xff, 0xff, 0xff, 0xff, 0xff, 0xff,
  0xff, 0xff, 0xff, 0xff, 0xff, 0xff, 0xff, 0xff, 0xff, 0xff, 0xff, 0xff,
  0xff, 0xff, 0xff, 0xff, 0xff, 0xff, 0xff, 0xff, 0xff, 0xfe, 0xfe, 0xfe,
  0xfe, 0xfe, 0xfe, 0xfe, 0xfe, 0xfe, 0xfe, 0xfe, 0xfe, 0xfe, 0xfe, 0xfe,
  0xfd, 0xfd, 0xfd, 0xfd, 0xfd, 0xfd, 0xfd, 0xfd, 0xfd, 0xfd, 0xfd, 0xfd,
  0xfd, 0xfd, 0xfd, 0xfd, 0xfd, 0xfd, 0xfc, 0xfc, 0xfc, 0xfd, 0xfd, 0xfd,
  0xfd, 0xfd, 0xfd, 0xfd, 0xfd, 0xfd, 0xfd, 0xfd, 0xfd, 0xfd, 0xfd, 0xfd,
  0xfd, 0xfd, 0xfd, 0xfd, 0xfd, 0xfd, 0xfd, 0xfd, 0xfd, 0xfd, 0xfd, 0xfd,
  0xfd, 0xfd, 0xfd, 0xfd, 0xfd, 0xfd, 0xfd, 0xfd, 0xfd, 0xfc, 0xfc, 0xfc,
  0xfd, 0xfd, 0xfd, 0xfd, 0xfd, 0xfd, 0xfd, 0xfd, 0xfd, 0xfd, 0xfd, 0xfd,
  0xfd, 0xfd, 0xfd, 0xfe, 0xfe, 0xfe, 0xfe, 0xfe, 0xfe, 0xfe, 0xfe, 0xfe,
  0xfe, 0xfe, 0xfe, 0xfe, 0xfe, 0xfe, 0xfe, 0xfe, 0xfe, 0xff, 0xff, 0xff,
  0x9d, 0x9d, 0x9d, 0x00, 0x00, 0x00, 0x00, 0x00, 0x00, 0x00, 0x00, 0x00,
  0x00, 0x00, 0x00, 0x00, 0x00, 0x00, 0x00, 0x00, 0x00, 0x00, 0x00, 0x00,
  0x00, 0x00, 0x00, 0x00, 0x00, 0x00, 0x00, 0x00, 0x00, 0x00, 0x00, 0x00,
  0x00, 0x00, 0x00, 0x00, 0x00, 0x00, 0x00, 0x00, 0x00, 0x00, 0x00, 0x00,
  0x00, 0x00, 0x00, 0x00, 0x00, 0x00, 0x42, 0x42, 0x42, 0xff, 0xff, 0xff,
  0xff, 0xff, 0xff, 0xfe, 0xfe, 0xfe, 0xfe, 0xfe, 0xfe, 0xfe, 0xfe, 0xfe,
  0xfd, 0xfd, 0xfd, 0xfd, 0xfd, 0xfd, 0xfc, 0xfc, 0xfc, 0xfc, 0xfc, 0xfc,
  0xfc, 0xfc, 0xfc, 0xfb, 0xfb, 0xfb, 0xfb, 0xfb, 0xfb, 0xfb, 0xfb, 0xfb,
  0xfb, 0xfb, 0xfb, 0xfb, 0xfb, 0xfb, 0xfb, 0xfb, 0xfb, 0xfb, 0xfb, 0xfb,
  0xfb, 0xfb, 0xfb, 0xfb, 0xfb, 0xfb, 0xfb, 0xfb, 0xfb, 0xfb, 0xfb, 0xfb,
  0xfb, 0xfb, 0xfb, 0xfb, 0xfb, 0xfb, 0xfb, 0xfb, 0xfb, 0xfb, 0xfb, 0xfb,
  0xfb, 0xfb, 0xfb, 0xfb, 0xfb, 0xfb, 0xfb, 0xfb, 0xfb, 0xfb, 0xfb, 0xfb,
  0xfb, 0xfb, 0xfb, 0xfb, 0xfb, 0xfb, 0xfc, 0xfc, 0xfc, 0xfc, 0xfc, 0xfc,
  0xfc, 0xfc, 0xfc, 0xfd, 0xfd, 0xfd, 0xfd, 0xfd, 0xfd, 0xfe, 0xfe, 0xfe,
  0xfe, 0xfe, 0xfe, 0xfe, 0xfe, 0xfe, 0xfe, 0xfe, 0xfe, 0xff, 0xff, 0xff,
  0xff, 0xff, 0xff, 0xff, 0xff, 0xff, 0xff, 0xff, 0xff, 0xff, 0xff, 0xff,
  0xff, 0xff, 0xff, 0xff, 0xff, 0xff, 0xff, 0xff, 0xff, 0xff, 0xff, 0xff,
  0xff, 0xff, 0xff, 0xff, 0xff, 0xff, 0xff, 0xff, 0xff, 0xff, 0xff, 0xff,
  0xff, 0xff, 0xff, 0xff, 0xff, 0xff, 0xff, 0xff, 0xff, 0xff, 0xff, 0xff,
  0xff, 0xff, 0xff, 0xff, 0xff, 0xff, 0xff, 0xff, 0xff, 0xff, 0xff, 0xff,
  0xff, 0xff, 0xff, 0xff, 0xff, 0xff, 0xff, 0xff, 0xff, 0xff, 0xff, 0xff,
  0xff, 0xff, 0xff, 0xff, 0xff, 0xff, 0xff, 0xff, 0xff, 0xff, 0xff, 0xff,
  0xff, 0xff, 0xff, 0xfe, 0xfe, 0xfe, 0xfe, 0xfe, 0xfe, 0xfe, 0xfe, 0xfe,
  0xfe, 0xfe, 0xfe, 0xfd, 0xfd, 0xfd, 0xfd, 0xfd, 0xfd, 0xfc, 0xfc, 0xfc,
  0xfc, 0xfc, 0xfc, 0xfc, 0xfc, 0xfc, 0xfb, 0xfb, 0xfb, 0xfb, 0xfb, 0xfb,
  0xfb, 0xfb, 0xfb, 0xfb, 0xfb, 0xfb, 0xfb, 0xfb, 0xfb, 0xfb, 0xfb, 0xfb,
  0xfb, 0xfb, 0xfb, 0xfb, 0xfb, 0xfb, 0xfb, 0xfb, 0xfb, 0xfb, 0xfb, 0xfb,
  0xfb, 0xfb, 0xfb, 0xfb, 0xfb, 0xfb, 0xfb, 0xfb, 0xfb, 0xfb, 0xfb, 0xfb,
  0xfb, 0xfb, 0xfb, 0xfb, 0xfb, 0xfb, 0xfb, 0xfb, 0xfb, 0xfb, 0xfb, 0xfb,
  0xfb, 0xfb, 0xfb, 0xfb, 0xfb, 0xfb, 0xfb, 0xfb, 0xfb, 0xfc, 0xfc, 0xfc,
  0xfc, 0xfc, 0xfc, 0xfc, 0xfc, 0xfc, 0xfd, 0xfd, 0xfd, 0xfd, 0xfd, 0xfd,
  0xfe, 0xfe, 0xfe, 0xfe, 0xfe, 0xfe, 0xfe, 0xfe, 0xfe, 0xff, 0xff, 0xff,
  0xff, 0xff, 0xff, 0x42, 0x42, 0x42, 0x00, 0x00, 0x00, 0x00, 0x00, 0x00,
  0x00, 0x00, 0x00, 0x00, 0x00, 0x00, 0x00, 0x00, 0x00, 0x00, 0x00, 0x00,
  0x00, 0x00, 0x00, 0x00, 0x00, 0x00, 0x00, 0x00, 0x00, 0x00, 0x00, 0x00,
  0x00, 0x00, 0x00, 0x00, 0x00, 0x00, 0x00, 0x00, 0x00, 0x00, 0x00, 0x00,
  0x00, 0x00, 0x00, 0x00, 0x00, 0x00, 0xc9, 0xc9, 0xc9, 0xff, 0xff, 0xff,
  0xfe, 0xfe, 0xfe, 0xfe, 0xfe, 0xfe, 0xfe, 0xfe, 0xfe, 0xfd, 0xfd, 0xfd,
  0xfc, 0xfc, 0xfc, 0xfc, 0xfc, 0xfc, 0xfb, 0xfb, 0xfb, 0xfa, 0xfa, 0xfa,
  0xfa, 0xfa, 0xfa, 0xf9, 0xf9, 0xf9, 0xf9, 0xf9, 0xf9, 0xf9, 0xf9, 0xf9,
  0xf9, 0xf9, 0xf9, 0xf8, 0xf8, 0xf8, 0xf8, 0xf8, 0xf8, 0xf8, 0xf8, 0xf8,
  0xf8, 0xf8, 0xf8, 0xf8, 0xf8, 0xf8, 0xf8, 0xf8, 0xf8, 0xf8, 0xf8, 0xf8,
  0xf8, 0xf8, 0xf8, 0xf8, 0xf8, 0xf8, 0xf8, 0xf8, 0xf8, 0xf8, 0xf8, 0xf8,
  0xf8, 0xf8, 0xf8, 0xf8, 0xf8, 0xf8, 0xf9, 0xf9, 0xf9, 0xf9, 0xf9, 0xf9,
  0xf9, 0xf9, 0xf9, 0xf9, 0xf9, 0xf9, 0xfa, 0xfa, 0xfa, 0xfa, 0xfa, 0xfa,
  0xfb, 0xfb, 0xfb, 0xfb, 0xfb, 0xfb, 0xfc, 0xfc, 0xfc, 0xfd, 0xfd, 0xfd,
  0xfd, 0xfd, 0xfd, 0xfe, 0xfe, 0xfe, 0xfe, 0xfe, 0xfe, 0xfe, 0xfe, 0xfe,
  0xfe, 0xfe, 0xfe, 0xff, 0xff, 0xff, 0xff, 0xff, 0xff, 0xff, 0xff, 0xff,
  0xff, 0xff, 0xff, 0xff, 0xff, 0xff, 0xff, 0xff, 0xff, 0xff, 0xff, 0xff,
  0xff, 0xff, 0xff, 0xff, 0xff, 0xff, 0xff, 0xff, 0xff, 0xff, 0xff, 0xff,
  0xff, 0xff, 0xff, 0xff, 0xff, 0xff, 0xff, 0xff, 0xff, 0xff, 0xff, 0xff,
  0xff, 0xff, 0xff, 0xff, 0xff, 0xff, 0xff, 0xff, 0xff, 0xff, 0xff, 0xff,
  0xff, 0xff, 0xff, 0xff, 0xff, 0xff, 0xff, 0xff, 0xff, 0xff, 0xff, 0xff,
  0xff, 0xff, 0xff, 0xff, 0xff, 0xff, 0xff, 0xff, 0xff, 0xfe, 0xfe, 0xfe,
  0xfe, 0xfe, 0xfe, 0xfe, 0xfe, 0xfe, 0xfe, 0xfe, 0xfe, 0xfd, 0xfd, 0xfd,
  0xfd, 0xfd, 0xfd, 0xfc, 0xfc, 0xfc, 0xfb, 0xfb, 0xfb, 0xfb, 0xfb, 0xfb,
  0xfa, 0xfa, 0xfa, 0xfa, 0xfa, 0xfa, 0xf9, 0xf9, 0xf9, 0xf9, 0xf9, 0xf9,
  0xf9, 0xf9, 0xf9, 0xf9, 0xf9, 0xf9, 0xf8, 0xf8, 0xf8, 0xf8, 0xf8, 0xf8,
  0xf8, 0xf8, 0xf8, 0xf8, 0xf8, 0xf8, 0xf8, 0xf8, 0xf8, 0xf8, 0xf8, 0xf8,
  0xf8, 0xf8, 0xf8, 0xf8, 0xf8, 0xf8, 0xf8, 0xf8, 0xf8, 0xf8, 0xf8, 0xf8,
  0xf8, 0xf8, 0xf8, 0xf8, 0xf8, 0xf8, 0xf8, 0xf8, 0xf8, 0xf9, 0xf9, 0xf9,
  0xf9, 0xf9, 0xf9, 0xf9, 0xf9, 0xf9, 0xf9, 0xf9, 0xf9, 0xfa, 0xfa, 0xfa,
  0xfa, 0xfa, 0xfa, 0xfb, 0xfb, 0xfb, 0xfc, 0xfc, 0xfc, 0xfc, 0xfc, 0xfc,
  0xfd, 0xfd, 0xfd, 0xfe, 0xfe, 0xfe, 0xfe, 0xfe, 0xfe, 0xfe, 0xfe, 0xfe,
  0xff, 0xff, 0xff, 0xc9, 0xc9, 0xc9, 0x00, 0x00, 0x00, 0x00, 0x00, 0x00,
  0x00, 0x00, 0x00, 0x00, 0x00, 0x00, 0x00, 0x00, 0x00, 0x00, 0x00, 0x00,
  0x00, 0x00, 0x00, 0x00, 0x00, 0x00, 0x00, 0x00, 0x00, 0x00, 0x00, 0x00,
  0x00, 0x00, 0x00, 0x00, 0x00, 0x00, 0x00, 0x00, 0x00, 0x00, 0x00, 0x00,
  0x00, 0x00, 0x00, 0x52, 0x52, 0x52, 0xff, 0xff, 0xff, 0xff, 0xff, 0xff,
  0xfe, 0xfe, 0xfe, 0xfe, 0xfe, 0xfe, 0xfd, 0xfd, 0xfd, 0xfc, 0xfc, 0xfc,
  0xfb, 0xfb, 0xfb, 0xfa, 0xfa, 0xfa, 0xf9, 0xf9, 0xf9, 0xf8, 0xf8, 0xf8,
  0xf7, 0xf7, 0xf7, 0xf6, 0xf6, 0xf6, 0xf6, 0xf6, 0xf6, 0xf5, 0xf5, 0xf5,
  0xf5, 0xf5, 0xf5, 0xf4, 0xf4, 0xf4, 0xf4, 0xf4, 0xf4, 0xf4, 0xf4, 0xf4,
  0xf4, 0xf4, 0xf4, 0xf4, 0xf4, 0xf4, 0xf4, 0xf4, 0xf4, 0xf4, 0xf4, 0xf4,
  0xf4, 0xf4, 0xf4, 0xf4, 0xf4, 0xf4, 0xf4, 0xf4, 0xf4, 0xf4, 0xf4, 0xf4,
  0xf4, 0xf4, 0xf4, 0xf4, 0xf4, 0xf4, 0xf4, 0xf4, 0xf4, 0xf5, 0xf5, 0xf5,
  0xf5, 0xf5, 0xf5, 0xf6, 0xf6, 0xf6, 0xf6, 0xf6, 0xf6, 0xf7, 0xf7, 0xf7,
  0xf8, 0xf8, 0xf8, 0xf9, 0xf9, 0xf9, 0xfa, 0xfa, 0xfa, 0xfb, 0xfb, 0xfb,
  0xfc, 0xfc, 0xfc, 0xfd, 0xfd, 0xfd, 0xfd, 0xfd, 0xfd, 0xfe, 0xfe, 0xfe,
  0xfe, 0xfe, 0xfe, 0xfe, 0xfe, 0xfe, 0xff, 0xff, 0xff, 0xff, 0xff, 0xff,
  0xff, 0xff, 0xff, 0xff, 0xff, 0xff, 0xff, 0xff, 0xff, 0xff, 0xff, 0xff,
  0xff, 0xff, 0xff, 0xff, 0xff, 0xff, 0xff, 0xff, 0xff, 0xff, 0xff, 0xff,
  0xff, 0xff, 0xff, 0xff, 0xff, 0xff, 0xff, 0xff, 0xff, 0xff, 0xff, 0xff,
  0xff, 0xff, 0xff, 0xff, 0xff, 0xff, 0xff, 0xff, 0xff, 0xff, 0xff, 0xff,
  0xff, 0xff, 0xff, 0xff, 0xff, 0xff, 0xff, 0xff, 0xff, 0xff, 0xff, 0xff,
  0xff, 0xff, 0xff, 0xff, 0xff, 0xff, 0xfe, 0xfe, 0xfe, 0xfe, 0xfe, 0xfe,
  0xfe, 0xfe, 0xfe, 0xfd, 0xfd, 0xfd, 0xfd, 0xfd, 0xfd, 0xfc, 0xfc, 0xfc,
  0xfb, 0xfb, 0xfb, 0xfa, 0xfa, 0xfa, 0xf9, 0xf9, 0xf9, 0xf8, 0xf8, 0xf8,
  0xf7, 0xf7, 0xf7, 0xf6, 0xf6, 0xf6, 0xf6, 0xf6, 0xf6, 0xf5, 0xf5, 0xf5,
  0xf5, 0xf5, 0xf5, 0xf4, 0xf4, 0xf4, 0xf4, 0xf4, 0xf4, 0xf4, 0xf4, 0xf4,
  0xf4, 0xf4, 0xf4, 0xf4, 0xf4, 0xf4, 0xf4, 0xf4, 0xf4, 0xf4, 0xf4, 0xf4,
  0xf4, 0xf4, 0xf4, 0xf4, 0xf4, 0xf4, 0xf4, 0xf4, 0xf4, 0xf4, 0xf4, 0xf4,
  0xf4, 0xf4, 0xf4, 0xf4, 0xf4, 0xf4, 0xf4, 0xf4, 0xf4, 0xf5, 0xf5, 0xf5,
  0xf5, 0xf5, 0xf5, 0xf6, 0xf6, 0xf6, 0xf6, 0xf6, 0xf6, 0xf7, 0xf7, 0xf7,
  0xf8, 0xf8, 0xf8, 0xf9, 0xf9, 0xf9, 0xfa, 0xfa, 0xfa, 0xfb, 0xfb, 0xfb,
  0xfc, 0xfc, 0xfc, 0xfd, 0xfd, 0xfd, 0xfe, 0xfe, 0xfe, 0xfe, 0xfe, 0xfe,
  0xff, 0xff, 0xff, 0xff, 0xff, 0xff, 0x52, 0x52, 0x52, 0x00, 0x00, 0x00,
  0x00, 0x00, 0x00, 0x00, 0x00, 0x00, 0x00, 0x00, 0x00, 0x00, 0x00, 0x00,
  0x00, 0x00, 0x00, 0x00, 0x00, 0x00, 0x00, 0x00, 0x00, 0x00, 0x00, 0x00,
  0x00, 0x00, 0x00, 0x00, 0x00, 0x00, 0x00, 0x00, 0x00, 0x00, 0x00, 0x00,
  0x00, 0x00, 0x00, 0xc2, 0xc2, 0xc2, 0xff, 0xff, 0xff, 0xfe, 0xfe, 0xfe,
  0xfe, 0xfe, 0xfe, 0xfd, 0xfd, 0xfd, 0xfc, 0xfc, 0xfc, 0xfa, 0xfa, 0xfa,
  0xf9, 0xf9, 0xf9, 0xf7, 0xf7, 0xf7, 0xf5, 0xf5, 0xf5, 0xf3, 0xf3, 0xf3,
  0xf2, 0xf2, 0xf2, 0xf1, 0xf1, 0xf1, 0xf0, 0xf0, 0xf0, 0xef, 0xef, 0xef,
  0xef, 0xef, 0xef, 0xef, 0xef, 0xef, 0xee, 0xee, 0xee, 0xee, 0xee, 0xee,
  0xee, 0xee, 0xee, 0xee, 0xee, 0xee, 0xee, 0xee, 0xee, 0xee, 0xee, 0xee,
  0xee, 0xee, 0xee, 0xee, 0xee, 0xee, 0xee, 0xee, 0xee, 0xee, 0xee, 0xee,
  0xee, 0xee, 0xee, 0xee, 0xee, 0xee, 0xee, 0xee, 0xee, 0xef, 0xef, 0xef,
  0xef, 0xef, 0xef, 0xf0, 0xf0, 0xf0, 0xf1, 0xf1, 0xf1, 0xf2, 0xf2, 0xf2,
  0xf4, 0xf4, 0xf4, 0xf6, 0xf6, 0xf6, 0xf8, 0xf8, 0xf8, 0xf9, 0xf9, 0xf9,
  0xfa, 0xfa, 0xfa, 0xfb, 0xfb, 0xfb, 0xfc, 0xfc, 0xfc, 0xfd, 0xfd, 0xfd,
  0xfd, 0xfd, 0xfd, 0xfe, 0xfe, 0xfe, 0xfe, 0xfe, 0xfe, 0xff, 0xff, 0xff,
  0xff, 0xff, 0xff, 0xff, 0xff, 0xff, 0xff, 0xff, 0xff, 0xff, 0xff, 0xff,
  0xff, 0xff, 0xff, 0xff, 0xff, 0xff, 0xff, 0xff, 0xff, 0xff, 0xff, 0xff,
  0xff, 0xff, 0xff, 0xff, 0xff, 0xff, 0xff, 0xff, 0xff, 0xff, 0xff, 0xff,
  0xff, 0xff, 0xff, 0xff, 0xff, 0xff, 0xff, 0xff, 0xff, 0xff, 0xff, 0xff,
  0xff, 0xff, 0xff, 0xff, 0xff, 0xff, 0xff, 0xff, 0xff, 0xff, 0xff, 0xff,
  0xff, 0xff, 0xff, 0xfe, 0xfe, 0xfe, 0xfe, 0xfe, 0xfe, 0xfe, 0xfe, 0xfe,
  0xfd, 0xfd, 0xfd, 0xfc, 0xfc, 0xfc, 0xfb, 0xfb, 0xfb, 0xfa, 0xfa, 0xfa,
  0xf9, 0xf9, 0xf9, 0xf7, 0xf7, 0xf7, 0xf6, 0xf6, 0xf6, 0xf4, 0xf4, 0xf4,
  0xf2, 0xf2, 0xf2, 0xf1, 0xf1, 0xf1, 0xf0, 0xf0, 0xf0, 0xef, 0xef, 0xef,
  0xef, 0xef, 0xef, 0xee, 0xee, 0xee, 0xee, 0xee, 0xee, 0xee, 0xee, 0xee,
  0xee, 0xee, 0xee, 0xee, 0xee, 0xee, 0xee, 0xee, 0xee, 0xee, 0xee, 0xee,
  0xee, 0xee, 0xee, 0xee, 0xee, 0xee, 0xee, 0xee, 0xee, 0xee, 0xee, 0xee,
  0xee, 0xee, 0xee, 0xee, 0xee, 0xee, 0xef, 0xef, 0xef, 0xef, 0xef, 0xef,
  0xef, 0xef, 0xef, 0xf0, 0xf0, 0xf0, 0xf1, 0xf1, 0xf1, 0xf2, 0xf2, 0xf2,
  0xf3, 0xf3, 0xf3, 0xf5, 0xf5, 0xf5, 0xf7, 0xf7, 0xf7, 0xf9, 0xf9, 0xf9,
  0xfa, 0xfa, 0xfa, 0xfc, 0xfc, 0xfc, 0xfd, 0xfd, 0xfd, 0xfe, 0xfe, 0xfe,
  0xfe, 0xfe, 0xfe, 0xff, 0xff, 0xff, 0xc2, 0xc2, 0xc2, 0x00, 0x00, 0x00,
  0x00, 0x00, 0x00, 0x00, 0x00, 0x00, 0x00, 0x00, 0x00, 0x00, 0x00, 0x00,
  0x00, 0x00, 0x00, 0x00, 0x00, 0x00, 0x00, 0x00, 0x00, 0x00, 0x00, 0x00,
  0x00, 0x00, 0x00, 0x00, 0x00, 0x00, 0x00, 0x00, 0x00, 0x00, 0x00, 0x00,
  0x33, 0x33, 0x33, 0xff, 0xff, 0xff, 0xff, 0xff, 0xff, 0xfe, 0xfe, 0xfe,
  0xfd, 0xfd, 0xfd, 0xfc, 0xfc, 0xfc, 0xfb, 0xfb, 0xfb, 0xf8, 0xf8, 0xf8,
  0xf5, 0xf5, 0xf5, 0xf2, 0xf2, 0xf2, 0xef, 0xef, 0xef, 0xec, 0xec, 0xec,
  0xea, 0xea, 0xea, 0xe8, 0xe8, 0xe8, 0xe7, 0xe7, 0xe7, 0xe6, 0xe6, 0xe6,
  0xe6, 0xe6, 0xe6, 0xe5, 0xe5, 0xe5, 0xe5, 0xe5, 0xe5, 0xe5, 0xe5, 0xe5,
  0xe4, 0xe4, 0xe4, 0xe4, 0xe4, 0xe4, 0xe4, 0xe4, 0xe4, 0xe4, 0xe4, 0xe4,
  0xe4, 0xe4, 0xe4, 0xe4, 0xe4, 0xe4, 0xe4, 0xe4, 0xe4, 0xe4, 0xe4, 0xe4,
  0xe5, 0xe5, 0xe5, 0xe5, 0xe5, 0xe5, 0xe5, 0xe5, 0xe5, 0xe5, 0xe5, 0xe5,
  0xe6, 0xe6, 0xe6, 0xe7, 0xe7, 0xe7, 0xe8, 0xe8, 0xe8, 0xeb, 0xeb, 0xeb,
  0xed, 0xed, 0xed, 0xf0, 0xf0, 0xf0, 0xf3, 0xf3, 0xf3, 0xf5, 0xf5, 0xf5,
  0xf7, 0xf7, 0xf7, 0xf9, 0xf9, 0xf9, 0xfa, 0xfa, 0xfa, 0xfb, 0xfb, 0xfb,
  0xfc, 0xfc, 0xfc, 0xfd, 0xfd, 0xfd, 0xfd, 0xfd, 0xfd, 0xfe, 0xfe, 0xfe,
  0xff, 0xff, 0xff, 0xff, 0xff, 0xff, 0xff, 0xff, 0xff, 0xff, 0xff, 0xff,
  0xff, 0xff, 0xff, 0xff, 0xff, 0xff, 0xff, 0xff, 0xff, 0xff, 0xff, 0xff,
  0xff, 0xff, 0xff, 0xff, 0xff, 0xff, 0xff, 0xff, 0xff, 0xff, 0xff, 0xff,
  0xff, 0xff, 0xff, 0xff, 0xff, 0xff, 0xff, 0xff, 0xff, 0xff, 0xff, 0xff,
  0xff, 0xff, 0xff, 0xff, 0xff, 0xff, 0xff, 0xff, 0xff, 0xff, 0xff, 0xff,
  0xfe, 0xfe, 0xfe, 0xfe, 0xfe, 0xfe, 0xfe, 0xfe, 0xfe, 0xfd, 0xfd, 0xfd,
  0xfc, 0xfc, 0xfc, 0xfb, 0xfb, 0xfb, 0xfa, 0xfa, 0xfa, 0xf8, 0xf8, 0xf8,
  0xf6, 0xf6, 0xf6, 0xf3, 0xf3, 0xf3, 0xf0, 0xf0, 0xf0, 0xed, 0xed, 0xed,
  0xeb, 0xeb, 0xeb, 0xe8, 0xe8, 0xe8, 0xe7, 0xe7, 0xe7, 0xe6, 0xe6, 0xe6,
  0xe5, 0xe5, 0xe5, 0xe5, 0xe5, 0xe5, 0xe5, 0xe5, 0xe5, 0xe5, 0xe5, 0xe5,
  0xe4, 0xe4, 0xe4, 0xe4, 0xe4, 0xe4, 0xe4, 0xe4, 0xe4, 0xe4, 0xe4, 0xe4,
  0xe4, 0xe4, 0xe4, 0xe4, 0xe4, 0xe4, 0xe4, 0xe4, 0xe4, 0xe4, 0xe4, 0xe4,
  0xe5, 0xe5, 0xe5, 0xe5, 0xe5, 0xe5, 0xe5, 0xe5, 0xe5, 0xe6, 0xe6, 0xe6,
  0xe6, 0xe6, 0xe6, 0xe7, 0xe7, 0xe7, 0xe8, 0xe8, 0xe8, 0xea, 0xea, 0xea,
  0xec, 0xec, 0xec, 0xef, 0xef, 0xef, 0xf2, 0xf2, 0xf2, 0xf5, 0xf5, 0xf5,
  0xf8, 0xf8, 0xf8, 0xfb, 0xfb, 0xfb, 0xfc, 0xfc, 0xfc, 0xfd, 0xfd, 0xfd,
  0xfe, 0xfe, 0xfe, 0xff, 0xff, 0xff, 0xff, 0xff, 0xff, 0x33, 0x33, 0x33,
  0x00, 0x00, 0x00, 0x00, 0x00, 0x00, 0x00, 0x00, 0x00, 0x00, 0x00, 0x00,
  0x00, 0x00, 0x00, 0x00, 0x00, 0x00, 0x00, 0x00, 0x00, 0x00, 0x00, 0x00,
  0x00, 0x00, 0x00, 0x00, 0x00, 0x00, 0x00, 0x00, 0x00, 0x00, 0x00, 0x00,
  0x8f, 0x8f, 0x8f, 0xff, 0xff, 0xff, 0xfe, 0xfe, 0xfe, 0xfe, 0xfe, 0xfe,
  0xfd, 0xfd, 0xfd, 0xfb, 0xfb, 0xfb, 0xf9, 0xf9, 0xf9, 0xf5, 0xf5, 0xf5,
  0xf0, 0xf0, 0xf0, 0xeb, 0xeb, 0xeb, 0xe6, 0xe6, 0xe6, 0xe1, 0xe1, 0xe1,
  0xde, 0xde, 0xde, 0xdb, 0xdb, 0xdb, 0xd9, 0xd9, 0xd9, 0xd8, 0xd8, 0xd8,
  0xd7, 0xd7, 0xd7, 0xd6, 0xd6, 0xd6, 0xd6, 0xd6, 0xd6, 0xd6, 0xd6, 0xd6,
  0xd5, 0xd5, 0xd5, 0xd5, 0xd5, 0xd5, 0xd5, 0xd5, 0xd5, 0xd5, 0xd5, 0xd5,
  0xd5, 0xd5, 0xd5, 0xd5, 0xd5, 0xd5, 0xd5, 0xd5, 0xd5, 0xd5, 0xd5, 0xd5,
  0xd5, 0xd5, 0xd5, 0xd5, 0xd5, 0xd5, 0xd6, 0xd6, 0xd6, 0xd6, 0xd6, 0xd6,
  0xd7, 0xd7, 0xd7, 0xd8, 0xd8, 0xd8, 0xdb, 0xdb, 0xdb, 0xde, 0xde, 0xde,
  0xe2, 0xe2, 0xe2, 0xe7, 0xe7, 0xe7, 0xec, 0xec, 0xec, 0xf0, 0xf0, 0xf0,
  0xf3, 0xf3, 0xf3, 0xf6, 0xf6, 0xf6, 0xf8, 0xf8, 0xf8, 0xfa, 0xfa, 0xfa,
  0xfb, 0xfb, 0xfb, 0xfc, 0xfc, 0xfc, 0xfd, 0xfd, 0xfd, 0xfd, 0xfd, 0xfd,
  0xfd, 0xfd, 0xfd, 0xfe, 0xfe, 0xfe, 0xfe, 0xfe, 0xfe, 0xfe, 0xfe, 0xfe,
  0xff, 0xff, 0xff, 0xff, 0xff, 0xff, 0xff, 0xff, 0xff, 0xff, 0xff, 0xff,
  0xff, 0xff, 0xff, 0xff, 0xff, 0xff, 0xff, 0xff, 0xff, 0xff, 0xff, 0xff,
  0xff, 0xff, 0xff, 0xff, 0xff, 0xff, 0xff, 0xff, 0xff, 0xff, 0xff, 0xff,
  0xff, 0xff, 0xff, 0xff, 0xff, 0xff, 0xff, 0xff, 0xff, 0xfe, 0xfe, 0xfe,
  0xfe, 0xfe, 0xfe, 0xfe, 0xfe, 0xfe, 0xfd, 0xfd, 0xfd, 0xfc, 0xfc, 0xfc,
  0xfb, 0xfb, 0xfb, 0xf9, 0xf9, 0xf9, 0xf7, 0xf7, 0xf7, 0xf4, 0xf4, 0xf4,
  0xf1, 0xf1, 0xf1, 0xed, 0xed, 0xed, 0xe8, 0xe8, 0xe8, 0xe3, 0xe3, 0xe3,
  0xde, 0xde, 0xde, 0xdb, 0xdb, 0xdb, 0xd8, 0xd8, 0xd8, 0xd7, 0xd7, 0xd7,
  0xd6, 0xd6, 0xd6, 0xd6, 0xd6, 0xd6, 0xd5, 0xd5, 0xd5, 0xd5, 0xd5, 0xd5,
  0xd5, 0xd5, 0xd5, 0xd5, 0xd5, 0xd5, 0xd5, 0xd5, 0xd5, 0xd5, 0xd5, 0xd5,
  0xd5, 0xd5, 0xd5, 0xd5, 0xd5, 0xd5, 0xd5, 0xd5, 0xd5, 0xd5, 0xd5, 0xd5,
  0xd6, 0xd6, 0xd6, 0xd6, 0xd6, 0xd6, 0xd6, 0xd6, 0xd6, 0xd7, 0xd7, 0xd7,
  0xd8, 0xd8, 0xd8, 0xd9, 0xd9, 0xd9, 0xdb, 0xdb, 0xdb, 0xde, 0xde, 0xde,
  0xe1, 0xe1, 0xe1, 0xe6, 0xe6, 0xe6, 0xeb, 0xeb, 0xeb, 0xf0, 0xf0, 0xf0,
  0xf5, 0xf5, 0xf5, 0xf9, 0xf9, 0xf9, 0xfb, 0xfb, 0xfb, 0xfd, 0xfd, 0xfd,
  0xfe, 0xfe, 0xfe, 0xfe, 0xfe, 0xfe, 0xff, 0xff, 0xff, 0x8f, 0x8f, 0x8f,
  0x00, 0x00, 0x00, 0x00, 0x00, 0x00, 0x00, 0x00, 0x00, 0x00, 0x00, 0x00,
  0x00, 0x00, 0x00, 0x00, 0x00, 0x00, 0x00, 0x00, 0x00, 0x00, 0x00, 0x00,
  0x00, 0x00, 0x00, 0x00, 0x00, 0x00, 0x00, 0x00, 0x00, 0x04, 0x04, 0x04,
  0xd7, 0xd7, 0xd7, 0xff, 0xff, 0xff, 0xfe, 0xfe, 0xfe, 0xfe, 0xfe, 0xfe,
  0xfc, 0xfc, 0xfc, 0xfa, 0xfa, 0xfa, 0xf7, 0xf7, 0xf7, 0xf1, 0xf1, 0xf1,
  0xea, 0xea, 0xea, 0xe1, 0xe1, 0xe1, 0xd8, 0xd8, 0xd8, 0xd1, 0xd1, 0xd1,
  0xcb, 0xcb, 0xcb, 0xc8, 0xc8, 0xc8, 0xc5, 0xc5, 0xc5, 0xc4, 0xc4, 0xc4,
  0xc3, 0xc3, 0xc3, 0xc2, 0xc2, 0xc2, 0xc1, 0xc1, 0xc1, 0xc1, 0xc1, 0xc1,
  0xc0, 0xc0, 0xc0, 0xc0, 0xc0, 0xc0, 0xc0, 0xc0, 0xc0, 0xc0, 0xc0, 0xc0,
  0xc0, 0xc0, 0xc0, 0xc0, 0xc0, 0xc0, 0xc0, 0xc0, 0xc0, 0xc0, 0xc0, 0xc0,
  0xc0, 0xc0, 0xc0, 0xc0, 0xc0, 0xc0, 0xc1, 0xc1, 0xc1, 0xc1, 0xc1, 0xc1,
  0xc3, 0xc3, 0xc3, 0xc4, 0xc4, 0xc4, 0xc7, 0xc7, 0xc7, 0xcb, 0xcb, 0xcb,
  0xd2, 0xd2, 0xd2, 0xda, 0xda, 0xda, 0xe2, 0xe2, 0xe2, 0xe9, 0xe9, 0xe9,
  0xee, 0xee, 0xee, 0xf2, 0xf2, 0xf2, 0xf5, 0xf5, 0xf5, 0xf7, 0xf7, 0xf7,
  0xf9, 0xf9, 0xf9, 0xfa, 0xfa, 0xfa, 0xfb, 0xfb, 0xfb, 0xfc, 0xfc, 0xfc,
  0xfd, 0xfd, 0xfd, 0xfd, 0xfd, 0xfd, 0xfe, 0xfe, 0xfe, 0xfe, 0xfe, 0xfe,
  0xfe, 0xfe, 0xfe, 0xfe, 0xfe, 0xfe, 0xff, 0xff, 0xff, 0xff, 0xff, 0xff,
  0xff, 0xff, 0xff, 0xff, 0xff, 0xff, 0xff, 0xff, 0xff, 0xff, 0xff, 0xff,
  0xff, 0xff, 0xff, 0xff, 0xff, 0xff, 0xff, 0xff, 0xff, 0xff, 0xff, 0xff,
  0xff, 0xff, 0xff, 0xff, 0xff, 0xff, 0xfe, 0xfe, 0xfe, 0xfe, 0xfe, 0xfe,
  0xfe, 0xfe, 0xfe, 0xfd, 0xfd, 0xfd, 0xfc, 0xfc, 0xfc, 0xfb, 0xfb, 0xfb,
  0xf9, 0xf9, 0xf9, 0xf7, 0xf7, 0xf7, 0xf4, 0xf4, 0xf4, 0xef, 0xef, 0xef,
  0xea, 0xea, 0xea, 0xe3, 0xe3, 0xe3, 0xdb, 0xdb, 0xdb, 0xd3, 0xd3, 0xd3,
  0xcc, 0xcc, 0xcc, 0xc7, 0xc7, 0xc7, 0xc4, 0xc4, 0xc4, 0xc3, 0xc3, 0xc3,
  0xc1, 0xc1, 0xc1, 0xc1, 0xc1, 0xc1, 0xc0, 0xc0, 0xc0, 0xc0, 0xc0, 0xc0,
  0xc0, 0xc0, 0xc0, 0xc0, 0xc0, 0xc0, 0xc0, 0xc0, 0xc0, 0xc0, 0xc0, 0xc0,
  0xc0, 0xc0, 0xc0, 0xc0, 0xc0, 0xc0, 0xc0, 0xc0, 0xc0, 0xc0, 0xc0, 0xc0,
  0xc1, 0xc1, 0xc1, 0xc1, 0xc1, 0xc1, 0xc2, 0xc2, 0xc2, 0xc3, 0xc3, 0xc3,
  0xc4, 0xc4, 0xc4, 0xc5, 0xc5, 0xc5, 0xc8, 0xc8, 0xc8, 0xcb, 0xcb, 0xcb,
  0xd1, 0xd1, 0xd1, 0xd8, 0xd8, 0xd8, 0xe1, 0xe1, 0xe1, 0xea, 0xea, 0xea,
  0xf1, 0xf1, 0xf1, 0xf7, 0xf7, 0xf7, 0xfa, 0xfa, 0xfa, 0xfc, 0xfc, 0xfc,
  0xfe, 0xfe, 0xfe, 0xfe, 0xfe, 0xfe, 0xff, 0xff, 0xff, 0xd7, 0xd7, 0xd7,
  0x04, 0x04, 0x04, 0x00, 0x00, 0x00, 0x00, 0x00, 0x00, 0x00, 0x00, 0x00,
  0x00, 0x00, 0x00, 0x00, 0x00, 0x00, 0x00, 0x00, 0x00, 0x00, 0x00, 0x00,
  0x00, 0x00, 0x00, 0x00, 0x00, 0x00, 0x00, 0x00, 0x00, 0x2f, 0x2f, 0x2f,
  0xfe, 0xfe, 0xfe, 0xff, 0xff, 0xff, 0xfe, 0xfe, 0xfe, 0xfd, 0xfd, 0xfd,
  0xfc, 0xfc, 0xfc, 0xf9, 0xf9, 0xf9, 0xf4, 0xf4, 0xf4, 0xed, 0xed, 0xed,
  0xe2, 0xe2, 0xe2, 0xd5, 0xd5, 0xd5, 0xc8, 0xc8, 0xc8, 0xbe, 0xbe, 0xbe,
  0xb7, 0xb7, 0xb7, 0xb2, 0xb2, 0xb2, 0xaf, 0xaf, 0xaf, 0xad, 0xad, 0xad,
  0xab, 0xab, 0xab, 0xaa, 0xaa, 0xaa, 0xaa, 0xaa, 0xaa, 0xa9, 0xa9, 0xa9,
  0xa9, 0xa9, 0xa9, 0xa8, 0xa8, 0xa8, 0xa8, 0xa8, 0xa8, 0xa8, 0xa8, 0xa8,
  0xa8, 0xa8, 0xa8, 0xa8, 0xa8, 0xa8, 0xa8, 0xa8, 0xa8, 0xa8, 0xa8, 0xa8,
  0xa8, 0xa8, 0xa8, 0xa8, 0xa8, 0xa8, 0xa9, 0xa9, 0xa9, 0xa9, 0xa9, 0xa9,
  0xaa, 0xaa, 0xaa, 0xac, 0xac, 0xac, 0xaf, 0xaf, 0xaf, 0xb6, 0xb6, 0xb6,
  0xbe, 0xbe, 0xbe, 0xc8, 0xc8, 0xc8, 0xd4, 0xd4, 0xd4, 0xde, 0xde, 0xde,
  0xe6, 0xe6, 0xe6, 0xeb, 0xeb, 0xeb, 0xf0, 0xf0, 0xf0, 0xf3, 0xf3, 0xf3,
  0xf6, 0xf6, 0xf6, 0xf8, 0xf8, 0xf8, 0xf9, 0xf9, 0xf9, 0xfb, 0xfb, 0xfb,
  0xfc, 0xfc, 0xfc, 0xfc, 0xfc, 0xfc, 0xfd, 0xfd, 0xfd, 0xfe, 0xfe, 0xfe,
  0xfe, 0xfe, 0xfe, 0xfe, 0xfe, 0xfe, 0xfe, 0xfe, 0xfe, 0xfe, 0xfe, 0xfe,
  0xff, 0xff, 0xff, 0xff, 0xff, 0xff, 0xff, 0xff, 0xff, 0xff, 0xff, 0xff,
  0xff, 0xff, 0xff, 0xff, 0xff, 0xff, 0xff, 0xff, 0xff, 0xff, 0xff, 0xff,
  0xff, 0xff, 0xff, 0xfe, 0xfe, 0xfe, 0xfe, 0xfe, 0xfe, 0xfe, 0xfe, 0xfe,
  0xfd, 0xfd, 0xfd, 0xfc, 0xfc, 0xfc, 0xfb, 0xfb, 0xfb, 0xf9, 0xf9, 0xf9,
  0xf6, 0xf6, 0xf6, 0xf3, 0xf3, 0xf3, 0xee, 0xee, 0xee, 0xe8, 0xe8, 0xe8,
  0xe0, 0xe0, 0xe0, 0xd6, 0xd6, 0xd6, 0xca, 0xca, 0xca, 0xbf, 0xbf, 0xbf,
  0xb6, 0xb6, 0xb6, 0xb0, 0xb0, 0xb0, 0xac, 0xac, 0xac, 0xab, 0xab, 0xab,
  0xa9, 0xa9, 0xa9, 0xa9, 0xa9, 0xa9, 0xa8, 0xa8, 0xa8, 0xa8, 0xa8, 0xa8,
  0xa8, 0xa8, 0xa8, 0xa8, 0xa8, 0xa8, 0xa8, 0xa8, 0xa8, 0xa8, 0xa8, 0xa8,
  0xa8, 0xa8, 0xa8, 0xa8, 0xa8, 0xa8, 0xa8, 0xa8, 0xa8, 0xa9, 0xa9, 0xa9,
  0xa9, 0xa9, 0xa9, 0xaa, 0xaa, 0xaa, 0xaa, 0xaa, 0xaa, 0xab, 0xab, 0xab,
  0xad, 0xad, 0xad, 0xaf, 0xaf, 0xaf, 0xb2, 0xb2, 0xb2, 0xb7, 0xb7, 0xb7,
  0xbe, 0xbe, 0xbe, 0xc9, 0xc9, 0xc9, 0xd5, 0xd5, 0xd5, 0xe2, 0xe2, 0xe2,
  0xed, 0xed, 0xed, 0xf4, 0xf4, 0xf4, 0xf9, 0xf9, 0xf9, 0xfc, 0xfc, 0xfc,
  0xfd, 0xfd, 0xfd, 0xfe, 0xfe, 0xfe, 0xff, 0xff, 0xff, 0xfe, 0xfe, 0xfe,
  0x2f, 0x2f, 0x2f, 0x00, 0x00, 0x00, 0x00, 0x00, 0x00, 0x00, 0x00, 0x00,
  0x00, 0x00, 0x00, 0x00, 0x00, 0x00, 0x00, 0x00, 0x00, 0x00, 0x00, 0x00,
  0x00, 0x00, 0x00, 0x00, 0x00, 0x00, 0x00, 0x00, 0x00, 0x68, 0x68, 0x68,
  0xff, 0xff, 0xff, 0xff, 0xff, 0xff, 0xfe, 0xfe, 0xfe, 0xfd, 0xfd, 0xfd,
  0xfb, 0xfb, 0xfb, 0xf9, 0xf9, 0xf9, 0xf3, 0xf3, 0xf3, 0xea, 0xea, 0xea,
  0xdc, 0xdc, 0xdc, 0xcb, 0xcd, 0xcf, 0xb9, 0xbd, 0xc2, 0xaa, 0xae, 0xb3,
  0xa0, 0xa4, 0xa9, 0x99, 0x9d, 0xa2, 0x95, 0x99, 0x9e, 0x92, 0x96, 0x9b,
  0x90, 0x95, 0x99, 0x8f, 0x93, 0x98, 0x8e, 0x92, 0x97, 0x8d, 0x92, 0x96,
  0x8d, 0x91, 0x96, 0x8c, 0x91, 0x95, 0x8c, 0x91, 0x95, 0x8c, 0x91, 0x95,
  0x8c, 0x91, 0x95, 0x8c, 0x91, 0x95, 0x8c, 0x91, 0x95, 0x8c, 0x91, 0x95,
  0x8c, 0x91, 0x95, 0x8c, 0x91, 0x96, 0x8c, 0x91, 0x96, 0x8c, 0x91, 0x95,
  0x8d, 0x92, 0x96, 0x8f, 0x94, 0x99, 0x93, 0x98, 0x9d, 0x9a, 0x9f, 0xa4,
  0xa7, 0xa9, 0xab, 0xb5, 0xb5, 0xb5, 0xc2, 0xc2, 0xc2, 0xd0, 0xd0, 0xd0,
  0xdb, 0xdb, 0xdb, 0xe3, 0xe3, 0xe3, 0xe9, 0xe9, 0xe9, 0xee, 0xee, 0xee,
  0xf1, 0xf1, 0xf1, 0xf4, 0xf4, 0xf4, 0xf7, 0xf7, 0xf7, 0xf8, 0xf8, 0xf8,
  0xfa, 0xfa, 0xfa, 0xfb, 0xfb, 0xfb, 0xfc, 0xfc, 0xfc, 0xfc, 0xfc, 0xfc,
  0xfd, 0xfd, 0xfd, 0xfe, 0xfe, 0xfe, 0xfe, 0xfe, 0xfe, 0xfe, 0xfe, 0xfe,
  0xfe, 0xfe, 0xfe, 0xfe, 0xfe, 0xfe, 0xff, 0xff, 0xff, 0xff, 0xff, 0xff,
  0xff, 0xff, 0xff, 0xff, 0xff, 0xff, 0xff, 0xff, 0xff, 0xff, 0xff, 0xff,
  0xfe, 0xfe, 0xfe, 0xfe, 0xfe, 0xfe, 0xfe, 0xfe, 0xfe, 0xfd, 0xfd, 0xfd,
  0xfc, 0xfc, 0xfc, 0xfb, 0xfb, 0xfb, 0xf9, 0xf9, 0xf9, 0xf6, 0xf6, 0xf6,
  0xf3, 0xf3, 0xf3, 0xee, 0xee, 0xee, 0xe8, 0xe8, 0xe8, 0xdf, 0xdf, 0xdf,
  0xd3, 0xd3, 0xd3, 0xc5, 0xc5, 0xc5, 0xb7, 0xb7, 0xb7, 0xa8, 0xab, 0xad,
  0x9c, 0xa1, 0xa6, 0x95, 0x9a, 0x9f, 0x91, 0x97, 0x9b, 0x8f, 0x94, 0x99,
  0x8e, 0x93, 0x98, 0x8d, 0x93, 0x97, 0x8d, 0x93, 0x97, 0x8d, 0x93, 0x97,
  0x8d, 0x93, 0x97, 0x8d, 0x92, 0x97, 0x8d, 0x93, 0x97, 0x8d, 0x93, 0x97,
  0x8d, 0x93, 0x97, 0x8d, 0x93, 0x98, 0x8e, 0x93, 0x98, 0x8e, 0x94, 0x99,
  0x8e, 0x94, 0x99, 0x8f, 0x95, 0x9a, 0x90, 0x96, 0x9b, 0x92, 0x97, 0x9c,
  0x93, 0x99, 0x9e, 0x96, 0x9c, 0xa1, 0x9a, 0xa0, 0xa5, 0xa1, 0xa7, 0xac,
  0xac, 0xb1, 0xb6, 0xba, 0xc0, 0xc5, 0xcc, 0xce, 0xd0, 0xdc, 0xdc, 0xdc,
  0xea, 0xea, 0xea, 0xf3, 0xf3, 0xf3, 0xf9, 0xf9, 0xf9, 0xfb, 0xfb, 0xfb,
  0xfd, 0xfd, 0xfd, 0xfe, 0xfe, 0xfe, 0xff, 0xff, 0xff, 0xff, 0xff, 0xff,
  0x68, 0x68, 0x68, 0x00, 0x00, 0x00, 0x00, 0x00, 0x00, 0x00, 0x00, 0x00,
  0x00, 0x00, 0x00, 0x00, 0x00, 0x00, 0x00, 0x00, 0x00, 0x00, 0x00, 0x00,
  0x00, 0x00, 0x00, 0x00, 0x00, 0x00, 0x00, 0x00, 0x00, 0x9a, 0x9a, 0x9a,
  0xff, 0xff, 0xff, 0xfe, 0xfe, 0xfe, 0xfe, 0xfe, 0xfe, 0xfd, 0xfd, 0xfd,
  0xfb, 0xfb, 0xfb, 0xf8, 0xf8, 0xf8, 0xf3, 0xf3, 0xf3, 0xe9, 0xe9, 0xe9,
  0xda, 0xdb, 0xdd, 0xcf, 0xc1, 0xb3, 0xcf, 0xa6, 0x7a, 0xc9, 0x9e, 0x71,
  0xc3, 0x98, 0x6b, 0xbf, 0x94, 0x67, 0xbc, 0x91, 0x64, 0xba, 0x8f, 0x62,
  0xb9, 0x8e, 0x61, 0xb8, 0x8d, 0x60, 0xb7, 0x8c, 0x5f, 0xb7, 0x8b, 0x5e,
  0xb6, 0x8a, 0x5d, 0xb6, 0x8a, 0x5d, 0xb6, 0x89, 0x5c, 0xb6, 0x89, 0x5c,
  0xb5, 0x88, 0x5c, 0xb5, 0x88, 0x5b, 0xb5, 0x88, 0x5b, 0xb5, 0x88, 0x5b,
  0xb5, 0x87, 0x5a, 0xb5, 0x87, 0x5a, 0xb4, 0x86, 0x5a, 0xb4, 0x86, 0x59,
  0xb4, 0x86, 0x59, 0xb4, 0x87, 0x5a, 0xb6, 0x88, 0x5b, 0xb8, 0x8b, 0x5f,
  0xa3, 0x94, 0x85, 0x9d, 0xa1, 0xa4, 0xaf, 0xaf, 0xaf, 0xbe, 0xbe, 0xbe,
  0xcc, 0xcc, 0xcc, 0xd7, 0xd7, 0xd7, 0xe0, 0xe0, 0xe0, 0xe6, 0xe6, 0xe6,
  0xeb, 0xeb, 0xeb, 0xef, 0xef, 0xef, 0xf2, 0xf2, 0xf2, 0xf5, 0xf5, 0xf5,
  0xf7, 0xf7, 0xf7, 0xf8, 0xf8, 0xf8, 0xfa, 0xfa, 0xfa, 0xfb, 0xfb, 0xfb,
  0xfc, 0xfc, 0xfc, 0xfd, 0xfd, 0xfd, 0xfd, 0xfd, 0xfd, 0xfe, 0xfe, 0xfe,
  0xfe, 0xfe, 0xfe, 0xfe, 0xfe, 0xfe, 0xfe, 0xfe, 0xfe, 0xff, 0xff, 0xff,
  0xff, 0xff, 0xff, 0xff, 0xff, 0xff, 0xff, 0xff, 0xff, 0xfe, 0xfe, 0xfe,
  0xfe, 0xfe, 0xfe, 0xfe, 0xfe, 0xfe, 0xfd, 0xfd, 0xfd, 0xfc, 0xfc, 0xfc,
  0xfb, 0xfb, 0xfb, 0xf9, 0xf9, 0xf9, 0xf6, 0xf6, 0xf6, 0xf3, 0xf3, 0xf3,
  0xee, 0xee, 0xee, 0xe7, 0xe7, 0xe7, 0xdd, 0xdd, 0xdd, 0xd1, 0xd1, 0xd1,
  0xc3, 0xc3, 0xc3, 0xb3, 0xb3, 0xb2, 0xa0, 0xa4, 0xa8, 0xa2, 0x91, 0x82,
  0xb2, 0x7e, 0x50, 0xb0, 0x7a, 0x4b, 0xae, 0x78, 0x4a, 0xad, 0x77, 0x49,
  0xac, 0x77, 0x49, 0xac, 0x76, 0x48, 0xac, 0x75, 0x48, 0xab, 0x75, 0x48,
  0xab, 0x75, 0x48, 0xab, 0x74, 0x48, 0xab, 0x74, 0x48, 0xab, 0x74, 0x48,
  0xab, 0x74, 0x47, 0xab, 0x73, 0x44, 0xab, 0x73, 0x42, 0xab, 0x73, 0x42,
  0xab, 0x73, 0x42, 0xab, 0x73, 0x43, 0xab, 0x73, 0x43, 0xac, 0x74, 0x44,
  0xad, 0x75, 0x45, 0xae, 0x76, 0x47, 0xb1, 0x78, 0x49, 0xb5, 0x7c, 0x4d,
  0xba, 0x81, 0x52, 0xc1, 0x8a, 0x5d, 0xca, 0xb8, 0xaa, 0xda, 0xdc, 0xde,
  0xe9, 0xe9, 0xe9, 0xf3, 0xf3, 0xf3, 0xf8, 0xf8, 0xf8, 0xfb, 0xfb, 0xfb,
  0xfd, 0xfd, 0xfd, 0xfe, 0xfe, 0xfe, 0xfe, 0xfe, 0xfe, 0xff, 0xff, 0xff,
  0x9a, 0x9a, 0x9a, 0x00, 0x00, 0x00, 0x00, 0x00, 0x00, 0x00, 0x00, 0x00,
  0x00, 0x00, 0x00, 0x00, 0x00, 0x00, 0x00, 0x00, 0x00, 0x00, 0x00, 0x00,
  0x00, 0x00, 0x00, 0x00, 0x00, 0x00, 0x00, 0x00, 0x00, 0xc2, 0xc2, 0xc2,
  0xff, 0xff, 0xff, 0xfe, 0xfe, 0xfe, 0xfe, 0xfe, 0xfe, 0xfd, 0xfd, 0xfd,
  0xfc, 0xfc, 0xfc, 0xf9, 0xf9, 0xf9, 0xf4, 0xf4, 0xf4, 0xea, 0xeb, 0xec,
  0xdd, 0xdb, 0xd9, 0xe7, 0xa1, 0x56, 0xf3, 0x97, 0x35, 0xf5, 0x9a, 0x3a,
  0xf6, 0x9b, 0x3a, 0xf6, 0x9a, 0x39, 0xf6, 0x9a, 0x39, 0xf6, 0x99, 0x38,
  0xf6, 0x99, 0x38, 0xf5, 0x98, 0x37, 0xf5, 0x97, 0x37, 0xf5, 0x97, 0x36,
  0xf4, 0x96, 0x35, 0xf4, 0x95, 0x35, 0xf4, 0x95, 0x34, 0xf4, 0x94, 0x33,
  0xf3, 0x94, 0x33, 0xf3, 0x93, 0x32, 0xf3, 0x92, 0x31, 0xf2, 0x92, 0x30,
  0xf2, 0x91, 0x30, 0xf1, 0x90, 0x2f, 0xf0, 0x8f, 0x2f, 0xf0, 0x8e, 0x2e,
  0xef, 0x8d, 0x2d, 0xee, 0x8c, 0x2c, 0xed, 0x8b, 0x2a, 0xeb, 0x88, 0x27,
  0xdb, 0x86, 0x32, 0xa2, 0x8e, 0x7b, 0x97, 0x9c, 0xa0, 0xab, 0xab, 0xab,
  0xba, 0xba, 0xba, 0xc7, 0xc7, 0xc7, 0xd3, 0xd3, 0xd3, 0xdc, 0xdc, 0xdc,
  0xe3, 0xe3, 0xe3, 0xe8, 0xe8, 0xe8, 0xec, 0xec, 0xec, 0xf0, 0xf0, 0xf0,
  0xf3, 0xf3, 0xf3, 0xf5, 0xf5, 0xf5, 0xf7, 0xf7, 0xf7, 0xf9, 0xf9, 0xf9,
  0xfa, 0xfa, 0xfa, 0xfb, 0xfb, 0xfb, 0xfd, 0xfd, 0xfd, 0xfd, 0xfd, 0xfd,
  0xfd, 0xfd, 0xfd, 0xfe, 0xfe, 0xfe, 0xfe, 0xfe, 0xfe, 0xfe, 0xfe, 0xfe,
  0xfe, 0xfe, 0xfe, 0xff, 0xff, 0xff, 0xfe, 0xfe, 0xfe, 0xfe, 0xfe, 0xfe,
  0xfe, 0xfe, 0xfe, 0xfd, 0xfd, 0xfd, 0xfc, 0xfc, 0xfc, 0xfb, 0xfb, 0xfb,
  0xf9, 0xf9, 0xf9, 0xf6, 0xf6, 0xf6, 0xf3, 0xf3, 0xf3, 0xee, 0xee, 0xee,
  0xe7, 0xe7, 0xe7, 0xdd, 0xdd, 0xdd, 0xd1, 0xd1, 0xd1, 0xc2, 0xc2, 0xc2,
  0xb1, 0xb1, 0xb1, 0x9c, 0xa2, 0xa6, 0xa3, 0x8c, 0x78, 0xd3, 0x70, 0x16,
  0xdf, 0x6c, 0x04, 0xe0, 0x6d, 0x06, 0xe0, 0x6d, 0x07, 0xdf, 0x6c, 0x07,
  0xdf, 0x6b, 0x07, 0xdf, 0x6b, 0x07, 0xdf, 0x6a, 0x07, 0xde, 0x69, 0x07,
  0xde, 0x69, 0x07, 0xde, 0x68, 0x07, 0xdd, 0x67, 0x07, 0xdd, 0x67, 0x07,
  0xdd, 0x66, 0x07, 0xdc, 0x65, 0x06, 0xdc, 0x65, 0x04, 0xdc, 0x64, 0x00,
  0xdb, 0x63, 0x00, 0xdb, 0x63, 0x00, 0xda, 0x62, 0x00, 0xda, 0x61, 0x00,
  0xda, 0x60, 0x00, 0xd9, 0x60, 0x00, 0xd9, 0x5f, 0x00, 0xd8, 0x5e, 0x00,
  0xd6, 0x5c, 0x00, 0xd3, 0x57, 0x00, 0xce, 0x70, 0x22, 0xdc, 0xda, 0xd7,
  0xeb, 0xec, 0xed, 0xf4, 0xf4, 0xf4, 0xf9, 0xf9, 0xf9, 0xfc, 0xfc, 0xfc,
  0xfd, 0xfd, 0xfd, 0xfe, 0xfe, 0xfe, 0xfe, 0xfe, 0xfe, 0xff, 0xff, 0xff,
  0xc2, 0xc2, 0xc2, 0x00, 0x00, 0x00, 0x00, 0x00, 0x00, 0x00, 0x00, 0x00,
  0x00, 0x00, 0x00, 0x00, 0x00, 0x00, 0x00, 0x00, 0x00, 0x00, 0x00, 0x00,
  0x00, 0x00, 0x00, 0x00, 0x00, 0x00, 0x07, 0x07, 0x07, 0xdb, 0xdb, 0xdb,
  0xff, 0xff, 0xff, 0xff, 0xff, 0xff, 0xfe, 0xfe, 0xfe, 0xfe, 0xfe, 0xfe,
  0xfc, 0xfc, 0xfc, 0xfa, 0xfa, 0xfa, 0xf6, 0xf6, 0xf6, 0xee, 0xef, 0xf0,
  0xe3, 0xe1, 0xdf, 0xe9, 0xa3, 0x58, 0xf3, 0x9a, 0x3a, 0xf6, 0x9f, 0x42,
  0xf7, 0x9f, 0x40, 0xf6, 0x9e, 0x40, 0xf6, 0x9d, 0x40, 0xf6, 0x9c, 0x3f,
  0xf6, 0x9c, 0x3e, 0xf5, 0x9b, 0x3d, 0xf5, 0x9b, 0x3c, 0xf5, 0x9a, 0x3c,
  0xf4, 0x9a, 0x3c, 0xf4, 0x99, 0x3b, 0xf4, 0x98, 0x3b, 0xf3, 0x97, 0x39,
  0xf3, 0x97, 0x38, 0xf3, 0x96, 0x38, 0xf2, 0x95, 0x38, 0xf2, 0x95, 0x37,
  0xf2, 0x94, 0x35, 0xf1, 0x93, 0x35, 0xf0, 0x92, 0x35, 0xf0, 0x91, 0x34,
  0xef, 0x91, 0x33, 0xee, 0x90, 0x32, 0xec, 0x8e, 0x31, 0xe9, 0x8c, 0x31,
  0xe8, 0x88, 0x2b, 0xd9, 0x84, 0x31, 0x9d, 0x8a, 0x77, 0x93, 0x97, 0x9b,
  0xa6, 0xa5, 0xa5, 0xb4, 0xb4, 0xb4, 0xc2, 0xc2, 0xc2, 0xcd, 0xcd, 0xcd,
  0xd6, 0xd6, 0xd6, 0xde, 0xde, 0xde, 0xe4, 0xe4, 0xe4, 0xe9, 0xe9, 0xe9,
  0xed, 0xed, 0xed, 0xf0, 0xf0, 0xf0, 0xf3, 0xf3, 0xf3, 0xf6, 0xf6, 0xf6,
  0xf8, 0xf8, 0xf8, 0xf9, 0xf9, 0xf9, 0xfb, 0xfb, 0xfb, 0xfc, 0xfc, 0xfc,
  0xfd, 0xfd, 0xfd, 0xfd, 0xfd, 0xfd, 0xfd, 0xfd, 0xfd, 0xfe, 0xfe, 0xfe,
  0xfe, 0xfe, 0xfe, 0xfd, 0xfd, 0xfd, 0xfd, 0xfd, 0xfd, 0xfd, 0xfd, 0xfd,
  0xfd, 0xfd, 0xfd, 0xfc, 0xfc, 0xfc, 0xfb, 0xfb, 0xfb, 0xf9, 0xf9, 0xf9,
  0xf6, 0xf6, 0xf6, 0xf3, 0xf3, 0xf3, 0xee, 0xee, 0xee, 0xe7, 0xe7, 0xe7,
  0xdd, 0xdd, 0xdd, 0xd1, 0xd1, 0xd1, 0xc1, 0xc1, 0xc1, 0xb1, 0xb1, 0xb0,
  0x9c, 0xa1, 0xa5, 0xa2, 0x8b, 0x78, 0xd5, 0x71, 0x1b, 0xe0, 0x70, 0x0f,
  0xe0, 0x72, 0x13, 0xe1, 0x72, 0x0f, 0xe0, 0x71, 0x0d, 0xe0, 0x71, 0x0d,
  0xe0, 0x70, 0x0d, 0xdf, 0x6f, 0x0d, 0xdf, 0x6e, 0x0d, 0xdf, 0x6e, 0x0d,
  0xde, 0x6d, 0x0d, 0xde, 0x6d, 0x0d, 0xde, 0x6c, 0x0d, 0xdd, 0x6b, 0x0d,
  0xdd, 0x6a, 0x0d, 0xdd, 0x6a, 0x0d, 0xdc, 0x6a, 0x0d, 0xdc, 0x69, 0x0d,
  0xdc, 0x68, 0x09, 0xdb, 0x67, 0x02, 0xdb, 0x67, 0x00, 0xdb, 0x66, 0x00,
  0xdb, 0x66, 0x00, 0xda, 0x65, 0x00, 0xda, 0x64, 0x00, 0xda, 0x63, 0x00,
  0xd8, 0x62, 0x00, 0xd4, 0x5b, 0x00, 0xd0, 0x71, 0x22, 0xe3, 0xe0, 0xdd,
  0xee, 0xef, 0xf0, 0xf6, 0xf6, 0xf6, 0xfa, 0xfa, 0xfa, 0xfc, 0xfc, 0xfc,
  0xfe, 0xfe, 0xfe, 0xfe, 0xfe, 0xfe, 0xff, 0xff, 0xff, 0xff, 0xff, 0xff,
  0xdb, 0xdb, 0xdb, 0x07, 0x07, 0x07, 0x00, 0x00, 0x00, 0x00, 0x00, 0x00,
  0x00, 0x00, 0x00, 0x00, 0x00, 0x00, 0x00, 0x00, 0x00, 0x00, 0x00, 0x00,
  0x00, 0x00, 0x00, 0x00, 0x00, 0x00, 0x13, 0x13, 0x13, 0xeb, 0xeb, 0xeb,
  0xff, 0xff, 0xff, 0xff, 0xff, 0xff, 0xfe, 0xfe, 0xfe, 0xfe, 0xfe, 0xfe,
  0xfd, 0xfd, 0xfd, 0xfb, 0xfb, 0xfb, 0xf8, 0xf8, 0xf8, 0xf2, 0xf2, 0xf2,
  0xe9, 0xec, 0xee, 0xe2, 0xd1, 0xbe, 0xed, 0x9e, 0x4a, 0xf5, 0x9c, 0x3d,
  0xf7, 0x9f, 0x42, 0xf7, 0x9f, 0x41, 0xf7, 0x9e, 0x40, 0xf7, 0x9e, 0x40,
  0xf7, 0x9d, 0x40, 0xf6, 0x9c, 0x3e, 0xf6, 0x9c, 0x3d, 0xf6, 0x9b, 0x3d,
  0xf5, 0x9a, 0x3d, 0xf5, 0x9a, 0x3c, 0xf5, 0x99, 0x3b, 0xf4, 0x99, 0x3b,
  0xf4, 0x98, 0x3a, 0xf4, 0x97, 0x38, 0xf3, 0x97, 0x38, 0xf3, 0x96, 0x38,
  0xf2, 0x95, 0x37, 0xf1, 0x94, 0x36, 0xf1, 0x93, 0x35, 0xf0, 0x92, 0x35,
  0xef, 0x92, 0x34, 0xed, 0x90, 0x32, 0xec, 0x8e, 0x31, 0xe9, 0x8d, 0x31,
  0xe6, 0x8a, 0x30, 0xe2, 0x85, 0x2b, 0xd2, 0x81, 0x30, 0x98, 0x85, 0x72,
  0x8d, 0x91, 0x95, 0x9f, 0x9f, 0x9f, 0xad, 0xad, 0xad, 0xbb, 0xbb, 0xbb,
  0xc6, 0xc6, 0xc6, 0xd1, 0xd1, 0xd1, 0xd9, 0xd9, 0xd9, 0xe0, 0xe0, 0xe0,
  0xe5, 0xe5, 0xe5, 0xea, 0xea, 0xea, 0xee, 0xee, 0xee, 0xf2, 0xf2, 0xf2,
  0xf4, 0xf4, 0xf4, 0xf7, 0xf7, 0xf7, 0xf8, 0xf8, 0xf8, 0xfa, 0xfa, 0xfa,
  0xfb, 0xfb, 0xfb, 0xfc, 0xfc, 0xfc, 0xfd, 0xfd, 0xfd, 0xfd, 0xfd, 0xfd,
  0xfd, 0xfd, 0xfd, 0xfd, 0xfd, 0xfd, 0xfd, 0xfd, 0xfd, 0xfc, 0xfc, 0xfc,
  0xfb, 0xfb, 0xfb, 0xfa, 0xfa, 0xfa, 0xf9, 0xf9, 0xf9, 0xf6, 0xf6, 0xf6,
  0xf3, 0xf3, 0xf3, 0xee, 0xee, 0xee, 0xe7, 0xe7, 0xe7, 0xdd, 0xdd, 0xdd,
  0xd0, 0xd0, 0xd0, 0xc1, 0xc1, 0xc1, 0xb0, 0xb0, 0xb0, 0x9b, 0xa0, 0xa5,
  0xa2, 0x8b, 0x77, 0xd6, 0x73, 0x1d, 0xe1, 0x72, 0x12, 0xe1, 0x74, 0x17,
  0xe2, 0x74, 0x16, 0xe2, 0x73, 0x15, 0xe1, 0x72, 0x10, 0xe1, 0x72, 0x0d,
  0xe1, 0x71, 0x0d, 0xe0, 0x70, 0x0d, 0xe0, 0x70, 0x0d, 0xe0, 0x70, 0x0d,
  0xdf, 0x6f, 0x0d, 0xdf, 0x6e, 0x0d, 0xdf, 0x6d, 0x0d, 0xde, 0x6c, 0x0d,
  0xde, 0x6b, 0x0d, 0xde, 0x6a, 0x0d, 0xdd, 0x6a, 0x0d, 0xdd, 0x6a, 0x0d,
  0xdd, 0x69, 0x0d, 0xdc, 0x69, 0x0b, 0xdc, 0x68, 0x04, 0xdc, 0x68, 0x00,
  0xdb, 0x67, 0x00, 0xdb, 0x66, 0x00, 0xdb, 0x65, 0x00, 0xda, 0x64, 0x00,
  0xd7, 0x5e, 0x00, 0xd1, 0x67, 0x0e, 0xdc, 0xc4, 0xb0, 0xea, 0xed, 0xf0,
  0xf2, 0xf2, 0xf2, 0xf8, 0xf8, 0xf8, 0xfb, 0xfb, 0xfb, 0xfd, 0xfd, 0xfd,
  0xfe, 0xfe, 0xfe, 0xfe, 0xfe, 0xfe, 0xff, 0xff, 0xff, 0xff, 0xff, 0xff,
  0xeb, 0xeb, 0xeb, 0x13, 0x13, 0x13, 0x00, 0x00, 0x00, 0x00, 0x00, 0x00,
  0x00, 0x00, 0x00, 0x00, 0x00, 0x00, 0x00, 0x00, 0x00, 0x00, 0x00, 0x00,
  0x00, 0x00, 0x00, 0x00, 0x00, 0x00, 0x14, 0x14, 0x14, 0xeb, 0xeb, 0xeb,
  0xff, 0xff, 0xff, 0xff, 0xff, 0xff, 0xfe, 0xfe, 0xfe, 0xfe, 0xfe, 0xfe,
  0xfd, 0xfd, 0xfd, 0xfc, 0xfc, 0xfc, 0xfa, 0xfa, 0xfa, 0xf6, 0xf6, 0xf6,
  0xf0, 0xf0, 0xf0, 0xe6, 0xea, 0xee, 0xe0, 0xce, 0xbb, 0xee, 0x9f, 0x4a,
  0xf5, 0x9c, 0x3d, 0xf7, 0x9f, 0x42, 0xf8, 0x9f, 0x41, 0xf7, 0x9f, 0x40,
  0xf7, 0x9e, 0x40, 0xf7, 0x9d, 0x40, 0xf6, 0x9d, 0x3f, 0xf6, 0x9c, 0x3d,
  0xf6, 0x9b, 0x3d, 0xf5, 0x9b, 0x3d, 0xf5, 0x9a, 0x3d, 0xf5, 0x99, 0x3c,
  0xf4, 0x99, 0x3b, 0xf4, 0x98, 0x3a, 0xf4, 0x97, 0x39, 0xf3, 0x97, 0x38,
  0xf3, 0x96, 0x38, 0xf2, 0x94, 0x38, 0xf1, 0x94, 0x36, 0xf0, 0x93, 0x35,
  0xef, 0x92, 0x34, 0xed, 0x90, 0x34, 0xea, 0x8e, 0x32, 0xe7, 0x8c, 0x30,
  0xe4, 0x89, 0x2f, 0xde, 0x86, 0x2f, 0xda, 0x81, 0x29, 0xc9, 0x7b, 0x2e,
  0x90, 0x7e, 0x6d, 0x85, 0x89, 0x8d, 0x97, 0x96, 0x96, 0xa4, 0xa4, 0xa4,
  0xb2, 0xb2, 0xb2, 0xbf, 0xbf, 0xbf, 0xca, 0xca, 0xca, 0xd3, 0xd3, 0xd3,
  0xdb, 0xdb, 0xdb, 0xe2, 0xe2, 0xe2, 0xe7, 0xe7, 0xe7, 0xeb, 0xeb, 0xeb,
  0xef, 0xef, 0xef, 0xf3, 0xf3, 0xf3, 0xf5, 0xf5, 0xf5, 0xf7, 0xf7, 0xf7,
  0xf9, 0xf9, 0xf9, 0xfa, 0xfa, 0xfa, 0xfb, 0xfb, 0xfb, 0xfc, 0xfc, 0xfc,
  0xfc, 0xfc, 0xfc, 0xfc, 0xfc, 0xfc, 0xfb, 0xfb, 0xfb, 0xfb, 0xfb, 0xfb,
  0xfa, 0xfa, 0xfa, 0xf8, 0xf8, 0xf8, 0xf5, 0xf5, 0xf5, 0xf3, 0xf3, 0xf3,
  0xee, 0xee, 0xee, 0xe7, 0xe7, 0xe7, 0xdd, 0xdd, 0xdd, 0xd0, 0xd0, 0xd0,
  0xc1, 0xc1, 0xc1, 0xb0, 0xb0, 0xb0, 0x9b, 0xa0, 0xa5, 0xa2, 0x8b, 0x77,
  0xd6, 0x74, 0x1d, 0xe2, 0x74, 0x12, 0xe2, 0x76, 0x16, 0xe3, 0x75, 0x16,
  0xe2, 0x75, 0x16, 0xe2, 0x74, 0x16, 0xe2, 0x73, 0x16, 0xe1, 0x72, 0x12,
  0xe1, 0x72, 0x0e, 0xe1, 0x71, 0x0d, 0xe0, 0x71, 0x0d, 0xe0, 0x70, 0x0d,
  0xe0, 0x70, 0x0d, 0xdf, 0x6f, 0x0d, 0xdf, 0x6e, 0x0d, 0xdf, 0x6d, 0x0d,
  0xde, 0x6d, 0x0d, 0xde, 0x6c, 0x0d, 0xde, 0x6b, 0x0d, 0xdd, 0x6a, 0x0d,
  0xdd, 0x6a, 0x0d, 0xdd, 0x69, 0x0d, 0xdc, 0x69, 0x0c, 0xdc, 0x68, 0x07,
  0xdc, 0x68, 0x01, 0xdc, 0x67, 0x00, 0xdb, 0x66, 0x00, 0xd7, 0x60, 0x00,
  0xd2, 0x68, 0x0e, 0xda, 0xc2, 0xae, 0xe8, 0xed, 0xf1, 0xf0, 0xf0, 0xf0,
  0xf6, 0xf6, 0xf6, 0xfa, 0xfa, 0xfa, 0xfc, 0xfc, 0xfc, 0xfd, 0xfd, 0xfd,
  0xfe, 0xfe, 0xfe, 0xfe, 0xfe, 0xfe, 0xff, 0xff, 0xff, 0xff, 0xff, 0xff,
  0xeb, 0xeb, 0xeb, 0x14, 0x14, 0x14, 0x00, 0x00, 0x00, 0x00, 0x00, 0x00,
  0x00, 0x00, 0x00, 0x00, 0x00, 0x00, 0x00, 0x00, 0x00, 0x00, 0x00, 0x00,
  0x00, 0x00, 0x00, 0x00, 0x00, 0x00, 0x14, 0x14, 0x14, 0xeb, 0xeb, 0xeb,
  0xff, 0xff, 0xff, 0xff, 0xff, 0xff, 0xff, 0xff, 0xff, 0xfe, 0xfe, 0xfe,
  0xfe, 0xfe, 0xfe, 0xfd, 0xfd, 0xfd, 0xfb, 0xfb, 0xfb, 0xf9, 0xf9, 0xf9,
  0xf5, 0xf5, 0xf5, 0xef, 0xef, 0xef, 0xe4, 0xe8, 0xed, 0xdf, 0xcd, 0xba,
  0xee, 0x9f, 0x4a, 0xf6, 0x9c, 0x3d, 0xf7, 0x9f, 0x42, 0xf8, 0x9f, 0x41,
  0xf7, 0x9f, 0x40, 0xf7, 0x9e, 0x40, 0xf7, 0x9e, 0x40, 0xf6, 0x9d, 0x3f,
  0xf6, 0x9c, 0x3e, 0xf6, 0x9c, 0x3d, 0xf6, 0x9b, 0x3d, 0xf5, 0x9a, 0x3d,
  0xf5, 0x9a, 0x3c, 0xf5, 0x99, 0x3b, 0xf4, 0x98, 0x3b, 0xf4, 0x97, 0x39,
  0xf3, 0x96, 0x38, 0xf2, 0x95, 0x38, 0xf1, 0x95, 0x38, 0xf0, 0x94, 0x36,
  0xee, 0x92, 0x34, 0xec, 0x90, 0x34, 0xe9, 0x8e, 0x33, 0xe5, 0x8b, 0x32,
  0xe0, 0x87, 0x2f, 0xda, 0x84, 0x2d, 0xd3, 0x7f, 0x2c, 0xcc, 0x79, 0x27,
  0xbb, 0x73, 0x2b, 0x86, 0x75, 0x65, 0x7c, 0x80, 0x83, 0x8d, 0x8d, 0x8d,
  0x9b, 0x9b, 0x9b, 0xaa, 0xaa, 0xaa, 0xb7, 0xb7, 0xb7, 0xc3, 0xc3, 0xc3,
  0xce, 0xce, 0xce, 0xd6, 0xd6, 0xd6, 0xde, 0xde, 0xde, 0xe4, 0xe4, 0xe4,
  0xe9, 0xe9, 0xe9, 0xed, 0xed, 0xed, 0xf1, 0xf1, 0xf1, 0xf4, 0xf4, 0xf4,
  0xf6, 0xf6, 0xf6, 0xf7, 0xf7, 0xf7, 0xf9, 0xf9, 0xf9, 0xfa, 0xfa, 0xfa,
  0xfa, 0xfa, 0xfa, 0xfa, 0xfa, 0xfa, 0xfa, 0xfa, 0xfa, 0xf9, 0xf9, 0xf9,
  0xf8, 0xf8, 0xf8, 0xf5, 0xf5, 0xf5, 0xf2, 0xf2, 0xf2, 0xed, 0xed, 0xed,
  0xe6, 0xe6, 0xe6, 0xdd, 0xdd, 0xdd, 0xd0, 0xd0, 0xd0, 0xc1, 0xc1, 0xc1,
  0xb0, 0xb0, 0xb0, 0x9b, 0xa0, 0xa5, 0xa2, 0x8b, 0x77, 0xd7, 0x75, 0x1d,
  0xe3, 0x75, 0x12, 0xe3, 0x77, 0x16, 0xe3, 0x77, 0x16, 0xe3, 0x76, 0x16,
  0xe3, 0x75, 0x16, 0xe2, 0x75, 0x16, 0xe2, 0x75, 0x16, 0xe2, 0x74, 0x16,
  0xe1, 0x73, 0x14, 0xe1, 0x72, 0x0f, 0xe1, 0x71, 0x0d, 0xe0, 0x71, 0x0d,
  0xe0, 0x70, 0x0d, 0xe0, 0x70, 0x0d, 0xdf, 0x70, 0x0d, 0xdf, 0x6e, 0x0d,
  0xdf, 0x6d, 0x0d, 0xde, 0x6d, 0x0d, 0xde, 0x6c, 0x0d, 0xde, 0x6b, 0x0d,
  0xdd, 0x6a, 0x0d, 0xdd, 0x6a, 0x0d, 0xdd, 0x6a, 0x0d, 0xdd, 0x69, 0x0d,
  0xdc, 0x68, 0x09, 0xdb, 0x68, 0x03, 0xd8, 0x62, 0x00, 0xd3, 0x6a, 0x0e,
  0xd9, 0xc1, 0xad, 0xe6, 0xeb, 0xf0, 0xef, 0xef, 0xef, 0xf5, 0xf5, 0xf5,
  0xf9, 0xf9, 0xf9, 0xfb, 0xfb, 0xfb, 0xfd, 0xfd, 0xfd, 0xfe, 0xfe, 0xfe,
  0xfe, 0xfe, 0xfe, 0xff, 0xff, 0xff, 0xff, 0xff, 0xff, 0xff, 0xff, 0xff,
  0xeb, 0xeb, 0xeb, 0x14, 0x14, 0x14, 0x00, 0x00, 0x00, 0x00, 0x00, 0x00,
  0x00, 0x00, 0x00, 0x00, 0x00, 0x00, 0x00, 0x00, 0x00, 0x00, 0x00, 0x00,
  0x00, 0x00, 0x00, 0x00, 0x00, 0x00, 0x14, 0x14, 0x14, 0xeb, 0xeb, 0xeb,
  0xff, 0xff, 0xff, 0xff, 0xff, 0xff, 0xff, 0xff, 0xff, 0xfe, 0xfe, 0xfe,
  0xfe, 0xfe, 0xfe, 0xfe, 0xfe, 0xfe, 0xfd, 0xfd, 0xfd, 0xfb, 0xfb, 0xfb,
  0xf8, 0xf8, 0xf8, 0xf4, 0xf4, 0xf4, 0xee, 0xee, 0xee, 0xe3, 0xe7, 0xec,
  0xdf, 0xcd, 0xba, 0xee, 0x9f, 0x4b, 0xf6, 0x9d, 0x3d, 0xf7, 0xa0, 0x42,
  0xf8, 0xa0, 0x42, 0xf8, 0x9f, 0x41, 0xf7, 0x9e, 0x40, 0xf7, 0x9e, 0x40,
  0xf7, 0x9d, 0x40, 0xf6, 0x9c, 0x3e, 0xf6, 0x9c, 0x3d, 0xf6, 0x9b, 0x3d,
  0xf5, 0x9b, 0x3d, 0xf5, 0x9a, 0x3c, 0xf5, 0x99, 0x3b, 0xf4, 0x98, 0x3b,
  0xf3, 0x97, 0x3a, 0xf2, 0x96, 0x38, 0xf1, 0x96, 0x38, 0xf0, 0x94, 0x37,
  0xed, 0x92, 0x36, 0xeb, 0x90, 0x34, 0xe7, 0x8d, 0x33, 0xe2, 0x89, 0x31,
  0xdb, 0x85, 0x30, 0xd4, 0x80, 0x2d, 0xcb, 0x7b, 0x2a, 0xc3, 0x75, 0x29,
  0xbc, 0x6f, 0x24, 0xac, 0x69, 0x27, 0x7a, 0x6a, 0x5b, 0x72, 0x75, 0x78,
  0x84, 0x84, 0x84, 0x93, 0x93, 0x93, 0xa2, 0xa2, 0xa2, 0xb0, 0xb0, 0xb0,
  0xbd, 0xbd, 0xbd, 0xc8, 0xc8, 0xc8, 0xd1, 0xd1, 0xd1, 0xda, 0xda, 0xda,
  0xe1, 0xe1, 0xe1, 0xe6, 0xe6, 0xe6, 0xea, 0xea, 0xea, 0xee, 0xee, 0xee,
  0xf2, 0xf2, 0xf2, 0xf4, 0xf4, 0xf4, 0xf6, 0xf6, 0xf6, 0xf7, 0xf7, 0xf7,
  0xf8, 0xf8, 0xf8, 0xf8, 0xf8, 0xf8, 0xf7, 0xf7, 0xf7, 0xf6, 0xf6, 0xf6,
  0xf4, 0xf4, 0xf4, 0xf1, 0xf1, 0xf1, 0xec, 0xec, 0xec, 0xe6, 0xe6, 0xe6,
  0xdc, 0xdc, 0xdc, 0xcf, 0xcf, 0xcf, 0xc1, 0xc1, 0xc1, 0xb0, 0xb0, 0xb0,
  0x9b, 0xa0, 0xa4, 0xa2, 0x8c, 0x77, 0xd8, 0x77, 0x1e, 0xe4, 0x77, 0x13,
  0xe4, 0x78, 0x16, 0xe4, 0x78, 0x16, 0xe4, 0x77, 0x16, 0xe3, 0x77, 0x16,
  0xe3, 0x76, 0x16, 0xe3, 0x75, 0x16, 0xe2, 0x75, 0x16, 0xe2, 0x75, 0x16,
  0xe2, 0x74, 0x16, 0xe2, 0x73, 0x15, 0xe1, 0x72, 0x11, 0xe1, 0x72, 0x0d,
  0xe1, 0x71, 0x0d, 0xe0, 0x70, 0x0d, 0xe0, 0x70, 0x0d, 0xe0, 0x70, 0x0d,
  0xdf, 0x6f, 0x0d, 0xdf, 0x6e, 0x0d, 0xdf, 0x6d, 0x0d, 0xde, 0x6c, 0x0d,
  0xde, 0x6b, 0x0d, 0xde, 0x6a, 0x0d, 0xdd, 0x6a, 0x0d, 0xdd, 0x6a, 0x0d,
  0xdc, 0x69, 0x0e, 0xd9, 0x63, 0x05, 0xd4, 0x6b, 0x10, 0xd9, 0xc1, 0xac,
  0xe5, 0xea, 0xef, 0xee, 0xee, 0xee, 0xf4, 0xf4, 0xf4, 0xf8, 0xf8, 0xf8,
  0xfb, 0xfb, 0xfb, 0xfd, 0xfd, 0xfd, 0xfe, 0xfe, 0xfe, 0xfe, 0xfe, 0xfe,
  0xfe, 0xfe, 0xfe, 0xff, 0xff, 0xff, 0xff, 0xff, 0xff, 0xff, 0xff, 0xff,
  0xeb, 0xeb, 0xeb, 0x14, 0x14, 0x14, 0x00, 0x00, 0x00, 0x00, 0x00, 0x00,
  0x00, 0x00, 0x00, 0x00, 0x00, 0x00, 0x00, 0x00, 0x00, 0x00, 0x00, 0x00,
  0x00, 0x00, 0x00, 0x00, 0x00, 0x00, 0x14, 0x14, 0x14, 0xeb, 0xeb, 0xeb,
  0xff, 0xff, 0xff, 0xff, 0xff, 0xff, 0xff, 0xff, 0xff, 0xff, 0xff, 0xff,
  0xfe, 0xfe, 0xfe, 0xfe, 0xfe, 0xfe, 0xfd, 0xfd, 0xfd, 0xfc, 0xfc, 0xfc,
  0xfa, 0xfa, 0xfa, 0xf8, 0xf8, 0xf8, 0xf4, 0xf4, 0xf4, 0xee, 0xee, 0xed,
  0xe3, 0xe7, 0xeb, 0xde, 0xcd, 0xb9, 0xee, 0x9f, 0x4b, 0xf6, 0x9d, 0x3d,
  0xf7, 0xa0, 0x42, 0xf8, 0xa0, 0x42, 0xf8, 0x9f, 0x41, 0xf7, 0x9f, 0x40,
  0xf7, 0x9e, 0x40, 0xf7, 0x9d, 0x40, 0xf6, 0x9d, 0x3f, 0xf6, 0x9c, 0x3d,
  0xf6, 0x9b, 0x3d, 0xf5, 0x9b, 0x3d, 0xf5, 0x9a, 0x3d, 0xf4, 0x99, 0x3c,
  0xf3, 0x98, 0x3b, 0xf3, 0x97, 0x3a, 0xf1, 0x96, 0x39, 0xef, 0x95, 0x37,
  0xed, 0x92, 0x37, 0xe9, 0x90, 0x36, 0xe5, 0x8c, 0x33, 0xde, 0x88, 0x31,
  0xd7, 0x83, 0x2f, 0xcd, 0x7d, 0x2d, 0xc4, 0x77, 0x2a, 0xb9, 0x6f, 0x25,
  0xae, 0x65, 0x1c, 0xab, 0x66, 0x21, 0xa3, 0x6a, 0x32, 0x76, 0x6a, 0x5e,
  0x68, 0x6a, 0x6b, 0x77, 0x78, 0x78, 0x8b, 0x8b, 0x8b, 0x9b, 0x9b, 0x9b,
  0xaa, 0xaa, 0xaa, 0xb7, 0xb7, 0xb7, 0xc3, 0xc3, 0xc3, 0xcd, 0xcd, 0xcd,
  0xd5, 0xd5, 0xd5, 0xdd, 0xdd, 0xdd, 0xe3, 0xe3, 0xe3, 0xe8, 0xe8, 0xe8,
  0xec, 0xec, 0xec, 0xef, 0xef, 0xef, 0xf2, 0xf2, 0xf2, 0xf3, 0xf3, 0xf3,
  0xf4, 0xf4, 0xf4, 0xf4, 0xf4, 0xf4, 0xf4, 0xf4, 0xf4, 0xf2, 0xf2, 0xf2,
  0xf0, 0xf0, 0xf0, 0xeb, 0xeb, 0xeb, 0xe5, 0xe5, 0xe5, 0xdb, 0xdb, 0xdb,
  0xcf, 0xcf, 0xcf, 0xc0, 0xc0, 0xc0, 0xaf, 0xaf, 0xaf, 0x9a, 0x9f, 0xa3,
  0xa2, 0x8c, 0x78, 0xd8, 0x78, 0x22, 0xe5, 0x78, 0x18, 0xe5, 0x79, 0x1b,
  0xe5, 0x7a, 0x18, 0xe5, 0x79, 0x16, 0xe4, 0x78, 0x16, 0xe4, 0x78, 0x16,
  0xe4, 0x77, 0x16, 0xe3, 0x76, 0x16, 0xe3, 0x76, 0x16, 0xe3, 0x75, 0x16,
  0xe2, 0x75, 0x16, 0xe2, 0x75, 0x16, 0xe2, 0x73, 0x16, 0xe1, 0x72, 0x13,
  0xe1, 0x72, 0x0e, 0xe1, 0x71, 0x0d, 0xe0, 0x71, 0x0d, 0xe0, 0x70, 0x0d,
  0xe0, 0x70, 0x0d, 0xdf, 0x6f, 0x0d, 0xdf, 0x6e, 0x0d, 0xdf, 0x6d, 0x0d,
  0xde, 0x6d, 0x0d, 0xde, 0x6c, 0x0d, 0xde, 0x6b, 0x0d, 0xdd, 0x6a, 0x0d,
  0xda, 0x65, 0x07, 0xd4, 0x6c, 0x18, 0xd8, 0xc1, 0xac, 0xe4, 0xea, 0xee,
  0xee, 0xed, 0xed, 0xf4, 0xf4, 0xf4, 0xf8, 0xf8, 0xf8, 0xfa, 0xfa, 0xfa,
  0xfc, 0xfc, 0xfc, 0xfd, 0xfd, 0xfd, 0xfe, 0xfe, 0xfe, 0xfe, 0xfe, 0xfe,
  0xff, 0xff, 0xff, 0xff, 0xff, 0xff, 0xff, 0xff, 0xff, 0xff, 0xff, 0xff,
  0xeb, 0xeb, 0xeb, 0x14, 0x14, 0x14, 0x00, 0x00, 0x00, 0x00, 0x00, 0x00,
  0x00, 0x00, 0x00, 0x00, 0x00, 0x00, 0x00, 0x00, 0x00, 0x00, 0x00, 0x00,
  0x00, 0x00, 0x00, 0x00, 0x00, 0x00, 0x14, 0x14, 0x14, 0xeb, 0xeb, 0xeb,
  0xff, 0xff, 0xff, 0xff, 0xff, 0xff, 0xff, 0xff, 0xff, 0xff, 0xff, 0xff,
  0xff, 0xff, 0xff, 0xfe, 0xfe, 0xfe, 0xfe, 0xfe, 0xfe, 0xfd, 0xfd, 0xfd,
  0xfc, 0xfc, 0xfc, 0xfa, 0xfa, 0xfa, 0xf8, 0xf8, 0xf8, 0xf4, 0xf4, 0xf4,
  0xed, 0xed, 0xed, 0xe3, 0xe7, 0xeb, 0xde, 0xcd, 0xb9, 0xee, 0xa0, 0x4b,
  0xf6, 0x9d, 0x3d, 0xf8, 0xa0, 0x43, 0xf8, 0xa0, 0x42, 0xf8, 0xa0, 0x41,
  0xf7, 0x9f, 0x40, 0xf7, 0x9e, 0x40, 0xf7, 0x9e, 0x40, 0xf6, 0x9d, 0x40,
  0xf6, 0x9c, 0x3e, 0xf6, 0x9c, 0x3d, 0xf5, 0x9b, 0x3d, 0xf4, 0x99, 0x3d,
  0xf4, 0x99, 0x3c, 0xf3, 0x98, 0x3b, 0xf1, 0x97, 0x3a, 0xef, 0x95, 0x38,
  0xec, 0x93, 0x36, 0xe8, 0x90, 0x36, 0xe3, 0x8c, 0x34, 0xdb, 0x87, 0x32,
  0xd2, 0x81, 0x2e, 0xc7, 0x7a, 0x2c, 0xba, 0x70, 0x25, 0xb2, 0x6d, 0x29,
  0xca, 0xa2, 0x7b, 0xe1, 0xd2, 0xc3, 0xea, 0xe0, 0xd6, 0xe3, 0xdb, 0xd3,
  0xc0, 0xbe, 0xbd, 0x88, 0x88, 0x87, 0x70, 0x70, 0x70, 0x82, 0x82, 0x82,
  0x95, 0x95, 0x95, 0xa4, 0xa4, 0xa4, 0xb2, 0xb2, 0xb2, 0xbe, 0xbe, 0xbe,
  0xc8, 0xc8, 0xc8, 0xd1, 0xd1, 0xd1, 0xd9, 0xd9, 0xd9, 0xdf, 0xdf, 0xdf,
  0xe4, 0xe4, 0xe4, 0xe8, 0xe8, 0xe8, 0xeb, 0xeb, 0xeb, 0xee, 0xee, 0xee,
  0xef, 0xef, 0xef, 0xf0, 0xf0, 0xf0, 0xef, 0xef, 0xef, 0xed, 0xed, 0xed,
  0xe9, 0xe9, 0xe9, 0xe3, 0xe3, 0xe3, 0xda, 0xda, 0xda, 0xce, 0xce, 0xce,
  0xc0, 0xc0, 0xc0, 0xaf, 0xaf, 0xaf, 0x9a, 0x9f, 0xa3, 0xa1, 0x8c, 0x77,
  0xd8, 0x79, 0x23, 0xe5, 0x7a, 0x19, 0xe5, 0x7c, 0x1c, 0xe6, 0x7b, 0x1c,
  0xe5, 0x7b, 0x1c, 0xe5, 0x7a, 0x19, 0xe5, 0x79, 0x16, 0xe4, 0x79, 0x16,
  0xe4, 0x78, 0x16, 0xe4, 0x77, 0x16, 0xe3, 0x77, 0x16, 0xe3, 0x76, 0x16,
  0xe3, 0x75, 0x16, 0xe2, 0x75, 0x16, 0xe2, 0x75, 0x16, 0xe2, 0x74, 0x16,
  0xe1, 0x73, 0x14, 0xe1, 0x72, 0x0f, 0xe1, 0x71, 0x0d, 0xe0, 0x71, 0x0d,
  0xe0, 0x70, 0x0d, 0xe0, 0x70, 0x0d, 0xdf, 0x70, 0x0d, 0xdf, 0x6f, 0x0d,
  0xdf, 0x6e, 0x0d, 0xde, 0x6d, 0x0d, 0xdd, 0x6c, 0x0d, 0xdb, 0x66, 0x07,
  0xd5, 0x6e, 0x1a, 0xd9, 0xc1, 0xae, 0xe4, 0xe9, 0xee, 0xed, 0xed, 0xed,
  0xf4, 0xf4, 0xf4, 0xf8, 0xf8, 0xf8, 0xfa, 0xfa, 0xfa, 0xfc, 0xfc, 0xfc,
  0xfd, 0xfd, 0xfd, 0xfe, 0xfe, 0xfe, 0xfe, 0xfe, 0xfe, 0xff, 0xff, 0xff,
  0xff, 0xff, 0xff, 0xff, 0xff, 0xff, 0xff, 0xff, 0xff, 0xff, 0xff, 0xff,
  0xeb, 0xeb, 0xeb, 0x14, 0x14, 0x14, 0x00, 0x00, 0x00, 0x00, 0x00, 0x00,
  0x00, 0x00, 0x00, 0x00, 0x00, 0x00, 0x00, 0x00, 0x00, 0x00, 0x00, 0x00,
  0x00, 0x00, 0x00, 0x00, 0x00, 0x00, 0x14, 0x14, 0x14, 0xeb, 0xeb, 0xeb,
  0xff, 0xff, 0xff, 0xff, 0xff, 0xff, 0xff, 0xff, 0xff, 0xff, 0xff, 0xff,
  0xff, 0xff, 0xff, 0xfe, 0xfe, 0xfe, 0xfe, 0xfe, 0xfe, 0xfe, 0xfe, 0xfe,
  0xfd, 0xfd, 0xfd, 0xfc, 0xfc, 0xfc, 0xfa, 0xfa, 0xfa, 0xf7, 0xf7, 0xf7,
  0xf3, 0xf3, 0xf3, 0xed, 0xed, 0xed, 0xe2, 0xe7, 0xeb, 0xde, 0xcc, 0xb9,
  0xee, 0xa0, 0x4b, 0xf6, 0x9d, 0x3e, 0xf8, 0xa0, 0x43, 0xf8, 0xa0, 0x42,
  0xf8, 0xa0, 0x42, 0xf8, 0x9f, 0x41, 0xf7, 0x9e, 0x40, 0xf7, 0x9e, 0x40,
  0xf7, 0x9d, 0x40, 0xf6, 0x9d, 0x3f, 0xf6, 0x9c, 0x3d, 0xf5, 0x9a, 0x3d,
  0xf4, 0x9a, 0x3d, 0xf3, 0x99, 0x3c, 0xf2, 0x97, 0x3b, 0xef, 0x96, 0x3a,
  0xec, 0x93, 0x38, 0xe7, 0x90, 0x35, 0xe1, 0x8b, 0x34, 0xd8, 0x86, 0x32,
  0xce, 0x7e, 0x2f, 0xc1, 0x75, 0x29, 0xb7, 0x72, 0x2d, 0xdd, 0xc7, 0xb1,
  0xf3, 0xf4, 0xf5, 0xf1, 0xf0, 0xf0, 0xf0, 0xee, 0xec, 0xf1, 0xef, 0xed,
  0xf6, 0xf2, 0xef, 0xef, 0xec, 0xe9, 0xbe, 0xbc, 0xba, 0x83, 0x82, 0x82,
  0x79, 0x79, 0x79, 0x8e, 0x8e, 0x8e, 0x9f, 0x9f, 0x9f, 0xac, 0xac, 0xac,
  0xb8, 0xb8, 0xb8, 0xc2, 0xc2, 0xc2, 0xcc, 0xcc, 0xcc, 0xd4, 0xd4, 0xd4,
  0xdb, 0xdb, 0xdb, 0xe0, 0xe0, 0xe0, 0xe4, 0xe4, 0xe4, 0xe7, 0xe7, 0xe7,
  0xe9, 0xe9, 0xe9, 0xea, 0xea, 0xea, 0xe9, 0xe9, 0xe9, 0xe6, 0xe6, 0xe6,
  0xe1, 0xe1, 0xe1, 0xd8, 0xd8, 0xd8, 0xcd, 0xcd, 0xcd, 0xbf, 0xbf, 0xbf,
  0xae, 0xae, 0xae, 0x9a, 0x9e, 0xa3, 0xa1, 0x8c, 0x78, 0xd8, 0x7a, 0x23,
  0xe5, 0x7b, 0x18, 0xe5, 0x7d, 0x1c, 0xe5, 0x7d, 0x1c, 0xe5, 0x7c, 0x1c,
  0xe6, 0x7c, 0x1c, 0xe5, 0x7b, 0x1c, 0xe5, 0x7a, 0x1a, 0xe5, 0x79, 0x17,
  0xe4, 0x79, 0x16, 0xe4, 0x78, 0x16, 0xe4, 0x78, 0x16, 0xe3, 0x77, 0x16,
  0xe3, 0x76, 0x16, 0xe3, 0x76, 0x16, 0xe2, 0x75, 0x16, 0xe2, 0x75, 0x16,
  0xe2, 0x74, 0x16, 0xe2, 0x73, 0x15, 0xe1, 0x72, 0x11, 0xe1, 0x72, 0x0d,
  0xe1, 0x71, 0x0d, 0xe0, 0x70, 0x0d, 0xe0, 0x70, 0x0d, 0xe0, 0x70, 0x0d,
  0xdf, 0x6f, 0x0d, 0xde, 0x6e, 0x0d, 0xdb, 0x68, 0x07, 0xd6, 0x6f, 0x19,
  0xd8, 0xc1, 0xae, 0xe4, 0xe9, 0xed, 0xed, 0xed, 0xed, 0xf3, 0xf3, 0xf3,
  0xf7, 0xf7, 0xf7, 0xfa, 0xfa, 0xfa, 0xfc, 0xfc, 0xfc, 0xfd, 0xfd, 0xfd,
  0xfe, 0xfe, 0xfe, 0xfe, 0xfe, 0xfe, 0xfe, 0xfe, 0xfe, 0xff, 0xff, 0xff,
  0xff, 0xff, 0xff, 0xff, 0xff, 0xff, 0xff, 0xff, 0xff, 0xff, 0xff, 0xff,
  0xeb, 0xeb, 0xeb, 0x14, 0x14, 0x14, 0x00, 0x00, 0x00, 0x00, 0x00, 0x00,
  0x00, 0x00, 0x00, 0x00, 0x00, 0x00, 0x00, 0x00, 0x00, 0x00, 0x00, 0x00,
  0x00, 0x00, 0x00, 0x00, 0x00, 0x00, 0x14, 0x14, 0x14, 0xeb, 0xeb, 0xeb,
  0xff, 0xff, 0xff, 0xff, 0xff, 0xff, 0xff, 0xff, 0xff, 0xff, 0xff, 0xff,
  0xff, 0xff, 0xff, 0xff, 0xff, 0xff, 0xfe, 0xfe, 0xfe, 0xfe, 0xfe, 0xfe,
  0xfe, 0xfe, 0xfe, 0xfd, 0xfd, 0xfd, 0xfc, 0xfc, 0xfc, 0xfa, 0xfa, 0xfa,
  0xf8, 0xf8, 0xf8, 0xf3, 0xf3, 0xf3, 0xed, 0xed, 0xed, 0xe2, 0xe7, 0xeb,
  0xde, 0xcc, 0xb9, 0xee, 0xa0, 0x4b, 0xf6, 0x9d, 0x3e, 0xf8, 0xa1, 0x44,
  0xf8, 0xa1, 0x42, 0xf8, 0xa0, 0x42, 0xf8, 0x9f, 0x41, 0xf7, 0x9f, 0x40,
  0xf7, 0x9e, 0x40, 0xf7, 0x9d, 0x40, 0xf6, 0x9c, 0x3f, 0xf5, 0x9b, 0x3d,
  0xf4, 0x9a, 0x3d, 0xf3, 0x9a, 0x3d, 0xf2, 0x98, 0x3c, 0xef, 0x96, 0x3a,
  0xeb, 0x93, 0x39, 0xe7, 0x90, 0x37, 0xdf, 0x8b, 0x34, 0xd6, 0x84, 0x31,
  0xca, 0x7d, 0x2e, 0xba, 0x6f, 0x24, 0xd5, 0xb4, 0x92, 0xf3, 0xf4, 0xf6,
  0xef, 0xec, 0xe9, 0xef, 0xec, 0xe9, 0xef, 0xec, 0xe9, 0xef, 0xec, 0xe9,
  0xef, 0xec, 0xe9, 0xf0, 0xed, 0xea, 0xf5, 0xf2, 0xef, 0xe9, 0xe6, 0xe3,
  0xb2, 0xb0, 0xaf, 0x82, 0x82, 0x82, 0x84, 0x85, 0x85, 0x98, 0x98, 0x98,
  0xa7, 0xa7, 0xa7, 0xb2, 0xb2, 0xb2, 0xbd, 0xbd, 0xbd, 0xc6, 0xc6, 0xc6,
  0xce, 0xce, 0xce, 0xd5, 0xd5, 0xd5, 0xda, 0xda, 0xda, 0xdf, 0xdf, 0xdf,
  0xe1, 0xe1, 0xe1, 0xe1, 0xe1, 0xe1, 0xe0, 0xe0, 0xe0, 0xdc, 0xdc, 0xdc,
  0xd4, 0xd4, 0xd4, 0xca, 0xca, 0xca, 0xbc, 0xbc, 0xbc, 0xad, 0xad, 0xad,
  0x98, 0x9d, 0xa2, 0xa1, 0x8b, 0x77, 0xd8, 0x7b, 0x25, 0xe5, 0x7c, 0x1b,
  0xe5, 0x7e, 0x1d, 0xe6, 0x7e, 0x1c, 0xe6, 0x7e, 0x1c, 0xe5, 0x7d, 0x1c,
  0xe6, 0x7c, 0x1c, 0xe6, 0x7c, 0x1c, 0xe6, 0x7c, 0x1c, 0xe5, 0x7b, 0x1b,
  0xe5, 0x7a, 0x18, 0xe5, 0x79, 0x16, 0xe4, 0x78, 0x16, 0xe4, 0x78, 0x16,
  0xe4, 0x77, 0x16, 0xe3, 0x76, 0x16, 0xe3, 0x76, 0x16, 0xe3, 0x75, 0x16,
  0xe2, 0x75, 0x16, 0xe2, 0x75, 0x16, 0xe2, 0x74, 0x16, 0xe1, 0x73, 0x13,
  0xe1, 0x72, 0x0e, 0xe1, 0x71, 0x0d, 0xe0, 0x71, 0x0d, 0xe0, 0x70, 0x0d,
  0xdf, 0x6f, 0x0d, 0xdc, 0x69, 0x07, 0xd6, 0x70, 0x19, 0xd9, 0xc2, 0xae,
  0xe4, 0xe9, 0xed, 0xed, 0xed, 0xed, 0xf3, 0xf3, 0xf3, 0xf8, 0xf8, 0xf8,
  0xfa, 0xfa, 0xfa, 0xfc, 0xfc, 0xfc, 0xfd, 0xfd, 0xfd, 0xfe, 0xfe, 0xfe,
  0xfe, 0xfe, 0xfe, 0xfe, 0xfe, 0xfe, 0xff, 0xff, 0xff, 0xff, 0xff, 0xff,
  0xff, 0xff, 0xff, 0xff, 0xff, 0xff, 0xff, 0xff, 0xff, 0xff, 0xff, 0xff,
  0xeb, 0xeb, 0xeb, 0x14, 0x14, 0x14, 0x00, 0x00, 0x00, 0x00, 0x00, 0x00,
  0x00, 0x00, 0x00, 0x00, 0x00, 0x00, 0x00, 0x00, 0x00, 0x00, 0x00, 0x00,
  0x00, 0x00, 0x00, 0x00, 0x00, 0x00, 0x14, 0x14, 0x14, 0xeb, 0xeb, 0xeb,
  0xff, 0xff, 0xff, 0xff, 0xff, 0xff, 0xff, 0xff, 0xff, 0xff, 0xff, 0xff,
  0xff, 0xff, 0xff, 0xff, 0xff, 0xff, 0xff, 0xff, 0xff, 0xfe, 0xfe, 0xfe,
  0xfe, 0xfe, 0xfe, 0xfe, 0xfe, 0xfe, 0xfd, 0xfd, 0xfd, 0xfc, 0xfc, 0xfc,
  0xfa, 0xfa, 0xfa, 0xf8, 0xf8, 0xf8, 0xf3, 0xf3, 0xf3, 0xed, 0xed, 0xed,
  0xe2, 0xe7, 0xeb, 0xde, 0xcc, 0xb9, 0xee, 0xa0, 0x4b, 0xf6, 0x9e, 0x3f,
  0xf8, 0xa1, 0x44, 0xf8, 0xa1, 0x43, 0xf8, 0xa0, 0x42, 0xf8, 0xa0, 0x41,
  0xf7, 0x9f, 0x40, 0xf7, 0x9e, 0x40, 0xf6, 0x9d, 0x40, 0xf6, 0x9c, 0x40,
  0xf5, 0x9b, 0x3e, 0xf4, 0x9a, 0x3d, 0xf2, 0x99, 0x3c, 0xef, 0x97, 0x3b,
  0xeb, 0x94, 0x3a, 0xe6, 0x90, 0x38, 0xde, 0x8b, 0x35, 0xd4, 0x84, 0x32,
  0xc6, 0x7a, 0x2b, 0xbf, 0x7d, 0x3b, 0xeb, 0xe3, 0xdb, 0xf0, 0xee, 0xec,
  0xef, 0xec, 0xe9, 0xef, 0xec, 0xe9, 0xef, 0xec, 0xe9, 0xef, 0xec, 0xe9,
  0xef, 0xec, 0xe9, 0xef, 0xec, 0xe9, 0xef, 0xec, 0xe9, 0xf1, 0xee, 0xeb,
  0xf5, 0xf2, 0xef, 0xe0, 0xdd, 0xdb, 0xa9, 0xa7, 0xa6, 0x86, 0x86, 0x86,
  0x8f, 0x8f, 0x8f, 0xa1, 0xa1, 0xa1, 0xad, 0xad, 0xad, 0xb7, 0xb7, 0xb7,
  0xc0, 0xc0, 0xc0, 0xc8, 0xc8, 0xc8, 0xce, 0xce, 0xce, 0xd2, 0xd2, 0xd2,
  0xd5, 0xd5, 0xd5, 0xd6, 0xd6, 0xd6, 0xd4, 0xd4, 0xd4, 0xce, 0xce, 0xce,
  0xc5, 0xc5, 0xc5, 0xb8, 0xb8, 0xb8, 0xaa, 0xaa, 0xaa, 0x96, 0x9b, 0x9f,
  0x9f, 0x8a, 0x77, 0xd7, 0x7c, 0x27, 0xe4, 0x7d, 0x1e, 0xe5, 0x7f, 0x22,
  0xe5, 0x7e, 0x20, 0xe6, 0x7e, 0x1d, 0xe6, 0x7e, 0x1c, 0xe6, 0x7e, 0x1c,
  0xe6, 0x7d, 0x1c, 0xe5, 0x7d, 0x1c, 0xe5, 0x7c, 0x1c, 0xe5, 0x7c, 0x1c,
  0xe5, 0x7b, 0x1c, 0xe5, 0x7a, 0x19, 0xe5, 0x79, 0x16, 0xe4, 0x79, 0x16,
  0xe4, 0x78, 0x16, 0xe4, 0x77, 0x16, 0xe3, 0x77, 0x16, 0xe3, 0x76, 0x16,
  0xe3, 0x75, 0x16, 0xe2, 0x75, 0x16, 0xe2, 0x75, 0x16, 0xe2, 0x74, 0x16,
  0xe1, 0x73, 0x15, 0xe1, 0x72, 0x10, 0xe1, 0x72, 0x0d, 0xe0, 0x71, 0x0d,
  0xdd, 0x6b, 0x07, 0xd7, 0x72, 0x1a, 0xd9, 0xc2, 0xae, 0xe4, 0xe9, 0xed,
  0xed, 0xed, 0xed, 0xf3, 0xf3, 0xf3, 0xf8, 0xf8, 0xf8, 0xfa, 0xfa, 0xfa,
  0xfc, 0xfc, 0xfc, 0xfd, 0xfd, 0xfd, 0xfe, 0xfe, 0xfe, 0xfe, 0xfe, 0xfe,
  0xfe, 0xfe, 0xfe, 0xff, 0xff, 0xff, 0xff, 0xff, 0xff, 0xff, 0xff, 0xff,
  0xff, 0xff, 0xff, 0xff, 0xff, 0xff, 0xff, 0xff, 0xff, 0xff, 0xff, 0xff,
  0xeb, 0xeb, 0xeb, 0x14, 0x14, 0x14, 0x00, 0x00, 0x00, 0x00, 0x00, 0x00,
  0x00, 0x00, 0x00, 0x00, 0x00, 0x00, 0x00, 0x00, 0x00, 0x00, 0x00, 0x00,
  0x00, 0x00, 0x00, 0x00, 0x00, 0x00, 0x14, 0x14, 0x14, 0xeb, 0xeb, 0xeb,
  0xff, 0xff, 0xff, 0xff, 0xff, 0xff, 0xff, 0xff, 0xff, 0xff, 0xff, 0xff,
  0xff, 0xff, 0xff, 0xff, 0xff, 0xff, 0xff, 0xff, 0xff, 0xff, 0xff, 0xff,
  0xfe, 0xfe, 0xfe, 0xfe, 0xfe, 0xfe, 0xfe, 0xfe, 0xfe, 0xfd, 0xfd, 0xfd,
  0xfc, 0xfc, 0xfc, 0xfa, 0xfa, 0xfa, 0xf8, 0xf8, 0xf8, 0xf3, 0xf3, 0xf3,
  0xed, 0xed, 0xed, 0xe2, 0xe7, 0xeb, 0xde, 0xcc, 0xba, 0xee, 0xa0, 0x4c,
  0xf6, 0x9e, 0x3f, 0xf8, 0xa1, 0x45, 0xf9, 0xa1, 0x43, 0xf8, 0xa0, 0x42,
  0xf8, 0xa0, 0x42, 0xf8, 0x9f, 0x41, 0xf7, 0x9e, 0x40, 0xf6, 0x9d, 0x40,
  0xf5, 0x9c, 0x3f, 0xf4, 0x9b, 0x3e, 0xf2, 0x99, 0x3c, 0xef, 0x97, 0x3b,
  0xeb, 0x94, 0x3a, 0xe5, 0x90, 0x38, 0xdd, 0x8b, 0x36, 0xd3, 0x84, 0x33,
  0xc3, 0x77, 0x28, 0xc6, 0x8f, 0x57, 0xf0, 0xee, 0xec, 0xef, 0xec, 0xea,
  0xef, 0xec, 0xe9, 0xef, 0xec, 0xe9, 0xef, 0xec, 0xe9, 0xef, 0xec, 0xe9,
  0xef, 0xec, 0xe9, 0xef, 0xec, 0xe9, 0xef, 0xec, 0xe9, 0xef, 0xec, 0xe9,
  0xef, 0xec, 0xe9, 0xf2, 0xef, 0xec, 0xf4, 0xf1, 0xee, 0xd7, 0xd4, 0xd2,
  0xa1, 0xa0, 0xa0, 0x8b, 0x8b, 0x8b, 0x98, 0x98, 0x98, 0xa6, 0xa6, 0xa6,
  0xb0, 0xb0, 0xb0, 0xb8, 0xb8, 0xb8, 0xbf, 0xbf, 0xbf, 0xc4, 0xc4, 0xc4,
  0xc7, 0xc7, 0xc7, 0xc7, 0xc7, 0xc7, 0xc4, 0xc4, 0xc4, 0xbd, 0xbd, 0xbd,
  0xb2, 0xb2, 0xb2, 0xa5, 0xa5, 0xa5, 0x93, 0x97, 0x9b, 0x9c, 0x88, 0x74,
  0xd4, 0x7b, 0x27, 0xe2, 0x7c, 0x1e, 0xe3, 0x7e, 0x21, 0xe4, 0x7f, 0x21,
  0xe5, 0x7f, 0x22, 0xe5, 0x7e, 0x21, 0xe5, 0x7e, 0x1e, 0xe5, 0x7e, 0x1c,
  0xe5, 0x7d, 0x1c, 0xe6, 0x7d, 0x1c, 0xe5, 0x7d, 0x1c, 0xe5, 0x7c, 0x1c,
  0xe5, 0x7c, 0x1c, 0xe5, 0x7c, 0x1c, 0xe5, 0x7a, 0x1a, 0xe5, 0x79, 0x17,
  0xe4, 0x79, 0x16, 0xe4, 0x78, 0x16, 0xe4, 0x78, 0x16, 0xe3, 0x77, 0x16,
  0xe3, 0x76, 0x16, 0xe3, 0x76, 0x16, 0xe3, 0x75, 0x16, 0xe2, 0x75, 0x16,
  0xe2, 0x74, 0x16, 0xe2, 0x73, 0x16, 0xe1, 0x72, 0x12, 0xdd, 0x6d, 0x07,
  0xd8, 0x73, 0x1a, 0xd9, 0xc2, 0xaf, 0xe4, 0xe9, 0xed, 0xed, 0xed, 0xed,
  0xf3, 0xf3, 0xf3, 0xf8, 0xf8, 0xf8, 0xfa, 0xfa, 0xfa, 0xfc, 0xfc, 0xfc,
  0xfd, 0xfd, 0xfd, 0xfe, 0xfe, 0xfe, 0xfe, 0xfe, 0xfe, 0xfe, 0xfe, 0xfe,
  0xff, 0xff, 0xff, 0xff, 0xff, 0xff, 0xff, 0xff, 0xff, 0xff, 0xff, 0xff,
  0xff, 0xff, 0xff, 0xff, 0xff, 0xff, 0xff, 0xff, 0xff, 0xff, 0xff, 0xff,
  0xeb, 0xeb, 0xeb, 0x14, 0x14, 0x14, 0x00, 0x00, 0x00, 0x00, 0x00, 0x00,
  0x00, 0x00, 0x00, 0x00, 0x00, 0x00, 0x00, 0x00, 0x00, 0x00, 0x00, 0x00,
  0x00, 0x00, 0x00, 0x00, 0x00, 0x00, 0x14, 0x14, 0x14, 0xeb, 0xeb, 0xeb,
  0xff, 0xff, 0xff, 0xff, 0xff, 0xff, 0xff, 0xff, 0xff, 0xff, 0xff, 0xff,
  0xff, 0xff, 0xff, 0xff, 0xff, 0xff, 0xff, 0xff, 0xff, 0xff, 0xff, 0xff,
  0xff, 0xff, 0xff, 0xfe, 0xfe, 0xfe, 0xfe, 0xfe, 0xfe, 0xfe, 0xfe, 0xfe,
  0xfd, 0xfd, 0xfd, 0xfc, 0xfc, 0xfc, 0xfa, 0xfa, 0xfa, 0xf8, 0xf8, 0xf8,
  0xf3, 0xf3, 0xf3, 0xed, 0xed, 0xed, 0xe2, 0xe6, 0xeb, 0xde, 0xcc, 0xb9,
  0xef, 0xa0, 0x4c, 0xf6, 0x9e, 0x40, 0xf8, 0xa2, 0x45, 0xf9, 0xa1, 0x44,
  0xf8, 0xa1, 0x42, 0xf8, 0xa0, 0x42, 0xf7, 0x9f, 0x41, 0xf6, 0x9e, 0x40,
  0xf6, 0x9d, 0x3f, 0xf4, 0x9c, 0x3f, 0xf2, 0x9a, 0x3e, 0xef, 0x98, 0x3c,
  0xeb, 0x95, 0x3a, 0xe5, 0x90, 0x39, 0xdd, 0x8b, 0x37, 0xd2, 0x83, 0x33,
  0xc2, 0x76, 0x28, 0xc6, 0x93, 0x5e, 0xf0, 0xef, 0xee, 0xef, 0xed, 0xea,
  0xef, 0xec, 0xe9, 0xef, 0xec, 0xe9, 0xef, 0xec, 0xe9, 0xef, 0xec, 0xe9,
  0xef, 0xec, 0xe9, 0xef, 0xec, 0xe9, 0xef, 0xec, 0xe9, 0xef, 0xec, 0xe9,
  0xef, 0xec, 0xe9, 0xef, 0xec, 0xe9, 0xef, 0xec, 0xe9, 0xf3, 0xf0, 0xed,
  0xf1, 0xee, 0xeb, 0xcd, 0xcb, 0xc9, 0x9c, 0x9c, 0x9b, 0x90, 0x90, 0x90,
  0x9d, 0x9d, 0x9d, 0xa8, 0xa8, 0xa8, 0xaf, 0xaf, 0xaf, 0xb4, 0xb4, 0xb4,
  0xb6, 0xb6, 0xb6, 0xb5, 0xb5, 0xb5, 0xb0, 0xb0, 0xb0, 0xa8, 0xa8, 0xa8,
  0x9d, 0x9d, 0x9d, 0x8d, 0x91, 0x95, 0x97, 0x84, 0x71, 0xcf, 0x79, 0x27,
  0xdd, 0x7b, 0x1e, 0xe0, 0x7e, 0x21, 0xe2, 0x7e, 0x21, 0xe3, 0x7e, 0x21,
  0xe4, 0x7f, 0x21, 0xe4, 0x7f, 0x21, 0xe5, 0x7e, 0x22, 0xe5, 0x7e, 0x20,
  0xe5, 0x7e, 0x1d, 0xe5, 0x7d, 0x1c, 0xe5, 0x7d, 0x1c, 0xe6, 0x7d, 0x1c,
  0xe5, 0x7c, 0x1c, 0xe5, 0x7c, 0x1c, 0xe5, 0x7c, 0x1c, 0xe5, 0x7b, 0x1b,
  0xe5, 0x7a, 0x18, 0xe5, 0x79, 0x16, 0xe4, 0x78, 0x16, 0xe4, 0x78, 0x16,
  0xe4, 0x77, 0x16, 0xe3, 0x76, 0x16, 0xe3, 0x76, 0x16, 0xe3, 0x75, 0x16,
  0xe2, 0x75, 0x16, 0xe2, 0x73, 0x17, 0xde, 0x6e, 0x0d, 0xd8, 0x75, 0x1a,
  0xd9, 0xc3, 0xaf, 0xe4, 0xe9, 0xed, 0xed, 0xed, 0xed, 0xf3, 0xf3, 0xf3,
  0xf8, 0xf8, 0xf8, 0xfa, 0xfa, 0xfa, 0xfc, 0xfc, 0xfc, 0xfd, 0xfd, 0xfd,
  0xfe, 0xfe, 0xfe, 0xfe, 0xfe, 0xfe, 0xfe, 0xfe, 0xfe, 0xff, 0xff, 0xff,
  0xff, 0xff, 0xff, 0xff, 0xff, 0xff, 0xff, 0xff, 0xff, 0xff, 0xff, 0xff,
  0xff, 0xff, 0xff, 0xff, 0xff, 0xff, 0xff, 0xff, 0xff, 0xff, 0xff, 0xff,
  0xeb, 0xeb, 0xeb, 0x14, 0x14, 0x14, 0x00, 0x00, 0x00, 0x00, 0x00, 0x00,
  0x00, 0x00, 0x00, 0x00, 0x00, 0x00, 0x00, 0x00, 0x00, 0x00, 0x00, 0x00,
  0x00, 0x00, 0x00, 0x00, 0x00, 0x00, 0x14, 0x14, 0x14, 0xeb, 0xeb, 0xeb,
  0xff, 0xff, 0xff, 0xff, 0xff, 0xff, 0xff, 0xff, 0xff, 0xff, 0xff, 0xff,
  0xff, 0xff, 0xff, 0xff, 0xff, 0xff, 0xff, 0xff, 0xff, 0xff, 0xff, 0xff,
  0xff, 0xff, 0xff, 0xff, 0xff, 0xff, 0xfe, 0xfe, 0xfe, 0xfe, 0xfe, 0xfe,
  0xfe, 0xfe, 0xfe, 0xfd, 0xfd, 0xfd, 0xfc, 0xfc, 0xfc, 0xfa, 0xfa, 0xfa,
  0xf8, 0xf8, 0xf8, 0xf3, 0xf3, 0xf3, 0xed, 0xed, 0xed, 0xe2, 0xe6, 0xeb,
  0xde, 0xcd, 0xb9, 0xef, 0xa1, 0x4c, 0xf7, 0x9e, 0x40, 0xf8, 0xa2, 0x45,
  0xf9, 0xa2, 0x44, 0xf8, 0xa1, 0x43, 0xf7, 0x9f, 0x42, 0xf7, 0x9f, 0x41,
  0xf6, 0x9e, 0x40, 0xf5, 0x9d, 0x3f, 0xf2, 0x9b, 0x3f, 0xef, 0x99, 0x3e,
  0xeb, 0x95, 0x3b, 0xe5, 0x91, 0x39, 0xdd, 0x8b, 0x37, 0xd1, 0x84, 0x34,
  0xc2, 0x76, 0x29, 0xc6, 0x92, 0x5e, 0xf1, 0xf0, 0xef, 0xf0, 0xed, 0xea,
  0xf0, 0xed, 0xea, 0xf0, 0xed, 0xea, 0xf0, 0xed, 0xea, 0xf0, 0xed, 0xea,
  0xf0, 0xed, 0xea, 0xf0, 0xed, 0xea, 0xf0, 0xed, 0xea, 0xf0, 0xed, 0xea,
  0xf0, 0xed, 0xea, 0xf0, 0xed, 0xea, 0xf0, 0xed, 0xea, 0xf0, 0xed, 0xea,
  0xf0, 0xed, 0xea, 0xf4, 0xf1, 0xee, 0xed, 0xea, 0xe7, 0xc3, 0xc2, 0xc0,
  0x97, 0x97, 0x97, 0x91, 0x92, 0x92, 0x9c, 0x9c, 0x9c, 0xa2, 0xa2, 0xa2,
  0xa3, 0xa3, 0xa3, 0xa0, 0xa0, 0xa0, 0x9a, 0x9a, 0x9a, 0x92, 0x92, 0x92,
  0x84, 0x88, 0x8c, 0x90, 0x7d, 0x6c, 0xc7, 0x75, 0x27, 0xd6, 0x78, 0x20,
  0xd9, 0x7b, 0x23, 0xdd, 0x7d, 0x22, 0xdf, 0x7e, 0x21, 0xe1, 0x7e, 0x21,
  0xe2, 0x7e, 0x21, 0xe3, 0x7e, 0x21, 0xe4, 0x7e, 0x21, 0xe4, 0x7e, 0x21,
  0xe5, 0x7e, 0x20, 0xe5, 0x7e, 0x1e, 0xe5, 0x7e, 0x1c, 0xe5, 0x7d, 0x1c,
  0xe5, 0x7d, 0x1c, 0xe5, 0x7d, 0x1c, 0xe5, 0x7c, 0x1c, 0xe5, 0x7c, 0x1c,
  0xe5, 0x7b, 0x1c, 0xe5, 0x7a, 0x1a, 0xe5, 0x79, 0x17, 0xe4, 0x79, 0x16,
  0xe4, 0x78, 0x16, 0xe4, 0x77, 0x16, 0xe3, 0x77, 0x16, 0xe3, 0x76, 0x16,
  0xe2, 0x75, 0x16, 0xdf, 0x70, 0x10, 0xd9, 0x76, 0x21, 0xd9, 0xc3, 0xaf,
  0xe4, 0xe9, 0xed, 0xed, 0xed, 0xed, 0xf3, 0xf3, 0xf3, 0xf8, 0xf8, 0xf8,
  0xfa, 0xfa, 0xfa, 0xfc, 0xfc, 0xfc, 0xfd, 0xfd, 0xfd, 0xfe, 0xfe, 0xfe,
  0xfe, 0xfe, 0xfe, 0xfe, 0xfe, 0xfe, 0xff, 0xff, 0xff, 0xff, 0xff, 0xff,
  0xff, 0xff, 0xff, 0xff, 0xff, 0xff, 0xff, 0xff, 0xff, 0xff, 0xff, 0xff,
  0xff, 0xff, 0xff, 0xff, 0xff, 0xff, 0xff, 0xff, 0xff, 0xff, 0xff, 0xff,
  0xeb, 0xeb, 0xeb, 0x14, 0x14, 0x14, 0x00, 0x00, 0x00, 0x00, 0x00, 0x00,
  0x00, 0x00, 0x00, 0x00, 0x00, 0x00, 0x00, 0x00, 0x00, 0x00, 0x00, 0x00,
  0x00, 0x00, 0x00, 0x00, 0x00, 0x00, 0x14, 0x14, 0x14, 0xeb, 0xeb, 0xeb,
  0xff, 0xff, 0xff, 0xff, 0xff, 0xff, 0xff, 0xff, 0xff, 0xff, 0xff, 0xff,
  0xff, 0xff, 0xff, 0xff, 0xff, 0xff, 0xff, 0xff, 0xff, 0xff, 0xff, 0xff,
  0xff, 0xff, 0xff, 0xff, 0xff, 0xff, 0xff, 0xff, 0xff, 0xfe, 0xfe, 0xfe,
  0xfe, 0xfe, 0xfe, 0xfe, 0xfe, 0xfe, 0xfd, 0xfd, 0xfd, 0xfc, 0xfc, 0xfc,
  0xfa, 0xfa, 0xfa, 0xf8, 0xf8, 0xf8, 0xf3, 0xf3, 0xf3, 0xed, 0xed, 0xed,
  0xe2, 0xe6, 0xeb, 0xde, 0xcd, 0xb9, 0xef, 0xa1, 0x4d, 0xf7, 0x9f, 0x40,
  0xf8, 0xa2, 0x45, 0xf9, 0xa2, 0x45, 0xf8, 0xa0, 0x43, 0xf7, 0x9f, 0x42,
  0xf6, 0x9f, 0x41, 0xf5, 0x9e, 0x40, 0xf3, 0x9c, 0x3f, 0xf0, 0x99, 0x3e,
  0xeb, 0x96, 0x3d, 0xe5, 0x92, 0x3a, 0xdd, 0x8c, 0x37, 0xd1, 0x84, 0x34,
  0xc1, 0x76, 0x2a, 0xc6, 0x93, 0x5e, 0xf1, 0xf0, 0xef, 0xf0, 0xee, 0xeb,
  0xf0, 0xed, 0xeb, 0xf0, 0xed, 0xeb, 0xf0, 0xed, 0xeb, 0xf0, 0xed, 0xeb,
  0xf0, 0xed, 0xeb, 0xf0, 0xed, 0xeb, 0xf0, 0xed, 0xeb, 0xf0, 0xed, 0xeb,
  0xf0, 0xed, 0xeb, 0xf0, 0xed, 0xeb, 0xf0, 0xed, 0xeb, 0xf0, 0xed, 0xeb,
  0xf0, 0xed, 0xeb, 0xf0, 0xed, 0xea, 0xf1, 0xee, 0xec, 0xf5, 0xf2, 0xef,
  0xe7, 0xe4, 0xe2, 0xb6, 0xb5, 0xb4, 0x8e, 0x8e, 0x8e, 0x89, 0x89, 0x89,
  0x8d, 0x8d, 0x8d, 0x8a, 0x8a, 0x8a, 0x84, 0x84, 0x84, 0x79, 0x7c, 0x80,
  0x85, 0x74, 0x63, 0xba, 0x6e, 0x25, 0xca, 0x72, 0x1e, 0xcf, 0x76, 0x22,
  0xd4, 0x79, 0x22, 0xd8, 0x7a, 0x23, 0xda, 0x7c, 0x23, 0xdd, 0x7d, 0x21,
  0xdf, 0x7d, 0x20, 0xe1, 0x7e, 0x21, 0xe3, 0x7e, 0x21, 0xe3, 0x7e, 0x21,
  0xe4, 0x7e, 0x21, 0xe4, 0x7e, 0x21, 0xe5, 0x7e, 0x1e, 0xe5, 0x7e, 0x1c,
  0xe5, 0x7d, 0x1c, 0xe5, 0x7d, 0x1c, 0xe5, 0x7d, 0x1c, 0xe5, 0x7c, 0x1c,
  0xe5, 0x7c, 0x1c, 0xe4, 0x7c, 0x1c, 0xe5, 0x7b, 0x1b, 0xe5, 0x7a, 0x18,
  0xe4, 0x79, 0x16, 0xe4, 0x78, 0x16, 0xe4, 0x78, 0x16, 0xe3, 0x77, 0x16,
  0xe0, 0x71, 0x10, 0xda, 0x77, 0x22, 0xd9, 0xc3, 0xb0, 0xe4, 0xe9, 0xed,
  0xed, 0xed, 0xed, 0xf3, 0xf3, 0xf3, 0xf8, 0xf8, 0xf8, 0xfa, 0xfa, 0xfa,
  0xfc, 0xfc, 0xfc, 0xfd, 0xfd, 0xfd, 0xfe, 0xfe, 0xfe, 0xfe, 0xfe, 0xfe,
  0xfe, 0xfe, 0xfe, 0xff, 0xff, 0xff, 0xff, 0xff, 0xff, 0xff, 0xff, 0xff,
  0xff, 0xff, 0xff, 0xff, 0xff, 0xff, 0xff, 0xff, 0xff, 0xff, 0xff, 0xff,
  0xff, 0xff, 0xff, 0xff, 0xff, 0xff, 0xff, 0xff, 0xff, 0xff, 0xff, 0xff,
  0xeb, 0xeb, 0xeb, 0x14, 0x14, 0x14, 0x00, 0x00, 0x00, 0x00, 0x00, 0x00,
  0x00, 0x00, 0x00, 0x00, 0x00, 0x00, 0x00, 0x00, 0x00, 0x00, 0x00, 0x00,
  0x00, 0x00, 0x00, 0x00, 0x00, 0x00, 0x14, 0x14, 0x14, 0xeb, 0xeb, 0xeb,
  0xff, 0xff, 0xff, 0xff, 0xff, 0xff, 0xff, 0xff, 0xff, 0xff, 0xff, 0xff,
  0xff, 0xff, 0xff, 0xff, 0xff, 0xff, 0xff, 0xff, 0xff, 0xff, 0xff, 0xff,
  0xff, 0xff, 0xff, 0xff, 0xff, 0xff, 0xff, 0xff, 0xff, 0xff, 0xff, 0xff,
  0xfe, 0xfe, 0xfe, 0xfe, 0xfe, 0xfe, 0xfe, 0xfe, 0xfe, 0xfd, 0xfd, 0xfd,
  0xfc, 0xfc, 0xfc, 0xfa, 0xfa, 0xfa, 0xf8, 0xf8, 0xf8, 0xf3, 0xf3, 0xf3,
  0xed, 0xed, 0xed, 0xe2, 0xe6, 0xeb, 0xde, 0xcd, 0xb9, 0xef, 0xa1, 0x4d,
  0xf7, 0x9f, 0x40, 0xf9, 0xa2, 0x45, 0xf8, 0xa1, 0x45, 0xf8, 0xa0, 0x44,
  0xf7, 0xa0, 0x42, 0xf5, 0x9e, 0x41, 0xf3, 0x9d, 0x40, 0xf0, 0x9a, 0x3e,
  0xeb, 0x97, 0x3d, 0xe5, 0x92, 0x3b, 0xdd, 0x8c, 0x39, 0xd1, 0x85, 0x34,
  0xc1, 0x77, 0x29, 0xc5, 0x93, 0x5f, 0xf1, 0xf1, 0xf0, 0xf1, 0xee, 0xec,
  0xf1, 0xee, 0xeb, 0xf1, 0xee, 0xeb, 0xf1, 0xee, 0xeb, 0xf1, 0xee, 0xeb,
  0xf1, 0xee, 0xeb, 0xf1, 0xee, 0xeb, 0xf1, 0xee, 0xeb, 0xf1, 0xee, 0xeb,
  0xf1, 0xee, 0xeb, 0xf1, 0xee, 0xeb, 0xf1, 0xee, 0xeb, 0xf1, 0xee, 0xeb,
  0xf1, 0xee, 0xeb, 0xf1, 0xee, 0xeb, 0xf1, 0xee, 0xeb, 0xf0, 0xee, 0xeb,
  0xf3, 0xf0, 0xed, 0xf5, 0xf3, 0xf0, 0xde, 0xdb, 0xd9, 0xa2, 0xa1, 0xa0,
  0x76, 0x76, 0x76, 0x70, 0x70, 0x70, 0x6b, 0x6f, 0x72, 0x77, 0x68, 0x5a,
  0xaa, 0x65, 0x23, 0xba, 0x6a, 0x1d, 0xc1, 0x6f, 0x21, 0xc7, 0x72, 0x20,
  0xcc, 0x75, 0x21, 0xd1, 0x77, 0x22, 0xd5, 0x79, 0x23, 0xd8, 0x7b, 0x23,
  0xdb, 0x7c, 0x22, 0xdd, 0x7d, 0x20, 0xe0, 0x7d, 0x21, 0xe1, 0x7d, 0x21,
  0xe3, 0x7e, 0x21, 0xe3, 0x7e, 0x21, 0xe4, 0x7e, 0x21, 0xe4, 0x7e, 0x1f,
  0xe5, 0x7e, 0x1d, 0xe5, 0x7d, 0x1c, 0xe5, 0x7d, 0x1c, 0xe5, 0x7c, 0x1c,
  0xe5, 0x7c, 0x1c, 0xe5, 0x7c, 0x1c, 0xe5, 0x7c, 0x1c, 0xe5, 0x7b, 0x1c,
  0xe5, 0x7a, 0x18, 0xe5, 0x79, 0x16, 0xe4, 0x78, 0x16, 0xe1, 0x73, 0x10,
  0xda, 0x79, 0x22, 0xda, 0xc3, 0xb0, 0xe4, 0xe9, 0xed, 0xed, 0xed, 0xed,
  0xf3, 0xf3, 0xf3, 0xf8, 0xf8, 0xf8, 0xfa, 0xfa, 0xfa, 0xfc, 0xfc, 0xfc,
  0xfd, 0xfd, 0xfd, 0xfe, 0xfe, 0xfe, 0xfe, 0xfe, 0xfe, 0xfe, 0xfe, 0xfe,
  0xff, 0xff, 0xff, 0xff, 0xff, 0xff, 0xff, 0xff, 0xff, 0xff, 0xff, 0xff,
  0xff, 0xff, 0xff, 0xff, 0xff, 0xff, 0xff, 0xff, 0xff, 0xff, 0xff, 0xff,
  0xff, 0xff, 0xff, 0xff, 0xff, 0xff, 0xff, 0xff, 0xff, 0xff, 0xff, 0xff,
  0xeb, 0xeb, 0xeb, 0x14, 0x14, 0x14, 0x00, 0x00, 0x00, 0x00, 0x00, 0x00,
  0x00, 0x00, 0x00, 0x00, 0x00, 0x00, 0x00, 0x00, 0x00, 0x00, 0x00, 0x00,
  0x00, 0x00, 0x00, 0x00, 0x00, 0x00, 0x14, 0x14, 0x14, 0xeb, 0xeb, 0xeb,
  0xff, 0xff, 0xff, 0xff, 0xff, 0xff, 0xff, 0xff, 0xff, 0xff, 0xff, 0xff,
  0xff, 0xff, 0xff, 0xff, 0xff, 0xff, 0xff, 0xff, 0xff, 0xff, 0xff, 0xff,
  0xff, 0xff, 0xff, 0xff, 0xff, 0xff, 0xff, 0xff, 0xff, 0xff, 0xff, 0xff,
  0xff, 0xff, 0xff, 0xfe, 0xfe, 0xfe, 0xfe, 0xfe, 0xfe, 0xfe, 0xfe, 0xfe,
  0xfd, 0xfd, 0xfd, 0xfc, 0xfc, 0xfc, 0xfa, 0xfa, 0xfa, 0xf8, 0xf8, 0xf8,
  0xf3, 0xf3, 0xf3, 0xed, 0xed, 0xed, 0xe2, 0xe6, 0xeb, 0xde, 0xcd, 0xba,
  0xef, 0xa1, 0x4d, 0xf7, 0x9f, 0x40, 0xf8, 0xa2, 0x45, 0xf8, 0xa1, 0x45,
  0xf7, 0xa1, 0x44, 0xf6, 0x9f, 0x42, 0xf3, 0x9d, 0x41, 0xf0, 0x9b, 0x40,
  0xec, 0x98, 0x3e, 0xe6, 0x93, 0x3b, 0xdd, 0x8d, 0x39, 0xd1, 0x85, 0x36,
  0xc1, 0x78, 0x2a, 0xc5, 0x93, 0x5f, 0xf2, 0xf1, 0xf0, 0xf1, 0xef, 0xec,
  0xf1, 0xee, 0xec, 0xf1, 0xee, 0xec, 0xf1, 0xee, 0xec, 0xf1, 0xee, 0xec,
  0xf1, 0xee, 0xec, 0xf1, 0xee, 0xec, 0xf1, 0xee, 0xec, 0xf1, 0xee, 0xec,
  0xf1, 0xee, 0xec, 0xf1, 0xee, 0xec, 0xf1, 0xee, 0xec, 0xf1, 0xee, 0xec,
  0xf1, 0xee, 0xec, 0xf1, 0xee, 0xec, 0xf1, 0xee, 0xec, 0xf1, 0xee, 0xec,
  0xf1, 0xee, 0xec, 0xf1, 0xee, 0xec, 0xf5, 0xf2, 0xef, 0xf4, 0xf2, 0xef,
  0xcc, 0xca, 0xc8, 0x7e, 0x7f, 0x80, 0x65, 0x56, 0x47, 0x96, 0x58, 0x1c,
  0xa8, 0x60, 0x1c, 0xaf, 0x66, 0x1f, 0xb6, 0x69, 0x20, 0xbd, 0x6d, 0x21,
  0xc3, 0x70, 0x20, 0xc8, 0x73, 0x20, 0xcd, 0x75, 0x21, 0xd2, 0x77, 0x22,
  0xd6, 0x79, 0x23, 0xd9, 0x7b, 0x22, 0xdb, 0x7c, 0x20, 0xde, 0x7c, 0x20,
  0xe0, 0x7d, 0x21, 0xe2, 0x7d, 0x21, 0xe3, 0x7d, 0x21, 0xe3, 0x7e, 0x21,
  0xe4, 0x7e, 0x20, 0xe4, 0x7e, 0x1d, 0xe4, 0x7e, 0x1c, 0xe5, 0x7d, 0x1c,
  0xe5, 0x7c, 0x1c, 0xe5, 0x7c, 0x1c, 0xe5, 0x7c, 0x1c, 0xe5, 0x7c, 0x1c,
  0xe5, 0x7b, 0x1c, 0xe4, 0x79, 0x1a, 0xe2, 0x74, 0x11, 0xdb, 0x7a, 0x22,
  0xda, 0xc4, 0xb0, 0xe3, 0xe9, 0xed, 0xed, 0xed, 0xed, 0xf3, 0xf3, 0xf3,
  0xf8, 0xf8, 0xf8, 0xfa, 0xfa, 0xfa, 0xfc, 0xfc, 0xfc, 0xfd, 0xfd, 0xfd,
  0xfe, 0xfe, 0xfe, 0xfe, 0xfe, 0xfe, 0xfe, 0xfe, 0xfe, 0xff, 0xff, 0xff,
  0xff, 0xff, 0xff, 0xff, 0xff, 0xff, 0xff, 0xff, 0xff, 0xff, 0xff, 0xff,
  0xff, 0xff, 0xff, 0xff, 0xff, 0xff, 0xff, 0xff, 0xff, 0xff, 0xff, 0xff,
  0xff, 0xff, 0xff, 0xff, 0xff, 0xff, 0xff, 0xff, 0xff, 0xff, 0xff, 0xff,
  0xeb, 0xeb, 0xeb, 0x14, 0x14, 0x14, 0x00, 0x00, 0x00, 0x00, 0x00, 0x00,
  0x00, 0x00, 0x00, 0x00, 0x00, 0x00, 0x00, 0x00, 0x00, 0x00, 0x00, 0x00,
  0x00, 0x00, 0x00, 0x00, 0x00, 0x00, 0x14, 0x14, 0x14, 0xeb, 0xeb, 0xeb,
  0xff, 0xff, 0xff, 0xff, 0xff, 0xff, 0xff, 0xff, 0xff, 0xff, 0xff, 0xff,
  0xff, 0xff, 0xff, 0xff, 0xff, 0xff, 0xff, 0xff, 0xff, 0xff, 0xff, 0xff,
  0xff, 0xff, 0xff, 0xff, 0xff, 0xff, 0xff, 0xff, 0xff, 0xff, 0xff, 0xff,
  0xff, 0xff, 0xff, 0xff, 0xff, 0xff, 0xfe, 0xfe, 0xfe, 0xfe, 0xfe, 0xfe,
  0xfe, 0xfe, 0xfe, 0xfd, 0xfd, 0xfd, 0xfc, 0xfc, 0xfc, 0xfa, 0xfa, 0xfa,
  0xf8, 0xf8, 0xf8, 0xf3, 0xf3, 0xf3, 0xed, 0xed, 0xed, 0xe2, 0xe6, 0xeb,
  0xde, 0xcd, 0xba, 0xef, 0xa1, 0x4d, 0xf6, 0x9f, 0x41, 0xf8, 0xa2, 0x46,
  0xf8, 0xa2, 0x45, 0xf6, 0xa0, 0x44, 0xf4, 0x9e, 0x42, 0xf1, 0x9c, 0x40,
  0xec, 0x98, 0x3f, 0xe6, 0x94, 0x3c, 0xde, 0x8e, 0x39, 0xd1, 0x86, 0x36,
  0xc2, 0x78, 0x2c, 0xc6, 0x94, 0x60, 0xf2, 0xf2, 0xf1, 0xf2, 0xef, 0xed,
  0xf2, 0xef, 0xec, 0xf2, 0xef, 0xec, 0xf2, 0xef, 0xec, 0xf2, 0xef, 0xec,
  0xf2, 0xef, 0xec, 0xf2, 0xef, 0xec, 0xf2, 0xef, 0xec, 0xf2, 0xef, 0xec,
  0xf2, 0xef, 0xec, 0xf2, 0xef, 0xec, 0xf2, 0xef, 0xec, 0xf2, 0xef, 0xec,
  0xf2, 0xef, 0xec, 0xf2, 0xef, 0xec, 0xf2, 0xef, 0xec, 0xf2, 0xef, 0xec,
  0xf2, 0xef, 0xec, 0xf2, 0xef, 0xec, 0xf1, 0xef, 0xec, 0xf2, 0xef, 0xed,
  0xf7, 0xf5, 0xf2, 0xef, 0xee, 0xec, 0xc8, 0xb1, 0x9b, 0xa1, 0x67, 0x30,
  0x97, 0x53, 0x11, 0xa2, 0x5d, 0x1a, 0xaa, 0x63, 0x1e, 0xb1, 0x67, 0x1f,
  0xb7, 0x6a, 0x20, 0xbe, 0x6d, 0x20, 0xc4, 0x70, 0x20, 0xc9, 0x73, 0x20,
  0xce, 0x76, 0x21, 0xd3, 0x78, 0x22, 0xd6, 0x79, 0x22, 0xd9, 0x7b, 0x21,
  0xdc, 0x7c, 0x20, 0xde, 0x7c, 0x20, 0xe0, 0x7d, 0x21, 0xe2, 0x7d, 0x21,
  0xe3, 0x7d, 0x21, 0xe3, 0x7d, 0x21, 0xe4, 0x7e, 0x1e, 0xe4, 0x7e, 0x1c,
  0xe4, 0x7d, 0x1c, 0xe5, 0x7c, 0x1c, 0xe5, 0x7c, 0x1c, 0xe5, 0x7c, 0x1c,
  0xe4, 0x7b, 0x1c, 0xe1, 0x76, 0x16, 0xdb, 0x7c, 0x23, 0xda, 0xc4, 0xb0,
  0xe4, 0xe9, 0xed, 0xed, 0xed, 0xed, 0xf3, 0xf3, 0xf3, 0xf8, 0xf8, 0xf8,
  0xfa, 0xfa, 0xfa, 0xfc, 0xfc, 0xfc, 0xfd, 0xfd, 0xfd, 0xfe, 0xfe, 0xfe,
  0xfe, 0xfe, 0xfe, 0xfe, 0xfe, 0xfe, 0xff, 0xff, 0xff, 0xff, 0xff, 0xff,
  0xff, 0xff, 0xff, 0xff, 0xff, 0xff, 0xff, 0xff, 0xff, 0xff, 0xff, 0xff,
  0xff, 0xff, 0xff, 0xff, 0xff, 0xff, 0xff, 0xff, 0xff, 0xff, 0xff, 0xff,
  0xff, 0xff, 0xff, 0xff, 0xff, 0xff, 0xff, 0xff, 0xff, 0xff, 0xff, 0xff,
  0xeb, 0xeb, 0xeb, 0x14, 0x14, 0x14, 0x00, 0x00, 0x00, 0x00, 0x00, 0x00,
  0x00, 0x00, 0x00, 0x00, 0x00, 0x00, 0x00, 0x00, 0x00, 0x00, 0x00, 0x00,
  0x00, 0x00, 0x00, 0x00, 0x00, 0x00, 0x14, 0x14, 0x14, 0xeb, 0xeb, 0xeb,
  0xff, 0xff, 0xff, 0xff, 0xff, 0xff, 0xff, 0xff, 0xff, 0xff, 0xff, 0xff,
  0xff, 0xff, 0xff, 0xff, 0xff, 0xff, 0xff, 0xff, 0xff, 0xff, 0xff, 0xff,
  0xff, 0xff, 0xff, 0xff, 0xff, 0xff, 0xff, 0xff, 0xff, 0xff, 0xff, 0xff,
  0xff, 0xff, 0xff, 0xff, 0xff, 0xff, 0xff, 0xff, 0xff, 0xfe, 0xfe, 0xfe,
  0xfe, 0xfe, 0xfe, 0xfe, 0xfe, 0xfe, 0xfd, 0xfd, 0xfd, 0xfc, 0xfc, 0xfc,
  0xfa, 0xfa, 0xfa, 0xf8, 0xf8, 0xf8, 0xf3, 0xf3, 0xf3, 0xed, 0xed, 0xed,
  0xe2, 0xe6, 0xeb, 0xde, 0xcd, 0xba, 0xee, 0xa1, 0x4e, 0xf6, 0x9f, 0x41,
  0xf7, 0xa2, 0x45, 0xf7, 0xa1, 0x45, 0xf4, 0x9f, 0x44, 0xf1, 0x9d, 0x42,
  0xec, 0x99, 0x3f, 0xe6, 0x94, 0x3d, 0xde, 0x8f, 0x3a, 0xd2, 0x87, 0x36,
  0xc2, 0x79, 0x2c, 0xc6, 0x95, 0x61, 0xf3, 0xf2, 0xf2, 0xf2, 0xf0, 0xed,
  0xf2, 0xf0, 0xed, 0xf2, 0xf0, 0xed, 0xf2, 0xf0, 0xed, 0xf2, 0xf0, 0xed,
  0xf2, 0xf0, 0xed, 0xf2, 0xf0, 0xed, 0xf2, 0xf0, 0xed, 0xf2, 0xf0, 0xed,
  0xf2, 0xf0, 0xed, 0xf2, 0xf0, 0xed, 0xf2, 0xf0, 0xed, 0xf2, 0xf0, 0xed,
  0xf2, 0xf0, 0xed, 0xf2, 0xf0, 0xed, 0xf2, 0xf0, 0xed, 0xf2, 0xf0, 0xed,
  0xf2, 0xf0, 0xed, 0xf2, 0xf0, 0xed, 0xf2, 0xf0, 0xed, 0xf2, 0xf0, 0xed,
  0xf2, 0xef, 0xed, 0xf3, 0xf1, 0xee, 0xf8, 0xf7, 0xf7, 0xec, 0xe6, 0xdf,
  0xc2, 0xa0, 0x7f, 0x9c, 0x5f, 0x23, 0x9a, 0x55, 0x12, 0xa4, 0x5f, 0x1c,
  0xac, 0x64, 0x1f, 0xb2, 0x67, 0x20, 0xb9, 0x6b, 0x20, 0xbf, 0x6e, 0x1f,
  0xc5, 0x71, 0x20, 0xca, 0x73, 0x21, 0xcf, 0x76, 0x22, 0xd3, 0x78, 0x22,
  0xd7, 0x79, 0x21, 0xda, 0x7a, 0x20, 0xdc, 0x7c, 0x20, 0xdf, 0x7c, 0x20,
  0xe0, 0x7d, 0x21, 0xe2, 0x7d, 0x21, 0xe3, 0x7d, 0x21, 0xe3, 0x7d, 0x1f,
  0xe4, 0x7d, 0x1d, 0xe4, 0x7d, 0x1c, 0xe5, 0x7d, 0x1c, 0xe4, 0x7c, 0x1c,
  0xe2, 0x77, 0x16, 0xdb, 0x7d, 0x27, 0xd9, 0xc4, 0xb0, 0xe3, 0xe8, 0xec,
  0xed, 0xed, 0xec, 0xf3, 0xf3, 0xf3, 0xf8, 0xf8, 0xf8, 0xfa, 0xfa, 0xfa,
  0xfc, 0xfc, 0xfc, 0xfd, 0xfd, 0xfd, 0xfe, 0xfe, 0xfe, 0xfe, 0xfe, 0xfe,
  0xfe, 0xfe, 0xfe, 0xff, 0xff, 0xff, 0xff, 0xff, 0xff, 0xff, 0xff, 0xff,
  0xff, 0xff, 0xff, 0xff, 0xff, 0xff, 0xff, 0xff, 0xff, 0xff, 0xff, 0xff,
  0xff, 0xff, 0xff, 0xff, 0xff, 0xff, 0xff, 0xff, 0xff, 0xff, 0xff, 0xff,
  0xff, 0xff, 0xff, 0xff, 0xff, 0xff, 0xff, 0xff, 0xff, 0xff, 0xff, 0xff,
  0xeb, 0xeb, 0xeb, 0x14, 0x14, 0x14, 0x00, 0x00, 0x00, 0x00, 0x00, 0x00,
  0x00, 0x00, 0x00, 0x00, 0x00, 0x00, 0x00, 0x00, 0x00, 0x00, 0x00, 0x00,
  0x00, 0x00, 0x00, 0x00, 0x00, 0x00, 0x14, 0x14, 0x14, 0xeb, 0xeb, 0xeb,
  0xff, 0xff, 0xff, 0xff, 0xff, 0xff, 0xff, 0xff, 0xff, 0xff, 0xff, 0xff,
  0xff, 0xff, 0xff, 0xff, 0xff, 0xff, 0xff, 0xff, 0xff, 0xff, 0xff, 0xff,
  0xff, 0xff, 0xff, 0xff, 0xff, 0xff, 0xff, 0xff, 0xff, 0xff, 0xff, 0xff,
  0xff, 0xff, 0xff, 0xff, 0xff, 0xff, 0xff, 0xff, 0xff, 0xff, 0xff, 0xff,
  0xfe, 0xfe, 0xfe, 0xfe, 0xfe, 0xfe, 0xfe, 0xfe, 0xfe, 0xfd, 0xfd, 0xfd,
  0xfc, 0xfc, 0xfc, 0xfa, 0xfa, 0xfa, 0xf8, 0xf8, 0xf8, 0xf3, 0xf3, 0xf3,
  0xed, 0xed, 0xed, 0xe2, 0xe6, 0xeb, 0xdd, 0xcc, 0xb9, 0xee, 0xa1, 0x4e,
  0xf6, 0x9f, 0x40, 0xf6, 0xa1, 0x45, 0xf5, 0xa0, 0x45, 0xf2, 0x9e, 0x43,
  0xed, 0x9a, 0x41, 0xe6, 0x95, 0x3e, 0xde, 0x8f, 0x3b, 0xd2, 0x87, 0x37,
  0xc2, 0x79, 0x2c, 0xc7, 0x95, 0x61, 0xf3, 0xf3, 0xf2, 0xf3, 0xf0, 0xee,
  0xf2, 0xf0, 0xee, 0xf2, 0xf0, 0xee, 0xf2, 0xf0, 0xee, 0xf2, 0xf0, 0xee,
  0xf2, 0xf0, 0xee, 0xf2, 0xf0, 0xee, 0xf2, 0xf0, 0xee, 0xf2, 0xf0, 0xee,
  0xf2, 0xf0, 0xee, 0xf2, 0xf0, 0xee, 0xf2, 0xf0, 0xee, 0xf2, 0xf0, 0xee,
  0xf2, 0xf0, 0xee, 0xf2, 0xf0, 0xee, 0xf2, 0xf0, 0xee, 0xf2, 0xf0, 0xee,
  0xf2, 0xf0, 0xee, 0xf2, 0xf0, 0xee, 0xf2, 0xf0, 0xee, 0xf2, 0xf0, 0xee,
  0xf2, 0xf0, 0xee, 0xf2, 0xf0, 0xee, 0xf2, 0xf0, 0xee, 0xf4, 0xf3, 0xf1,
  0xf7, 0xf8, 0xf8, 0xe5, 0xda, 0xd0, 0xb7, 0x8e, 0x65, 0x98, 0x58, 0x19,
  0x9c, 0x57, 0x14, 0xa6, 0x60, 0x1d, 0xad, 0x64, 0x1f, 0xb4, 0x68, 0x1f,
  0xba, 0x6b, 0x1f, 0xc0, 0x6e, 0x1f, 0xc6, 0x71, 0x20, 0xcb, 0x74, 0x21,
  0xd0, 0x76, 0x22, 0xd4, 0x78, 0x21, 0xd7, 0x79, 0x20, 0xda, 0x7b, 0x20,
  0xdd, 0x7c, 0x20, 0xdf, 0x7c, 0x21, 0xe1, 0x7c, 0x21, 0xe2, 0x7d, 0x21,
  0xe3, 0x7d, 0x20, 0xe3, 0x7d, 0x1d, 0xe3, 0x7d, 0x1c, 0xe1, 0x78, 0x16,
  0xdb, 0x7d, 0x28, 0xd8, 0xc3, 0xb0, 0xe2, 0xe7, 0xeb, 0xec, 0xec, 0xec,
  0xf2, 0xf2, 0xf2, 0xf7, 0xf7, 0xf7, 0xfa, 0xfa, 0xfa, 0xfc, 0xfc, 0xfc,
  0xfd, 0xfd, 0xfd, 0xfe, 0xfe, 0xfe, 0xfe, 0xfe, 0xfe, 0xfe, 0xfe, 0xfe,
  0xff, 0xff, 0xff, 0xff, 0xff, 0xff, 0xff, 0xff, 0xff, 0xff, 0xff, 0xff,
  0xff, 0xff, 0xff, 0xff, 0xff, 0xff, 0xff, 0xff, 0xff, 0xff, 0xff, 0xff,
  0xff, 0xff, 0xff, 0xff, 0xff, 0xff, 0xff, 0xff, 0xff, 0xff, 0xff, 0xff,
  0xff, 0xff, 0xff, 0xff, 0xff, 0xff, 0xff, 0xff, 0xff, 0xff, 0xff, 0xff,
  0xeb, 0xeb, 0xeb, 0x14, 0x14, 0x14, 0x00, 0x00, 0x00, 0x00, 0x00, 0x00,
  0x00, 0x00, 0x00, 0x00, 0x00, 0x00, 0x00, 0x00, 0x00, 0x00, 0x00, 0x00,
  0x00, 0x00, 0x00, 0x00, 0x00, 0x00, 0x14, 0x14, 0x14, 0xeb, 0xeb, 0xeb,
  0xff, 0xff, 0xff, 0xff, 0xff, 0xff, 0xff, 0xff, 0xff, 0xff, 0xff, 0xff,
  0xff, 0xff, 0xff, 0xff, 0xff, 0xff, 0xff, 0xff, 0xff, 0xff, 0xff, 0xff,
  0xff, 0xff, 0xff, 0xff, 0xff, 0xff, 0xff, 0xff, 0xff, 0xff, 0xff, 0xff,
  0xff, 0xff, 0xff, 0xff, 0xff, 0xff, 0xff, 0xff, 0xff, 0xff, 0xff, 0xff,
  0xff, 0xff, 0xff, 0xfe, 0xfe, 0xfe, 0xfe, 0xfe, 0xfe, 0xfe, 0xfe, 0xfe,
  0xfd, 0xfd, 0xfd, 0xfc, 0xfc, 0xfc, 0xfa, 0xfa, 0xfa, 0xf8, 0xf8, 0xf8,
  0xf3, 0xf3, 0xf3, 0xed, 0xed, 0xed, 0xe2, 0xe6, 0xea, 0xdd, 0xcc, 0xb9,
  0xee, 0xa1, 0x4e, 0xf4, 0x9e, 0x41, 0xf4, 0xa0, 0x46, 0xf2, 0x9e, 0x44,
  0xed, 0x9b, 0x42, 0xe7, 0x96, 0x40, 0xdf, 0x90, 0x3c, 0xd3, 0x88, 0x38,
  0xc2, 0x7a, 0x2d, 0xc7, 0x96, 0x62, 0xf4, 0xf3, 0xf3, 0xf3, 0xf1, 0xef,
  0xf3, 0xf1, 0xee, 0xf3, 0xf1, 0xee, 0xf3, 0xf1, 0xee, 0xf3, 0xf1, 0xee,
  0xf3, 0xf1, 0xee, 0xf3, 0xf1, 0xee, 0xf3, 0xf1, 0xee, 0xf3, 0xf1, 0xee,
  0xf3, 0xf1, 0xee, 0xf3, 0xf1, 0xee, 0xf3, 0xf1, 0xee, 0xf3, 0xf1, 0xee,
  0xf3, 0xf1, 0xee, 0xf3, 0xf1, 0xee, 0xf3, 0xf1, 0xee, 0xf3, 0xf1, 0xee,
  0xf3, 0xf1, 0xee, 0xf3, 0xf1, 0xee, 0xf3, 0xf1, 0xee, 0xf3, 0xf1, 0xee,
  0xf3, 0xf1, 0xee, 0xf3, 0xf1, 0xee, 0xf3, 0xf1, 0xee, 0xf3, 0xf1, 0xee,
  0xf3, 0xf1, 0xee, 0xf5, 0xf5, 0xf4, 0xf6, 0xf6, 0xf6, 0xdc, 0xcb, 0xba,
  0xad, 0x7c, 0x4c, 0x97, 0x54, 0x13, 0x9e, 0x59, 0x17, 0xa8, 0x61, 0x1e,
  0xaf, 0x65, 0x1f, 0xb5, 0x68, 0x1f, 0xbb, 0x6c, 0x1e, 0xc2, 0x6f, 0x1f,
  0xc7, 0x72, 0x20, 0xcc, 0x74, 0x21, 0xd1, 0x76, 0x22, 0xd5, 0x78, 0x20,
  0xd8, 0x79, 0x1f, 0xdb, 0x7a, 0x20, 0xdd, 0x7b, 0x20, 0xdf, 0x7c, 0x21,
  0xe1, 0x7c, 0x21, 0xe2, 0x7c, 0x21, 0xe0, 0x78, 0x18, 0xda, 0x7e, 0x27,
  0xd7, 0xc2, 0xaf, 0xe1, 0xe6, 0xea, 0xeb, 0xeb, 0xeb, 0xf2, 0xf2, 0xf2,
  0xf7, 0xf7, 0xf7, 0xf9, 0xf9, 0xf9, 0xfb, 0xfb, 0xfb, 0xfd, 0xfd, 0xfd,
  0xfe, 0xfe, 0xfe, 0xfe, 0xfe, 0xfe, 0xfe, 0xfe, 0xfe, 0xff, 0xff, 0xff,
  0xff, 0xff, 0xff, 0xff, 0xff, 0xff, 0xff, 0xff, 0xff, 0xff, 0xff, 0xff,
  0xff, 0xff, 0xff, 0xff, 0xff, 0xff, 0xff, 0xff, 0xff, 0xff, 0xff, 0xff,
  0xff, 0xff, 0xff, 0xff, 0xff, 0xff, 0xff, 0xff, 0xff, 0xff, 0xff, 0xff,
  0xff, 0xff, 0xff, 0xff, 0xff, 0xff, 0xff, 0xff, 0xff, 0xff, 0xff, 0xff,
  0xeb, 0xeb, 0xeb, 0x14, 0x14, 0x14, 0x00, 0x00, 0x00, 0x00, 0x00, 0x00,
  0x00, 0x00, 0x00, 0x00, 0x00, 0x00, 0x00, 0x00, 0x00, 0x00, 0x00, 0x00,
  0x00, 0x00, 0x00, 0x00, 0x00, 0x00, 0x14, 0x14, 0x14, 0xeb, 0xeb, 0xeb,
  0xff, 0xff, 0xff, 0xff, 0xff, 0xff, 0xff, 0xff, 0xff, 0xff, 0xff, 0xff,
  0xff, 0xff, 0xff, 0xff, 0xff, 0xff, 0xff, 0xff, 0xff, 0xff, 0xff, 0xff,
  0xff, 0xff, 0xff, 0xff, 0xff, 0xff, 0xff, 0xff, 0xff, 0xff, 0xff, 0xff,
  0xff, 0xff, 0xff, 0xff, 0xff, 0xff, 0xff, 0xff, 0xff, 0xff, 0xff, 0xff,
  0xff, 0xff, 0xff, 0xff, 0xff, 0xff, 0xfe, 0xfe, 0xfe, 0xfe, 0xfe, 0xfe,
  0xfe, 0xfe, 0xfe, 0xfd, 0xfd, 0xfd, 0xfc, 0xfc, 0xfc, 0xfa, 0xfa, 0xfa,
  0xf8, 0xf8, 0xf8, 0xf3, 0xf3, 0xf3, 0xec, 0xec, 0xec, 0xe1, 0xe5, 0xea,
  0xdd, 0xcc, 0xb9, 0xed, 0xa0, 0x4d, 0xf3, 0x9d, 0x41, 0xf2, 0x9f, 0x45,
  0xee, 0x9c, 0x43, 0xe7, 0x97, 0x40, 0xdf, 0x91, 0x3e, 0xd3, 0x89, 0x3a,
  0xc2, 0x7b, 0x2e, 0xc7, 0x96, 0x62, 0xf4, 0xf4, 0xf4, 0xf4, 0xf1, 0xef,
  0xf3, 0xf1, 0xef, 0xf3, 0xf1, 0xef, 0xf3, 0xf1, 0xef, 0xf3, 0xf1, 0xef,
  0xf3, 0xf1, 0xef, 0xf3, 0xf1, 0xef, 0xf3, 0xf1, 0xef, 0xf3, 0xf1, 0xef,
  0xf3, 0xf1, 0xef, 0xf3, 0xf1, 0xef, 0xf3, 0xf1, 0xef, 0xf3, 0xf1, 0xef,
  0xf3, 0xf1, 0xef, 0xf3, 0xf1, 0xef, 0xf3, 0xf1, 0xef, 0xf3, 0xf1, 0xef,
  0xf3, 0xf1, 0xef, 0xf3, 0xf1, 0xef, 0xf3, 0xf1, 0xef, 0xf3, 0xf1, 0xef,
  0xf3, 0xf1, 0xef, 0xf3, 0xf1, 0xef, 0xf3, 0xf1, 0xef, 0xf3, 0xf1, 0xef,
  0xf3, 0xf1, 0xef, 0xf3, 0xf1, 0xef, 0xf3, 0xf1, 0xef, 0xf7, 0xf7, 0xf7,
  0xf4, 0xf3, 0xf1, 0xd2, 0xba, 0xa3, 0xa4, 0x6e, 0x38, 0x97, 0x53, 0x11,
  0xa1, 0x5c, 0x19, 0xa9, 0x62, 0x1e, 0xb0, 0x65, 0x1e, 0xb6, 0x69, 0x1e,
  0xbd, 0x6c, 0x1e, 0xc3, 0x6f, 0x1f, 0xc8, 0x72, 0x20, 0xcd, 0x74, 0x21,
  0xd2, 0x77, 0x21, 0xd6, 0x78, 0x1f, 0xd9, 0x79, 0x1f, 0xdb, 0x7a, 0x20,
  0xdd, 0x7b, 0x21, 0xdd, 0x78, 0x1b, 0xd8, 0x7d, 0x29, 0xd5, 0xc0, 0xad,
  0xdf, 0xe4, 0xe8, 0xe9, 0xe9, 0xe9, 0xf1, 0xf1, 0xf1, 0xf5, 0xf5, 0xf5,
  0xf9, 0xf9, 0xf9, 0xfb, 0xfb, 0xfb, 0xfc, 0xfc, 0xfc, 0xfd, 0xfd, 0xfd,
  0xfe, 0xfe, 0xfe, 0xfe, 0xfe, 0xfe, 0xff, 0xff, 0xff, 0xff, 0xff, 0xff,
  0xff, 0xff, 0xff, 0xff, 0xff, 0xff, 0xff, 0xff, 0xff, 0xff, 0xff, 0xff,
  0xff, 0xff, 0xff, 0xff, 0xff, 0xff, 0xff, 0xff, 0xff, 0xff, 0xff, 0xff,
  0xff, 0xff, 0xff, 0xff, 0xff, 0xff, 0xff, 0xff, 0xff, 0xff, 0xff, 0xff,
  0xff, 0xff, 0xff, 0xff, 0xff, 0xff, 0xff, 0xff, 0xff, 0xff, 0xff, 0xff,
  0xeb, 0xeb, 0xeb, 0x14, 0x14, 0x14, 0x00, 0x00, 0x00, 0x00, 0x00, 0x00,
  0x00, 0x00, 0x00, 0x00, 0x00, 0x00, 0x00, 0x00, 0x00, 0x00, 0x00, 0x00,
  0x00, 0x00, 0x00, 0x00, 0x00, 0x00, 0x14, 0x14, 0x14, 0xeb, 0xeb, 0xeb,
  0xff, 0xff, 0xff, 0xff, 0xff, 0xff, 0xff, 0xff, 0xff, 0xff, 0xff, 0xff,
  0xff, 0xff, 0xff, 0xff, 0xff, 0xff, 0xff, 0xff, 0xff, 0xff, 0xff, 0xff,
  0xff, 0xff, 0xff, 0xff, 0xff, 0xff, 0xff, 0xff, 0xff, 0xff, 0xff, 0xff,
  0xff, 0xff, 0xff, 0xff, 0xff, 0xff, 0xff, 0xff, 0xff, 0xff, 0xff, 0xff,
  0xff, 0xff, 0xff, 0xff, 0xff, 0xff, 0xff, 0xff, 0xff, 0xfe, 0xfe, 0xfe,
  0xfe, 0xfe, 0xfe, 0xfe, 0xfe, 0xfe, 0xfd, 0xfd, 0xfd, 0xfc, 0xfc, 0xfc,
  0xfa, 0xfa, 0xfa, 0xf7, 0xf7, 0xf7, 0xf3, 0xf3, 0xf3, 0xec, 0xec, 0xec,
  0xe1, 0xe5, 0xe9, 0xdc, 0xcb, 0xb8, 0xeb, 0xa0, 0x4d, 0xf0, 0x9c, 0x40,
  0xed, 0x9c, 0x44, 0xe7, 0x97, 0x42, 0xdf, 0x92, 0x3e, 0xd3, 0x8a, 0x3b,
  0xc3, 0x7c, 0x2f, 0xc8, 0x97, 0x63, 0xf5, 0xf4, 0xf4, 0xf4, 0xf2, 0xf0,
  0xf4, 0xf2, 0xf0, 0xf4, 0xf2, 0xf0, 0xf4, 0xf2, 0xf0, 0xf4, 0xf2, 0xf0,
  0xf4, 0xf2, 0xf0, 0xf4, 0xf2, 0xf0, 0xf4, 0xf2, 0xf0, 0xf4, 0xf2, 0xf0,
  0xf4, 0xf2, 0xf0, 0xf4, 0xf2, 0xf0, 0xf4, 0xf2, 0xf0, 0xf4, 0xf2, 0xf0,
  0xf4, 0xf2, 0xf0, 0xf4, 0xf2, 0xf0, 0xf4, 0xf2, 0xf0, 0xf4, 0xf2, 0xf0,
  0xf4, 0xf2, 0xf0, 0xf4, 0xf2, 0xf0, 0xf4, 0xf2, 0xf0, 0xf4, 0xf2, 0xf0,
  0xf4, 0xf2, 0xf0, 0xf4, 0xf2, 0xf0, 0xf4, 0xf2, 0xf0, 0xf4, 0xf2, 0xf0,
  0xf4, 0xf2, 0xf0, 0xf4, 0xf2, 0xf0, 0xf4, 0xf2, 0xf0, 0xf4, 0xf2, 0xef,
  0xf4, 0xf3, 0xf1, 0xf8, 0xf9, 0xfa, 0xf0, 0xeb, 0xe7, 0xc7, 0xa8, 0x89,
  0x9e, 0x62, 0x28, 0x98, 0x53, 0x11, 0xa3, 0x5e, 0x1b, 0xaa, 0x63, 0x1e,
  0xb1, 0x66, 0x1e, 0xb8, 0x69, 0x1e, 0xbe, 0x6d, 0x1f, 0xc4, 0x70, 0x20,
  0xc9, 0x72, 0x21, 0xce, 0x75, 0x21, 0xd3, 0x77, 0x20, 0xd6, 0x78, 0x1f,
  0xd6, 0x75, 0x1a, 0xd3, 0x7c, 0x2b, 0xd1, 0xbd, 0xaa, 0xdb, 0xe0, 0xe4,
  0xe7, 0xe7, 0xe6, 0xee, 0xee, 0xee, 0xf3, 0xf3, 0xf3, 0xf7, 0xf7, 0xf7,
  0xfa, 0xfa, 0xfa, 0xfb, 0xfb, 0xfb, 0xfd, 0xfd, 0xfd, 0xfd, 0xfd, 0xfd,
  0xfd, 0xfd, 0xfd, 0xff, 0xff, 0xff, 0xff, 0xff, 0xff, 0xff, 0xff, 0xff,
  0xff, 0xff, 0xff, 0xff, 0xff, 0xff, 0xff, 0xff, 0xff, 0xff, 0xff, 0xff,
  0xff, 0xff, 0xff, 0xff, 0xff, 0xff, 0xff, 0xff, 0xff, 0xff, 0xff, 0xff,
  0xff, 0xff, 0xff, 0xff, 0xff, 0xff, 0xff, 0xff, 0xff, 0xff, 0xff, 0xff,
  0xff, 0xff, 0xff, 0xff, 0xff, 0xff, 0xff, 0xff, 0xff, 0xff, 0xff, 0xff,
  0xeb, 0xeb, 0xeb, 0x14, 0x14, 0x14, 0x00, 0x00, 0x00, 0x00, 0x00, 0x00,
  0x00, 0x00, 0x00, 0x00, 0x00, 0x00, 0x00, 0x00, 0x00, 0x00, 0x00, 0x00,
  0x00, 0x00, 0x00, 0x00, 0x00, 0x00, 0x14, 0x14, 0x14, 0xeb, 0xeb, 0xeb,
  0xff, 0xff, 0xff, 0xff, 0xff, 0xff, 0xff, 0xff, 0xff, 0xff, 0xff, 0xff,
  0xff, 0xff, 0xff, 0xff, 0xff, 0xff, 0xff, 0xff, 0xff, 0xff, 0xff, 0xff,
  0xff, 0xff, 0xff, 0xff, 0xff, 0xff, 0xff, 0xff, 0xff, 0xff, 0xff, 0xff,
  0xff, 0xff, 0xff, 0xff, 0xff, 0xff, 0xff, 0xff, 0xff, 0xff, 0xff, 0xff,
  0xff, 0xff, 0xff, 0xff, 0xff, 0xff, 0xff, 0xff, 0xff, 0xff, 0xff, 0xff,
  0xfe, 0xfe, 0xfe, 0xfe, 0xfe, 0xfe, 0xfe, 0xfe, 0xfe, 0xfd, 0xfd, 0xfd,
  0xfc, 0xfc, 0xfc, 0xfa, 0xfa, 0xfa, 0xf7, 0xf7, 0xf7, 0xf2, 0xf2, 0xf2,
  0xeb, 0xeb, 0xeb, 0xe0, 0xe4, 0xe8, 0xda, 0xc9, 0xb7, 0xe8, 0x9e, 0x4d,
  0xec, 0x99, 0x3f, 0xe7, 0x98, 0x42, 0xe0, 0x93, 0x40, 0xd4, 0x8b, 0x3c,
  0xc3, 0x7c, 0x30, 0xc8, 0x98, 0x64, 0xf5, 0xf5, 0xf5, 0xf4, 0xf3, 0xf1,
  0xf4, 0xf2, 0xf0, 0xf4, 0xf2, 0xf0, 0xf4, 0xf2, 0xf0, 0xf4, 0xf2, 0xf0,
  0xf4, 0xf2, 0xf0, 0xf4, 0xf2, 0xf0, 0xf4, 0xf2, 0xf0, 0xf4, 0xf2, 0xf0,
  0xf4, 0xf2, 0xf0, 0xf4, 0xf2, 0xf0, 0xf4, 0xf2, 0xf0, 0xf4, 0xf2, 0xf0,
  0xf4, 0xf2, 0xf0, 0xf4, 0xf2, 0xf0, 0xf4, 0xf2, 0xf0, 0xf4, 0xf2, 0xf0,
  0xf4, 0xf2, 0xf0, 0xf4, 0xf2, 0xf0, 0xf4, 0xf2, 0xf0, 0xf4, 0xf2, 0xf0,
  0xf4, 0xf2, 0xf0, 0xf4, 0xf2, 0xf0, 0xf4, 0xf2, 0xf0, 0xf4, 0xf2, 0xf0,
  0xf4, 0xf2, 0xf0, 0xf4, 0xf2, 0xf0, 0xf4, 0xf2, 0xf0, 0xf4, 0xf2, 0xf0,
  0xf4, 0xf2, 0xf0, 0xf4, 0xf2, 0xf0, 0xf6, 0xf4, 0xf3, 0xf9, 0xfa, 0xfb,
  0xea, 0xe1, 0xd8, 0xbb, 0x95, 0x6e, 0x99, 0x59, 0x1c, 0x9a, 0x55, 0x13,
  0xa5, 0x5f, 0x1d, 0xac, 0x63, 0x1d, 0xb3, 0x67, 0x1d, 0xb9, 0x6a, 0x1e,
  0xc0, 0x6d, 0x1f, 0xc6, 0x70, 0x20, 0xca, 0x72, 0x21, 0xcd, 0x71, 0x1a,
  0xcb, 0x78, 0x29, 0xca, 0xb7, 0xa5, 0xd5, 0xd9, 0xde, 0xe1, 0xe1, 0xe1,
  0xea, 0xea, 0xea, 0xf0, 0xf0, 0xf0, 0xf4, 0xf4, 0xf4, 0xf8, 0xf8, 0xf8,
  0xfa, 0xfa, 0xfa, 0xfc, 0xfc, 0xfc, 0xfc, 0xfc, 0xfc, 0xfd, 0xfd, 0xfd,
  0xfe, 0xfe, 0xfe, 0xfe, 0xfe, 0xfe, 0xff, 0xff, 0xff, 0xff, 0xff, 0xff,
  0xff, 0xff, 0xff, 0xff, 0xff, 0xff, 0xff, 0xff, 0xff, 0xff, 0xff, 0xff,
  0xff, 0xff, 0xff, 0xff, 0xff, 0xff, 0xff, 0xff, 0xff, 0xff, 0xff, 0xff,
  0xff, 0xff, 0xff, 0xff, 0xff, 0xff, 0xff, 0xff, 0xff, 0xff, 0xff, 0xff,
  0xff, 0xff, 0xff, 0xff, 0xff, 0xff, 0xff, 0xff, 0xff, 0xff, 0xff, 0xff,
  0xeb, 0xeb, 0xeb, 0x14, 0x14, 0x14, 0x00, 0x00, 0x00, 0x00, 0x00, 0x00,
  0x00, 0x00, 0x00, 0x00, 0x00, 0x00, 0x00, 0x00, 0x00, 0x00, 0x00, 0x00,
  0x00, 0x00, 0x00, 0x00, 0x00, 0x00, 0x14, 0x14, 0x14, 0xeb, 0xeb, 0xeb,
  0xff, 0xff, 0xff, 0xff, 0xff, 0xff, 0xff, 0xff, 0xff, 0xff, 0xff, 0xff,
  0xff, 0xff, 0xff, 0xff, 0xff, 0xff, 0xff, 0xff, 0xff, 0xff, 0xff, 0xff,
  0xff, 0xff, 0xff, 0xff, 0xff, 0xff, 0xff, 0xff, 0xff, 0xff, 0xff, 0xff,
  0xff, 0xff, 0xff, 0xff, 0xff, 0xff, 0xff, 0xff, 0xff, 0xff, 0xff, 0xff,
  0xff, 0xff, 0xff, 0xff, 0xff, 0xff, 0xff, 0xff, 0xff, 0xff, 0xff, 0xff,
  0xff, 0xff, 0xff, 0xfe, 0xfe, 0xfe, 0xfe, 0xfe, 0xfe, 0xfe, 0xfe, 0xfe,
  0xfd, 0xfd, 0xfd, 0xfc, 0xfc, 0xfc, 0xf9, 0xf9, 0xf9, 0xf7, 0xf7, 0xf7,
  0xf2, 0xf2, 0xf2, 0xea, 0xea, 0xea, 0xde, 0xe2, 0xe6, 0xd8, 0xc7, 0xb5,
  0xe5, 0x9b, 0x4b, 0xe6, 0x95, 0x3d, 0xe0, 0x93, 0x40, 0xd4, 0x8b, 0x3c,
  0xc4, 0x7d, 0x31, 0xc8, 0x98, 0x65, 0xf6, 0xf5, 0xf5, 0xf5, 0xf3, 0xf1,
  0xf5, 0xf3, 0xf1, 0xf5, 0xf3, 0xf1, 0xf5, 0xf3, 0xf1, 0xf5, 0xf3, 0xf1,
  0xf5, 0xf3, 0xf1, 0xf5, 0xf3, 0xf1, 0xf5, 0xf3, 0xf1, 0xf5, 0xf3, 0xf1,
  0xf5, 0xf3, 0xf1, 0xf5, 0xf3, 0xf1, 0xf5, 0xf3, 0xf1, 0xf5, 0xf3, 0xf1,
  0xf5, 0xf3, 0xf1, 0xf5, 0xf3, 0xf1, 0xf5, 0xf3, 0xf1, 0xf5, 0xf3, 0xf1,
  0xf5, 0xf3, 0xf1, 0xf5, 0xf3, 0xf1, 0xf5, 0xf3, 0xf1, 0xf5, 0xf3, 0xf1,
  0xf5, 0xf3, 0xf1, 0xf5, 0xf3, 0xf1, 0xf5, 0xf3, 0xf1, 0xf5, 0xf3, 0xf1,
  0xf5, 0xf3, 0xf1, 0xf5, 0xf3, 0xf1, 0xf5, 0xf3, 0xf1, 0xf5, 0xf3, 0xf1,
  0xf5, 0xf3, 0xf1, 0xf5, 0xf3, 0xf1, 0xf5, 0xf3, 0xf1, 0xf5, 0xf3, 0xf1,
  0xf7, 0xf6, 0xf6, 0xf9, 0xfa, 0xfa, 0xe2, 0xd3, 0xc5, 0xb1, 0x82, 0x55,
  0x97, 0x54, 0x15, 0x9d, 0x58, 0x16, 0xa7, 0x60, 0x1d, 0xae, 0x64, 0x1d,
  0xb4, 0x67, 0x1d, 0xba, 0x6a, 0x1e, 0xbf, 0x6a, 0x1b, 0xbf, 0x71, 0x28,
  0xbf, 0xad, 0x9c, 0xcb, 0xd0, 0xd4, 0xd9, 0xd9, 0xd8, 0xe2, 0xe2, 0xe2,
  0xea, 0xea, 0xea, 0xef, 0xef, 0xef, 0xf4, 0xf4, 0xf4, 0xf7, 0xf7, 0xf7,
  0xf9, 0xf9, 0xf9, 0xfb, 0xfb, 0xfb, 0xfc, 0xfc, 0xfc, 0xfe, 0xfe, 0xfe,
  0xfe, 0xfe, 0xfe, 0xfe, 0xfe, 0xfe, 0xff, 0xff, 0xff, 0xff, 0xff, 0xff,
  0xff, 0xff, 0xff, 0xff, 0xff, 0xff, 0xff, 0xff, 0xff, 0xff, 0xff, 0xff,
  0xff, 0xff, 0xff, 0xff, 0xff, 0xff, 0xff, 0xff, 0xff, 0xff, 0xff, 0xff,
  0xff, 0xff, 0xff, 0xff, 0xff, 0xff, 0xff, 0xff, 0xff, 0xff, 0xff, 0xff,
  0xff, 0xff, 0xff, 0xff, 0xff, 0xff, 0xff, 0xff, 0xff, 0xff, 0xff, 0xff,
  0xeb, 0xeb, 0xeb, 0x14, 0x14, 0x14, 0x00, 0x00, 0x00, 0x00, 0x00, 0x00,
  0x00, 0x00, 0x00, 0x00, 0x00, 0x00, 0x00, 0x00, 0x00, 0x00, 0x00, 0x00,
  0x00, 0x00, 0x00, 0x00, 0x00, 0x00, 0x14, 0x14, 0x14, 0xeb, 0xeb, 0xeb,
  0xff, 0xff, 0xff, 0xff, 0xff, 0xff, 0xff, 0xff, 0xff, 0xff, 0xff, 0xff,
  0xff, 0xff, 0xff, 0xff, 0xff, 0xff, 0xff, 0xff, 0xff, 0xff, 0xff, 0xff,
  0xff, 0xff, 0xff, 0xff, 0xff, 0xff, 0xff, 0xff, 0xff, 0xff, 0xff, 0xff,
  0xff, 0xff, 0xff, 0xff, 0xff, 0xff, 0xff, 0xff, 0xff, 0xff, 0xff, 0xff,
  0xff, 0xff, 0xff, 0xff, 0xff, 0xff, 0xff, 0xff, 0xff, 0xff, 0xff, 0xff,
  0xff, 0xff, 0xff, 0xff, 0xff, 0xff, 0xfe, 0xfe, 0xfe, 0xfe, 0xfe, 0xfe,
  0xfe, 0xfe, 0xfe, 0xfd, 0xfd, 0xfd, 0xfb, 0xfb, 0xfb, 0xf9, 0xf9, 0xf9,
  0xf6, 0xf6, 0xf6, 0xf1, 0xf1, 0xf0, 0xe8, 0xe8, 0xe8, 0xdc, 0xe0, 0xe4,
  0xd4, 0xc4, 0xb1, 0xde, 0x97, 0x4a, 0xde, 0x90, 0x3b, 0xd4, 0x8b, 0x3c,
  0xc4, 0x7e, 0x31, 0xc9, 0x99, 0x66, 0xf6, 0xf6, 0xf6, 0xf5, 0xf4, 0xf2,
  0xf5, 0xf3, 0xf1, 0xf5, 0xf3, 0xf1, 0xf5, 0xf3, 0xf1, 0xf5, 0xf3, 0xf1,
  0xf5, 0xf3, 0xf1, 0xf5, 0xf3, 0xf1, 0xf5, 0xf3, 0xf1, 0xf5, 0xf3, 0xf1,
  0xf5, 0xf3, 0xf1, 0xf5, 0xf3, 0xf1, 0xf5, 0xf3, 0xf1, 0xf5, 0xf3, 0xf1,
  0xf5, 0xf3, 0xf1, 0xf5, 0xf3, 0xf1, 0xf5, 0xf3, 0xf1, 0xf5, 0xf3, 0xf1,
  0xf5, 0xf3, 0xf1, 0xf5, 0xf3, 0xf1, 0xf5, 0xf3, 0xf1, 0xf5, 0xf3, 0xf1,
  0xf5, 0xf3, 0xf1, 0xf5, 0xf3, 0xf1, 0xf5, 0xf3, 0xf1, 0xf5, 0xf3, 0xf1,
  0xf5, 0xf3, 0xf1, 0xf5, 0xf3, 0xf1, 0xf5, 0xf3, 0xf1, 0xf5, 0xf3, 0xf1,
  0xf5, 0xf3, 0xf1, 0xf5, 0xf3, 0xf1, 0xf5, 0xf3, 0xf1, 0xf5, 0xf3, 0xf1,
  0xf5, 0xf3, 0xf1, 0xf5, 0xf4, 0xf2, 0xf8, 0xf9, 0xf9, 0xf7, 0xf7, 0xf6,
  0xd8, 0xc3, 0xae, 0xa7, 0x73, 0x40, 0x96, 0x52, 0x11, 0xa0, 0x5a, 0x18,
  0xa8, 0x61, 0x1c, 0xad, 0x61, 0x18, 0xae, 0x68, 0x26, 0xb0, 0x9f, 0x8f,
  0xbd, 0xc1, 0xc4, 0xcb, 0xcb, 0xcb, 0xd7, 0xd7, 0xd7, 0xe0, 0xe0, 0xe0,
  0xe7, 0xe7, 0xe7, 0xed, 0xed, 0xed, 0xf2, 0xf2, 0xf2, 0xf5, 0xf5, 0xf5,
  0xf8, 0xf8, 0xf8, 0xfa, 0xfa, 0xfa, 0xfc, 0xfc, 0xfc, 0xfd, 0xfd, 0xfd,
  0xfe, 0xfe, 0xfe, 0xfe, 0xfe, 0xfe, 0xfe, 0xfe, 0xfe, 0xff, 0xff, 0xff,
  0xff, 0xff, 0xff, 0xff, 0xff, 0xff, 0xff, 0xff, 0xff, 0xff, 0xff, 0xff,
  0xff, 0xff, 0xff, 0xff, 0xff, 0xff, 0xff, 0xff, 0xff, 0xff, 0xff, 0xff,
  0xff, 0xff, 0xff, 0xff, 0xff, 0xff, 0xff, 0xff, 0xff, 0xff, 0xff, 0xff,
  0xff, 0xff, 0xff, 0xff, 0xff, 0xff, 0xff, 0xff, 0xff, 0xff, 0xff, 0xff,
  0xeb, 0xeb, 0xeb, 0x14, 0x14, 0x14, 0x00, 0x00, 0x00, 0x00, 0x00, 0x00,
  0x00, 0x00, 0x00, 0x00, 0x00, 0x00, 0x00, 0x00, 0x00, 0x00, 0x00, 0x00,
  0x00, 0x00, 0x00, 0x00, 0x00, 0x00, 0x14, 0x14, 0x14, 0xeb, 0xeb, 0xeb,
  0xff, 0xff, 0xff, 0xff, 0xff, 0xff, 0xff, 0xff, 0xff, 0xff, 0xff, 0xff,
  0xff, 0xff, 0xff, 0xff, 0xff, 0xff, 0xff, 0xff, 0xff, 0xff, 0xff, 0xff,
  0xff, 0xff, 0xff, 0xff, 0xff, 0xff, 0xff, 0xff, 0xff, 0xff, 0xff, 0xff,
  0xff, 0xff, 0xff, 0xff, 0xff, 0xff, 0xff, 0xff, 0xff, 0xff, 0xff, 0xff,
  0xff, 0xff, 0xff, 0xff, 0xff, 0xff, 0xff, 0xff, 0xff, 0xff, 0xff, 0xff,
  0xff, 0xff, 0xff, 0xff, 0xff, 0xff, 0xff, 0xff, 0xff, 0xfe, 0xfe, 0xfe,
  0xfe, 0xfe, 0xfe, 0xfe, 0xfe, 0xfe, 0xfc, 0xfc, 0xfc, 0xfb, 0xfb, 0xfb,
  0xf8, 0xf8, 0xf8, 0xf5, 0xf5, 0xf5, 0xee, 0xee, 0xee, 0xe6, 0xe6, 0xe6,
  0xd8, 0xdb, 0xdf, 0xce, 0xbe, 0xad, 0xd7, 0x92, 0x47, 0xd2, 0x89, 0x38,
  0xc4, 0x7e, 0x32, 0xc9, 0x9a, 0x66, 0xf7, 0xf6, 0xf7, 0xf6, 0xf4, 0xf2,
  0xf6, 0xf4, 0xf2, 0xf6, 0xf4, 0xf2, 0xf6, 0xf4, 0xf2, 0xf6, 0xf4, 0xf2,
  0xf6, 0xf4, 0xf2, 0xf6, 0xf4, 0xf2, 0xf6, 0xf4, 0xf2, 0xf6, 0xf4, 0xf2,
  0xf6, 0xf4, 0xf2, 0xf6, 0xf4, 0xf2, 0xf6, 0xf4, 0xf2, 0xf6, 0xf4, 0xf2,
  0xf6, 0xf4, 0xf2, 0xf6, 0xf4, 0xf2, 0xf6, 0xf4, 0xf2, 0xf6, 0xf4, 0xf2,
  0xf6, 0xf4, 0xf2, 0xf6, 0xf4, 0xf2, 0xf6, 0xf4, 0xf2, 0xf6, 0xf4, 0xf2,
  0xf6, 0xf4, 0xf2, 0xf6, 0xf4, 0xf2, 0xf6, 0xf4, 0xf2, 0xf6, 0xf4, 0xf2,
  0xf6, 0xf4, 0xf2, 0xf6, 0xf4, 0xf2, 0xf6, 0xf4, 0xf2, 0xf6, 0xf4, 0xf2,
  0xf6, 0xf4, 0xf2, 0xf6, 0xf4, 0xf2, 0xf6, 0xf4, 0xf2, 0xf6, 0xf4, 0xf2,
  0xf6, 0xf4, 0xf2, 0xf6, 0xf4, 0xf2, 0xf6, 0xf4, 0xf2, 0xf6, 0xf5, 0xf3,
  0xfa, 0xfb, 0xfc, 0xf4, 0xf1, 0xed, 0xcc, 0xaf, 0x93, 0x9f, 0x65, 0x2e,
  0x95, 0x4f, 0x0d, 0x9b, 0x5d, 0x21, 0x9f, 0x90, 0x82, 0xab, 0xaf, 0xb2,
  0xba, 0xba, 0xba, 0xc6, 0xc6, 0xc6, 0xd1, 0xd1, 0xd1, 0xda, 0xda, 0xda,
  0xe2, 0xe2, 0xe2, 0xe9, 0xe9, 0xe9, 0xee, 0xee, 0xee, 0xf3, 0xf3, 0xf3,
  0xf6, 0xf6, 0xf6, 0xfa, 0xfa, 0xfa, 0xfb, 0xfb, 0xfb, 0xfd, 0xfd, 0xfd,
  0xfe, 0xfe, 0xfe, 0xfe, 0xfe, 0xfe, 0xfe, 0xfe, 0xfe, 0xff, 0xff, 0xff,
  0xff, 0xff, 0xff, 0xff, 0xff, 0xff, 0xff, 0xff, 0xff, 0xff, 0xff, 0xff,
  0xff, 0xff, 0xff, 0xff, 0xff, 0xff, 0xff, 0xff, 0xff, 0xff, 0xff, 0xff,
  0xff, 0xff, 0xff, 0xff, 0xff, 0xff, 0xff, 0xff, 0xff, 0xff, 0xff, 0xff,
  0xff, 0xff, 0xff, 0xff, 0xff, 0xff, 0xff, 0xff, 0xff, 0xff, 0xff, 0xff,
  0xeb, 0xeb, 0xeb, 0x14, 0x14, 0x14, 0x00, 0x00, 0x00, 0x00, 0x00, 0x00,
  0x00, 0x00, 0x00, 0x00, 0x00, 0x00, 0x00, 0x00, 0x00, 0x00, 0x00, 0x00,
  0x00, 0x00, 0x00, 0x00, 0x00, 0x00, 0x14, 0x14, 0x14, 0xeb, 0xeb, 0xeb,
  0xff, 0xff, 0xff, 0xff, 0xff, 0xff, 0xff, 0xff, 0xff, 0xff, 0xff, 0xff,
  0xff, 0xff, 0xff, 0xff, 0xff, 0xff, 0xff, 0xff, 0xff, 0xff, 0xff, 0xff,
  0xff, 0xff, 0xff, 0xff, 0xff, 0xff, 0xff, 0xff, 0xff, 0xff, 0xff, 0xff,
  0xff, 0xff, 0xff, 0xff, 0xff, 0xff, 0xff, 0xff, 0xff, 0xff, 0xff, 0xff,
  0xff, 0xff, 0xff, 0xff, 0xff, 0xff, 0xff, 0xff, 0xff, 0xff, 0xff, 0xff,
  0xff, 0xff, 0xff, 0xff, 0xff, 0xff, 0xff, 0xff, 0xff, 0xff, 0xff, 0xff,
  0xfe, 0xfe, 0xfe, 0xfe, 0xfe, 0xfe, 0xfd, 0xfd, 0xfd, 0xfc, 0xfc, 0xfc,
  0xfa, 0xfa, 0xfa, 0xf7, 0xf7, 0xf7, 0xf3, 0xf3, 0xf3, 0xec, 0xec, 0xec,
  0xe2, 0xe2, 0xe2, 0xd2, 0xd5, 0xd9, 0xc7, 0xb8, 0xa7, 0xcc, 0x8b, 0x44,
  0xc2, 0x7c, 0x2e, 0xc9, 0x9a, 0x66, 0xf7, 0xf7, 0xf7, 0xf6, 0xf5, 0xf3,
  0xf6, 0xf4, 0xf3, 0xf6, 0xf4, 0xf3, 0xf6, 0xf4, 0xf3, 0xf6, 0xf4, 0xf3,
  0xf6, 0xf4, 0xf3, 0xf6, 0xf4, 0xf3, 0xf6, 0xf4, 0xf3, 0xf6, 0xf4, 0xf3,
  0xf6, 0xf4, 0xf3, 0xf6, 0xf4, 0xf3, 0xf6, 0xf4, 0xf3, 0xf6, 0xf4, 0xf3,
  0xf6, 0xf4, 0xf3, 0xf6, 0xf4, 0xf3, 0xf6, 0xf4, 0xf3, 0xf6, 0xf4, 0xf3,
  0xf6, 0xf4, 0xf3, 0xf6, 0xf4, 0xf3, 0xf6, 0xf4, 0xf3, 0xf6, 0xf4, 0xf3,
  0xf6, 0xf4, 0xf3, 0xf6, 0xf4, 0xf3, 0xf6, 0xf4, 0xf3, 0xf6, 0xf4, 0xf3,
  0xf6, 0xf4, 0xf3, 0xf6, 0xf4, 0xf3, 0xf6, 0xf4, 0xf3, 0xf6, 0xf4, 0xf3,
  0xf6, 0xf4, 0xf3, 0xf6, 0xf4, 0xf3, 0xf6, 0xf4, 0xf3, 0xf6, 0xf4, 0xf3,
  0xf6, 0xf4, 0xf3, 0xf6, 0xf4, 0xf3, 0xf6, 0xf4, 0xf3, 0xf6, 0xf4, 0xf3,
  0xf6, 0xf4, 0xf3, 0xf7, 0xf6, 0xf5, 0xfb, 0xfd, 0xfe, 0xee, 0xe7, 0xe0,
  0xbd, 0x9a, 0x79, 0x90, 0x82, 0x74, 0x94, 0x97, 0x9a, 0xa6, 0xa6, 0xa6,
  0xb3, 0xb3, 0xb3, 0xbe, 0xbe, 0xbe, 0xc9, 0xc9, 0xc9, 0xd2, 0xd2, 0xd2,
  0xdb, 0xdb, 0xdb, 0xe3, 0xe3, 0xe3, 0xea, 0xea, 0xea, 0xef, 0xef, 0xef,
  0xf4, 0xf4, 0xf4, 0xf8, 0xf8, 0xf8, 0xfa, 0xfa, 0xfa, 0xfc, 0xfc, 0xfc,
  0xfd, 0xfd, 0xfd, 0xfe, 0xfe, 0xfe, 0xfe, 0xfe, 0xfe, 0xff, 0xff, 0xff,
  0xff, 0xff, 0xff, 0xff, 0xff, 0xff, 0xff, 0xff, 0xff, 0xff, 0xff, 0xff,
  0xff, 0xff, 0xff, 0xff, 0xff, 0xff, 0xff, 0xff, 0xff, 0xff, 0xff, 0xff,
  0xff, 0xff, 0xff, 0xff, 0xff, 0xff, 0xff, 0xff, 0xff, 0xff, 0xff, 0xff,
  0xff, 0xff, 0xff, 0xff, 0xff, 0xff, 0xff, 0xff, 0xff, 0xff, 0xff, 0xff,
  0xeb, 0xeb, 0xeb, 0x14, 0x14, 0x14, 0x00, 0x00, 0x00, 0x00, 0x00, 0x00,
  0x00, 0x00, 0x00, 0x00, 0x00, 0x00, 0x00, 0x00, 0x00, 0x00, 0x00, 0x00,
  0x00, 0x00, 0x00, 0x00, 0x00, 0x00, 0x14, 0x14, 0x14, 0xeb, 0xeb, 0xeb,
  0xff, 0xff, 0xff, 0xff, 0xff, 0xff, 0xff, 0xff, 0xff, 0xff, 0xff, 0xff,
  0xff, 0xff, 0xff, 0xff, 0xff, 0xff, 0xff, 0xff, 0xff, 0xff, 0xff, 0xff,
  0xff, 0xff, 0xff, 0xff, 0xff, 0xff, 0xff, 0xff, 0xff, 0xff, 0xff, 0xff,
  0xff, 0xff, 0xff, 0xff, 0xff, 0xff, 0xff, 0xff, 0xff, 0xff, 0xff, 0xff,
  0xff, 0xff, 0xff, 0xff, 0xff, 0xff, 0xff, 0xff, 0xff, 0xff, 0xff, 0xff,
  0xff, 0xff, 0xff, 0xff, 0xff, 0xff, 0xff, 0xff, 0xff, 0xff, 0xff, 0xff,
  0xff, 0xff, 0xff, 0xfe, 0xfe, 0xfe, 0xfd, 0xfd, 0xfd, 0xfd, 0xfd, 0xfd,
  0xfb, 0xfb, 0xfb, 0xf9, 0xf9, 0xf9, 0xf5, 0xf5, 0xf5, 0xf0, 0xf0, 0xf0,
  0xe8, 0xe8, 0xe8, 0xdc, 0xdc, 0xdc, 0xca, 0xce, 0xd1, 0xbc, 0xae, 0x9e,
  0xbc, 0x7d, 0x38, 0xc8, 0x98, 0x63, 0xf8, 0xf8, 0xf8, 0xf7, 0xf5, 0xf4,
  0xf7, 0xf5, 0xf3, 0xf7, 0xf5, 0xf3, 0xf7, 0xf5, 0xf3, 0xf7, 0xf5, 0xf3,
  0xf7, 0xf5, 0xf3, 0xf7, 0xf5, 0xf3, 0xf7, 0xf5, 0xf3, 0xf7, 0xf5, 0xf3,
  0xf7, 0xf5, 0xf3, 0xf7, 0xf5, 0xf3, 0xf7, 0xf5, 0xf3, 0xf7, 0xf5, 0xf3,
  0xf7, 0xf5, 0xf3, 0xf7, 0xf5, 0xf3, 0xf7, 0xf5, 0xf3, 0xf7, 0xf5, 0xf3,
  0xf7, 0xf5, 0xf3, 0xf7, 0xf5, 0xf3, 0xf7, 0xf5, 0xf3, 0xf7, 0xf5, 0xf3,
  0xf7, 0xf5, 0xf3, 0xf7, 0xf5, 0xf3, 0xf7, 0xf5, 0xf3, 0xf7, 0xf5, 0xf3,
  0xf7, 0xf5, 0xf3, 0xf7, 0xf5, 0xf3, 0xf7, 0xf5, 0xf3, 0xf7, 0xf5, 0xf3,
  0xf7, 0xf5, 0xf3, 0xf7, 0xf5, 0xf3, 0xf7, 0xf5, 0xf3, 0xf7, 0xf5, 0xf3,
  0xf7, 0xf5, 0xf3, 0xf7, 0xf5, 0xf3, 0xf7, 0xf5, 0xf3, 0xf7, 0xf5, 0xf3,
  0xf7, 0xf5, 0xf3, 0xf7, 0xf5, 0xf3, 0xf6, 0xf5, 0xf3, 0xf8, 0xf8, 0xf7,
  0xfb, 0xfc, 0xfd, 0xe5, 0xe5, 0xe5, 0xb6, 0xb5, 0xb5, 0x9e, 0x9e, 0x9e,
  0xa6, 0xa7, 0xa7, 0xb4, 0xb4, 0xb4, 0xbf, 0xbf, 0xbf, 0xc8, 0xc8, 0xc8,
  0xd3, 0xd3, 0xd3, 0xdc, 0xdc, 0xdc, 0xe5, 0xe5, 0xe5, 0xec, 0xec, 0xec,
  0xf1, 0xf1, 0xf1, 0xf6, 0xf6, 0xf6, 0xf9, 0xf9, 0xf9, 0xfb, 0xfb, 0xfb,
  0xfd, 0xfd, 0xfd, 0xfe, 0xfe, 0xfe, 0xfe, 0xfe, 0xfe, 0xfe, 0xfe, 0xfe,
  0xff, 0xff, 0xff, 0xff, 0xff, 0xff, 0xff, 0xff, 0xff, 0xff, 0xff, 0xff,
  0xff, 0xff, 0xff, 0xff, 0xff, 0xff, 0xff, 0xff, 0xff, 0xff, 0xff, 0xff,
  0xff, 0xff, 0xff, 0xff, 0xff, 0xff, 0xff, 0xff, 0xff, 0xff, 0xff, 0xff,
  0xff, 0xff, 0xff, 0xff, 0xff, 0xff, 0xff, 0xff, 0xff, 0xff, 0xff, 0xff,
  0xeb, 0xeb, 0xeb, 0x14, 0x14, 0x14, 0x00, 0x00, 0x00, 0x00, 0x00, 0x00,
  0x00, 0x00, 0x00, 0x00, 0x00, 0x00, 0x00, 0x00, 0x00, 0x00, 0x00, 0x00,
  0x00, 0x00, 0x00, 0x00, 0x00, 0x00, 0x14, 0x14, 0x14, 0xeb, 0xeb, 0xeb,
  0xff, 0xff, 0xff, 0xff, 0xff, 0xff, 0xff, 0xff, 0xff, 0xff, 0xff, 0xff,
  0xff, 0xff, 0xff, 0xff, 0xff, 0xff, 0xff, 0xff, 0xff, 0xff, 0xff, 0xff,
  0xff, 0xff, 0xff, 0xff, 0xff, 0xff, 0xff, 0xff, 0xff, 0xff, 0xff, 0xff,
  0xff, 0xff, 0xff, 0xff, 0xff, 0xff, 0xff, 0xff, 0xff, 0xff, 0xff, 0xff,
  0xff, 0xff, 0xff, 0xff, 0xff, 0xff, 0xff, 0xff, 0xff, 0xff, 0xff, 0xff,
  0xff, 0xff, 0xff, 0xff, 0xff, 0xff, 0xff, 0xff, 0xff, 0xff, 0xff, 0xff,
  0xff, 0xff, 0xff, 0xff, 0xff, 0xff, 0xfe, 0xfe, 0xfe, 0xfd, 0xfd, 0xfd,
  0xfc, 0xfc, 0xfc, 0xfa, 0xfa, 0xfa, 0xf7, 0xf7, 0xf7, 0xf2, 0xf2, 0xf2,
  0xeb, 0xeb, 0xeb, 0xe1, 0xe1, 0xe1, 0xd4, 0xd4, 0xd3, 0xbf, 0xc2, 0xc6,
  0xad, 0x9d, 0x8c, 0xc3, 0x9a, 0x6e, 0xf9, 0xf8, 0xf7, 0xf7, 0xf6, 0xf4,
  0xf7, 0xf5, 0xf4, 0xf7, 0xf5, 0xf4, 0xf7, 0xf5, 0xf4, 0xf7, 0xf5, 0xf4,
  0xf7, 0xf5, 0xf4, 0xf7, 0xf5, 0xf4, 0xf7, 0xf5, 0xf4, 0xf7, 0xf5, 0xf4,
  0xf7, 0xf5, 0xf4, 0xf7, 0xf5, 0xf4, 0xf7, 0xf5, 0xf4, 0xf7, 0xf5, 0xf4,
  0xf7, 0xf5, 0xf4, 0xf7, 0xf5, 0xf4, 0xf7, 0xf5, 0xf4, 0xf7, 0xf5, 0xf4,
  0xf7, 0xf5, 0xf4, 0xf7, 0xf5, 0xf4, 0xf7, 0xf5, 0xf4, 0xf7, 0xf5, 0xf4,
  0xf7, 0xf5, 0xf4, 0xf7, 0xf5, 0xf4, 0xf7, 0xf5, 0xf4, 0xf7, 0xf5, 0xf4,
  0xf7, 0xf5, 0xf4, 0xf7, 0xf5, 0xf4, 0xf7, 0xf5, 0xf4, 0xf7, 0xf5, 0xf4,
  0xf7, 0xf5, 0xf4, 0xf7, 0xf5, 0xf4, 0xf7, 0xf5, 0xf4, 0xf7, 0xf5, 0xf4,
  0xf7, 0xf5, 0xf4, 0xf7, 0xf5, 0xf4, 0xf7, 0xf5, 0xf4, 0xf7, 0xf5, 0xf4,
  0xf7, 0xf5, 0xf4, 0xf7, 0xf5, 0xf4, 0xf7, 0xf5, 0xf4, 0xf7, 0xf5, 0xf4,
  0xf7, 0xf6, 0xf4, 0xfa, 0xf9, 0xf7, 0xfa, 0xf9, 0xf7, 0xdf, 0xde, 0xdd,
  0xb4, 0xb4, 0xb3, 0xa6, 0xa6, 0xa7, 0xb2, 0xb2, 0xb2, 0xbf, 0xbf, 0xbf,
  0xca, 0xca, 0xca, 0xd4, 0xd4, 0xd4, 0xdf, 0xdf, 0xdf, 0xe8, 0xe8, 0xe8,
  0xee, 0xee, 0xee, 0xf4, 0xf4, 0xf4, 0xf8, 0xf8, 0xf8, 0xfa, 0xfa, 0xfa,
  0xfc, 0xfc, 0xfc, 0xfd, 0xfd, 0xfd, 0xfe, 0xfe, 0xfe, 0xfe, 0xfe, 0xfe,
  0xff, 0xff, 0xff, 0xff, 0xff, 0xff, 0xff, 0xff, 0xff, 0xff, 0xff, 0xff,
  0xff, 0xff, 0xff, 0xff, 0xff, 0xff, 0xff, 0xff, 0xff, 0xff, 0xff, 0xff,
  0xff, 0xff, 0xff, 0xff, 0xff, 0xff, 0xff, 0xff, 0xff, 0xff, 0xff, 0xff,
  0xff, 0xff, 0xff, 0xff, 0xff, 0xff, 0xff, 0xff, 0xff, 0xff, 0xff, 0xff,
  0xeb, 0xeb, 0xeb, 0x14, 0x14, 0x14, 0x00, 0x00, 0x00, 0x00, 0x00, 0x00,
  0x00, 0x00, 0x00, 0x00, 0x00, 0x00, 0x00, 0x00, 0x00, 0x00, 0x00, 0x00,
  0x00, 0x00, 0x00, 0x00, 0x00, 0x00, 0x14, 0x14, 0x14, 0xeb, 0xeb, 0xeb,
  0xff, 0xff, 0xff, 0xff, 0xff, 0xff, 0xff, 0xff, 0xff, 0xff, 0xff, 0xff,
  0xff, 0xff, 0xff, 0xff, 0xff, 0xff, 0xff, 0xff, 0xff, 0xff, 0xff, 0xff,
  0xff, 0xff, 0xff, 0xff, 0xff, 0xff, 0xff, 0xff, 0xff, 0xff, 0xff, 0xff,
  0xff, 0xff, 0xff, 0xff, 0xff, 0xff, 0xff, 0xff, 0xff, 0xff, 0xff, 0xff,
  0xff, 0xff, 0xff, 0xff, 0xff, 0xff, 0xff, 0xff, 0xff, 0xff, 0xff, 0xff,
  0xff, 0xff, 0xff, 0xff, 0xff, 0xff, 0xff, 0xff, 0xff, 0xff, 0xff, 0xff,
  0xff, 0xff, 0xff, 0xff, 0xff, 0xff, 0xfe, 0xfe, 0xfe, 0xfd, 0xfd, 0xfd,
  0xfc, 0xfc, 0xfc, 0xfb, 0xfb, 0xfb, 0xf8, 0xf8, 0xf8, 0xf4, 0xf4, 0xf4,
  0xee, 0xee, 0xee, 0xe5, 0xe5, 0xe5, 0xd9, 0xd9, 0xd9, 0xc8, 0xc8, 0xc8,
  0xaf, 0xb0, 0xb2, 0xb8, 0xb3, 0xae, 0xf9, 0xf7, 0xf5, 0xf8, 0xf6, 0xf5,
  0xf7, 0xf6, 0xf5, 0xf7, 0xf6, 0xf5, 0xf7, 0xf6, 0xf5, 0xf7, 0xf6, 0xf5,
  0xf7, 0xf6, 0xf5, 0xf7, 0xf6, 0xf5, 0xf7, 0xf6, 0xf5, 0xf7, 0xf6, 0xf5,
  0xf7, 0xf6, 0xf5, 0xf7, 0xf6, 0xf5, 0xf7, 0xf6, 0xf5, 0xf7, 0xf6, 0xf5,
  0xf7, 0xf6, 0xf5, 0xf7, 0xf6, 0xf5, 0xf7, 0xf6, 0xf5, 0xf7, 0xf6, 0xf5,
  0xf7, 0xf6, 0xf5, 0xf7, 0xf6, 0xf5, 0xf7, 0xf6, 0xf5, 0xf7, 0xf6, 0xf5,
  0xf7, 0xf6, 0xf5, 0xf7, 0xf6, 0xf5, 0xf7, 0xf6, 0xf5, 0xf7, 0xf6, 0xf5,
  0xf7, 0xf6, 0xf5, 0xf7, 0xf6, 0xf5, 0xf8, 0xf6, 0xf5, 0xf8, 0xf6, 0xf5,
  0xf8, 0xf6, 0xf5, 0xf8, 0xf6, 0xf5, 0xf8, 0xf6, 0xf5, 0xf8, 0xf6, 0xf5,
  0xf8, 0xf6, 0xf5, 0xf8, 0xf6, 0xf5, 0xf7, 0xf6, 0xf5, 0xf7, 0xf6, 0xf5,
  0xf7, 0xf6, 0xf5, 0xf7, 0xf6, 0xf5, 0xf7, 0xf6, 0xf5, 0xf7, 0xf6, 0xf5,
  0xf7, 0xf6, 0xf5, 0xf7, 0xf6, 0xf4, 0xf8, 0xf6, 0xf5, 0xfb, 0xfa, 0xf8,
  0xf7, 0xf6, 0xf4, 0xd8, 0xd7, 0xd6, 0xb5, 0xb5, 0xb4, 0xb1, 0xb1, 0xb1,
  0xc1, 0xc1, 0xc1, 0xce, 0xce, 0xce, 0xd9, 0xd9, 0xd9, 0xe3, 0xe3, 0xe3,
  0xeb, 0xeb, 0xeb, 0xf2, 0xf2, 0xf2, 0xf7, 0xf7, 0xf7, 0xfa, 0xfa, 0xfa,
  0xfb, 0xfb, 0xfb, 0xfd, 0xfd, 0xfd, 0xfe, 0xfe, 0xfe, 0xfe, 0xfe, 0xfe,
  0xff, 0xff, 0xff, 0xff, 0xff, 0xff, 0xff, 0xff, 0xff, 0xff, 0xff, 0xff,
  0xff, 0xff, 0xff, 0xff, 0xff, 0xff, 0xff, 0xff, 0xff, 0xff, 0xff, 0xff,
  0xff, 0xff, 0xff, 0xff, 0xff, 0xff, 0xff, 0xff, 0xff, 0xff, 0xff, 0xff,
  0xff, 0xff, 0xff, 0xff, 0xff, 0xff, 0xff, 0xff, 0xff, 0xff, 0xff, 0xff,
  0xeb, 0xeb, 0xeb, 0x14, 0x14, 0x14, 0x00, 0x00, 0x00, 0x00, 0x00, 0x00,
  0x00, 0x00, 0x00, 0x00, 0x00, 0x00, 0x00, 0x00, 0x00, 0x00, 0x00, 0x00,
  0x00, 0x00, 0x00, 0x00, 0x00, 0x00, 0x14, 0x14, 0x14, 0xeb, 0xeb, 0xeb,
  0xff, 0xff, 0xff, 0xff, 0xff, 0xff, 0xff, 0xff, 0xff, 0xff, 0xff, 0xff,
  0xff, 0xff, 0xff, 0xff, 0xff, 0xff, 0xff, 0xff, 0xff, 0xff, 0xff, 0xff,
  0xff, 0xff, 0xff, 0xff, 0xff, 0xff, 0xff, 0xff, 0xff, 0xff, 0xff, 0xff,
  0xff, 0xff, 0xff, 0xff, 0xff, 0xff, 0xff, 0xff, 0xff, 0xff, 0xff, 0xff,
  0xff, 0xff, 0xff, 0xff, 0xff, 0xff, 0xff, 0xff, 0xff, 0xff, 0xff, 0xff,
  0xff, 0xff, 0xff, 0xff, 0xff, 0xff, 0xff, 0xff, 0xff, 0xff, 0xff, 0xff,
  0xff, 0xff, 0xff, 0xff, 0xff, 0xff, 0xfe, 0xfe, 0xfe, 0xfe, 0xfe, 0xfe,
  0xfd, 0xfd, 0xfd, 0xfb, 0xfb, 0xfb, 0xf8, 0xf8, 0xf8, 0xf5, 0xf5, 0xf5,
  0xef, 0xef, 0xef, 0xe7, 0xe7, 0xe7, 0xdc, 0xdc, 0xdc, 0xcc, 0xcc, 0xcc,
  0xb6, 0xb6, 0xb6, 0xbb, 0xbc, 0xbc, 0xf9, 0xf8, 0xf7, 0xf8, 0xf7, 0xf5,
  0xf8, 0xf7, 0xf5, 0xf8, 0xf7, 0xf5, 0xf8, 0xf7, 0xf5, 0xf8, 0xf7, 0xf5,
  0xf8, 0xf7, 0xf5, 0xf8, 0xf7, 0xf5, 0xf8, 0xf7, 0xf5, 0xf8, 0xf7, 0xf5,
  0xf8, 0xf7, 0xf5, 0xf8, 0xf7, 0xf5, 0xf8, 0xf7, 0xf5, 0xf8, 0xf7, 0xf5,
  0xf8, 0xf7, 0xf5, 0xf8, 0xf7, 0xf5, 0xf8, 0xf7, 0xf5, 0xf8, 0xf7, 0xf5,
  0xf8, 0xf7, 0xf5, 0xf8, 0xf7, 0xf5, 0xf8, 0xf7, 0xf5, 0xf8, 0xf7, 0xf5,
  0xf8, 0xf7, 0xf5, 0xf8, 0xf7, 0xf5, 0xf8, 0xf7, 0xf5, 0xf8, 0xf7, 0xf5,
  0xf8, 0xf7, 0xf5, 0xf8, 0xf7, 0xf5, 0xf8, 0xf7, 0xf5, 0xf8, 0xf7, 0xf5,
  0xf8, 0xf7, 0xf5, 0xf8, 0xf7, 0xf5, 0xf8, 0xf7, 0xf5, 0xf8, 0xf7, 0xf5,
  0xf8, 0xf7, 0xf5, 0xf8, 0xf7, 0xf5, 0xf8, 0xf7, 0xf5, 0xf8, 0xf7, 0xf5,
  0xf8, 0xf7, 0xf5, 0xf8, 0xf7, 0xf5, 0xf8, 0xf7, 0xf5, 0xf8, 0xf7, 0xf5,
  0xf8, 0xf7, 0xf5, 0xf8, 0xf7, 0xf5, 0xf8, 0xf7, 0xf5, 0xf8, 0xf6, 0xf5,
  0xf9, 0xf7, 0xf6, 0xfc, 0xfa, 0xf9, 0xf4, 0xf2, 0xf1, 0xd4, 0xd3, 0xd2,
  0xbb, 0xbb, 0xbb, 0xc6, 0xc6, 0xc6, 0xd4, 0xd4, 0xd4, 0xdf, 0xdf, 0xdf,
  0xe9, 0xe9, 0xe9, 0xf0, 0xf0, 0xf0, 0xf5, 0xf5, 0xf5, 0xf9, 0xf9, 0xf9,
  0xfb, 0xfb, 0xfb, 0xfd, 0xfd, 0xfd, 0xfe, 0xfe, 0xfe, 0xfe, 0xfe, 0xfe,
  0xfe, 0xfe, 0xfe, 0xff, 0xff, 0xff, 0xff, 0xff, 0xff, 0xff, 0xff, 0xff,
  0xff, 0xff, 0xff, 0xff, 0xff, 0xff, 0xff, 0xff, 0xff, 0xff, 0xff, 0xff,
  0xff, 0xff, 0xff, 0xff, 0xff, 0xff, 0xff, 0xff, 0xff, 0xff, 0xff, 0xff,
  0xff, 0xff, 0xff, 0xff, 0xff, 0xff, 0xff, 0xff, 0xff, 0xff, 0xff, 0xff,
  0xeb, 0xeb, 0xeb, 0x14, 0x14, 0x14, 0x00, 0x00, 0x00, 0x00, 0x00, 0x00,
  0x00, 0x00, 0x00, 0x00, 0x00, 0x00, 0x00, 0x00, 0x00, 0x00, 0x00, 0x00,
  0x00, 0x00, 0x00, 0x00, 0x00, 0x00, 0x14, 0x14, 0x14, 0xeb, 0xeb, 0xeb,
  0xff, 0xff, 0xff, 0xff, 0xff, 0xff, 0xff, 0xff, 0xff, 0xff, 0xff, 0xff,
  0xff, 0xff, 0xff, 0xff, 0xff, 0xff, 0xff, 0xff, 0xff, 0xff, 0xff, 0xff,
  0xff, 0xff, 0xff, 0xff, 0xff, 0xff, 0xff, 0xff, 0xff, 0xff, 0xff, 0xff,
  0xff, 0xff, 0xff, 0xff, 0xff, 0xff, 0xff, 0xff, 0xff, 0xff, 0xff, 0xff,
  0xff, 0xff, 0xff, 0xff, 0xff, 0xff, 0xff, 0xff, 0xff, 0xff, 0xff, 0xff,
  0xff, 0xff, 0xff, 0xff, 0xff, 0xff, 0xff, 0xff, 0xff, 0xff, 0xff, 0xff,
  0xff, 0xff, 0xff, 0xff, 0xff, 0xff, 0xfe, 0xfe, 0xfe, 0xfe, 0xfe, 0xfe,
  0xfd, 0xfd, 0xfd, 0xfb, 0xfb, 0xfb, 0xf9, 0xf9, 0xf9, 0xf5, 0xf5, 0xf5,
  0xef, 0xef, 0xef, 0xe7, 0xe7, 0xe7, 0xdd, 0xdd, 0xdd, 0xce, 0xce, 0xce,
  0xb9, 0xba, 0xba, 0xbf, 0xbf, 0xbf, 0xfa, 0xf8, 0xf7, 0xf9, 0xf7, 0xf6,
  0xf8, 0xf7, 0xf6, 0xf8, 0xf7, 0xf6, 0xf8, 0xf7, 0xf6, 0xf8, 0xf7, 0xf6,
  0xf8, 0xf7, 0xf6, 0xf8, 0xf7, 0xf6, 0xf8, 0xf7, 0xf6, 0xf8, 0xf7, 0xf6,
  0xf8, 0xf7, 0xf6, 0xf8, 0xf7, 0xf6, 0xf8, 0xf7, 0xf6, 0xf8, 0xf7, 0xf6,
  0xf8, 0xf7, 0xf6, 0xf8, 0xf7, 0xf6, 0xf8, 0xf7, 0xf6, 0xf8, 0xf7, 0xf6,
  0xf8, 0xf7, 0xf6, 0xf8, 0xf7, 0xf6, 0xf8, 0xf7, 0xf6, 0xf8, 0xf7, 0xf6,
  0xf8, 0xf7, 0xf6, 0xf8, 0xf7, 0xf6, 0xf8, 0xf7, 0xf6, 0xf8, 0xf7, 0xf6,
  0xf8, 0xf7, 0xf6, 0xf8, 0xf7, 0xf6, 0xf8, 0xf7, 0xf6, 0xf8, 0xf7, 0xf6,
  0xf8, 0xf7, 0xf6, 0xf8, 0xf7, 0xf6, 0xf8, 0xf7, 0xf6, 0xf8, 0xf7, 0xf6,
  0xf8, 0xf7, 0xf6, 0xf8, 0xf7, 0xf6, 0xf8, 0xf7, 0xf6, 0xf8, 0xf7, 0xf6,
  0xf8, 0xf7, 0xf6, 0xf8, 0xf7, 0xf6, 0xf8, 0xf7, 0xf6, 0xf8, 0xf7, 0xf6,
  0xf8, 0xf7, 0xf6, 0xf8, 0xf7, 0xf6, 0xf8, 0xf7, 0xf6, 0xf8, 0xf7, 0xf6,
  0xf8, 0xf7, 0xf6, 0xf8, 0xf7, 0xf6, 0xfa, 0xf8, 0xf7, 0xfc, 0xfb, 0xfa,
  0xe7, 0xe6, 0xe5, 0xc4, 0xc4, 0xc4, 0xcf, 0xcf, 0xcf, 0xdc, 0xdc, 0xdc,
  0xe7, 0xe7, 0xe7, 0xee, 0xee, 0xee, 0xf5, 0xf5, 0xf5, 0xf9, 0xf9, 0xf9,
  0xfb, 0xfb, 0xfb, 0xfd, 0xfd, 0xfd, 0xfe, 0xfe, 0xfe, 0xfe, 0xfe, 0xfe,
  0xfe, 0xfe, 0xfe, 0xff, 0xff, 0xff, 0xff, 0xff, 0xff, 0xff, 0xff, 0xff,
  0xff, 0xff, 0xff, 0xff, 0xff, 0xff, 0xff, 0xff, 0xff, 0xff, 0xff, 0xff,
  0xff, 0xff, 0xff, 0xff, 0xff, 0xff, 0xff, 0xff, 0xff, 0xff, 0xff, 0xff,
  0xff, 0xff, 0xff, 0xff, 0xff, 0xff, 0xff, 0xff, 0xff, 0xff, 0xff, 0xff,
  0xeb, 0xeb, 0xeb, 0x14, 0x14, 0x14, 0x00, 0x00, 0x00, 0x00, 0x00, 0x00,
  0x00, 0x00, 0x00, 0x00, 0x00, 0x00, 0x00, 0x00, 0x00, 0x00, 0x00, 0x00,
  0x00, 0x00, 0x00, 0x00, 0x00, 0x00, 0x14, 0x14, 0x14, 0xeb, 0xeb, 0xeb,
  0xff, 0xff, 0xff, 0xff, 0xff, 0xff, 0xff, 0xff, 0xff, 0xff, 0xff, 0xff,
  0xff, 0xff, 0xff, 0xff, 0xff, 0xff, 0xff, 0xff, 0xff, 0xff, 0xff, 0xff,
  0xff, 0xff, 0xff, 0xff, 0xff, 0xff, 0xff, 0xff, 0xff, 0xff, 0xff, 0xff,
  0xff, 0xff, 0xff, 0xff, 0xff, 0xff, 0xff, 0xff, 0xff, 0xff, 0xff, 0xff,
  0xff, 0xff, 0xff, 0xff, 0xff, 0xff, 0xff, 0xff, 0xff, 0xff, 0xff, 0xff,
  0xff, 0xff, 0xff, 0xff, 0xff, 0xff, 0xff, 0xff, 0xff, 0xff, 0xff, 0xff,
  0xff, 0xff, 0xff, 0xff, 0xff, 0xff, 0xfe, 0xfe, 0xfe, 0xfe, 0xfe, 0xfe,
  0xfd, 0xfd, 0xfd, 0xfb, 0xfb, 0xfb, 0xf9, 0xf9, 0xf9, 0xf5, 0xf5, 0xf5,
  0xef, 0xef, 0xef, 0xe7, 0xe7, 0xe7, 0xde, 0xde, 0xde, 0xcf, 0xcf, 0xcf,
  0xbb, 0xbb, 0xbb, 0xc1, 0xc0, 0xc0, 0xfa, 0xf9, 0xf8, 0xf9, 0xf8, 0xf7,
  0xf9, 0xf8, 0xf6, 0xf9, 0xf8, 0xf6, 0xf9, 0xf8, 0xf6, 0xf9, 0xf8, 0xf6,
  0xf9, 0xf8, 0xf6, 0xf9, 0xf8, 0xf6, 0xf9, 0xf8, 0xf6, 0xf9, 0xf8, 0xf6,
  0xf9, 0xf8, 0xf6, 0xf9, 0xf8, 0xf6, 0xf9, 0xf8, 0xf6, 0xf9, 0xf8, 0xf6,
  0xf9, 0xf8, 0xf6, 0xf9, 0xf8, 0xf6, 0xf9, 0xf8, 0xf6, 0xf9, 0xf8, 0xf6,
  0xf9, 0xf8, 0xf6, 0xf9, 0xf8, 0xf6, 0xf9, 0xf8, 0xf6, 0xf9, 0xf8, 0xf6,
  0xf9, 0xf8, 0xf6, 0xf9, 0xf8, 0xf6, 0xf9, 0xf8, 0xf6, 0xf9, 0xf8, 0xf6,
  0xf9, 0xf8, 0xf6, 0xf9, 0xf8, 0xf6, 0xf9, 0xf8, 0xf6, 0xf9, 0xf8, 0xf6,
  0xf9, 0xf8, 0xf6, 0xf9, 0xf8, 0xf6, 0xf9, 0xf8, 0xf6, 0xf9, 0xf8, 0xf6,
  0xf9, 0xf8, 0xf6, 0xf9, 0xf8, 0xf6, 0xf9, 0xf8, 0xf6, 0xf9, 0xf8, 0xf6,
  0xf9, 0xf8, 0xf6, 0xf9, 0xf8, 0xf6, 0xf9, 0xf8, 0xf6, 0xf9, 0xf8, 0xf6,
  0xf9, 0xf8, 0xf6, 0xf9, 0xf8, 0xf6, 0xf9, 0xf8, 0xf6, 0xf9, 0xf8, 0xf6,
  0xf9, 0xf8, 0xf6, 0xf9, 0xf8, 0xf6, 0xf9, 0xf8, 0xf6, 0xf9, 0xf8, 0xf6,
  0xfc, 0xfb, 0xfa, 0xe2, 0xe1, 0xe0, 0xcc, 0xcc, 0xcc, 0xdb, 0xdb, 0xdb,
  0xe6, 0xe6, 0xe6, 0xee, 0xee, 0xee, 0xf4, 0xf4, 0xf4, 0xf8, 0xf8, 0xf8,
  0xfb, 0xfb, 0xfb, 0xfd, 0xfd, 0xfd, 0xfe, 0xfe, 0xfe, 0xfe, 0xfe, 0xfe,
  0xfe, 0xfe, 0xfe, 0xff, 0xff, 0xff, 0xff, 0xff, 0xff, 0xff, 0xff, 0xff,
  0xff, 0xff, 0xff, 0xff, 0xff, 0xff, 0xff, 0xff, 0xff, 0xff, 0xff, 0xff,
  0xff, 0xff, 0xff, 0xff, 0xff, 0xff, 0xff, 0xff, 0xff, 0xff, 0xff, 0xff,
  0xff, 0xff, 0xff, 0xff, 0xff, 0xff, 0xff, 0xff, 0xff, 0xff, 0xff, 0xff,
  0xeb, 0xeb, 0xeb, 0x14, 0x14, 0x14, 0x00, 0x00, 0x00, 0x00, 0x00, 0x00,
  0x00, 0x00, 0x00, 0x00, 0x00, 0x00, 0x00, 0x00, 0x00, 0x00, 0x00, 0x00,
  0x00, 0x00, 0x00, 0x00, 0x00, 0x00, 0x14, 0x14, 0x14, 0xeb, 0xeb, 0xeb,
  0xff, 0xff, 0xff, 0xff, 0xff, 0xff, 0xff, 0xff, 0xff, 0xff, 0xff, 0xff,
  0xff, 0xff, 0xff, 0xff, 0xff, 0xff, 0xff, 0xff, 0xff, 0xff, 0xff, 0xff,
  0xff, 0xff, 0xff, 0xff, 0xff, 0xff, 0xff, 0xff, 0xff, 0xff, 0xff, 0xff,
  0xff, 0xff, 0xff, 0xff, 0xff, 0xff, 0xff, 0xff, 0xff, 0xff, 0xff, 0xff,
  0xff, 0xff, 0xff, 0xff, 0xff, 0xff, 0xff, 0xff, 0xff, 0xff, 0xff, 0xff,
  0xff, 0xff, 0xff, 0xff, 0xff, 0xff, 0xff, 0xff, 0xff, 0xff, 0xff, 0xff,
  0xff, 0xff, 0xff, 0xff, 0xff, 0xff, 0xfe, 0xfe, 0xfe, 0xfe, 0xfe, 0xfe,
  0xfd, 0xfd, 0xfd, 0xfb, 0xfb, 0xfb, 0xf8, 0xf8, 0xf8, 0xf5, 0xf5, 0xf5,
  0xef, 0xef, 0xef, 0xe7, 0xe7, 0xe7, 0xdd, 0xdd, 0xdd, 0xce, 0xce, 0xce,
  0xba, 0xba, 0xba, 0xc0, 0xc0, 0xc0, 0xfb, 0xfa, 0xf8, 0xfa, 0xf8, 0xf7,
  0xf9, 0xf8, 0xf7, 0xf9, 0xf8, 0xf7, 0xf9, 0xf8, 0xf7, 0xf9, 0xf8, 0xf7,
  0xf9, 0xf8, 0xf7, 0xf9, 0xf8, 0xf7, 0xf9, 0xf8, 0xf7, 0xf9, 0xf8, 0xf7,
  0xf9, 0xf8, 0xf7, 0xf9, 0xf8, 0xf7, 0xf9, 0xf8, 0xf7, 0xf9, 0xf8, 0xf7,
  0xf9, 0xf8, 0xf7, 0xf9, 0xf8, 0xf7, 0xf9, 0xf8, 0xf7, 0xf9, 0xf8, 0xf7,
  0xf9, 0xf8, 0xf7, 0xf9, 0xf8, 0xf7, 0xf9, 0xf8, 0xf7, 0xf9, 0xf8, 0xf7,
  0xf9, 0xf8, 0xf7, 0xf9, 0xf8, 0xf7, 0xf9, 0xf8, 0xf7, 0xf9, 0xf8, 0xf7,
  0xf9, 0xf8, 0xf7, 0xf9, 0xf8, 0xf7, 0xf9, 0xf8, 0xf7, 0xf9, 0xf8, 0xf7,
  0xf9, 0xf8, 0xf7, 0xf9, 0xf8, 0xf7, 0xf9, 0xf8, 0xf7, 0xf9, 0xf8, 0xf7,
  0xf9, 0xf8, 0xf7, 0xf9, 0xf8, 0xf7, 0xf9, 0xf8, 0xf7, 0xf9, 0xf8, 0xf7,
  0xf9, 0xf8, 0xf7, 0xf9, 0xf8, 0xf7, 0xf9, 0xf8, 0xf7, 0xf9, 0xf8, 0xf7,
  0xf9, 0xf8, 0xf7, 0xf9, 0xf8, 0xf7, 0xf9, 0xf8, 0xf7, 0xf9, 0xf8, 0xf7,
  0xf9, 0xf8, 0xf7, 0xf9, 0xf8, 0xf7, 0xf9, 0xf8, 0xf7, 0xf9, 0xf8, 0xf7,
  0xfa, 0xf9, 0xf8, 0xf6, 0xf5, 0xf4, 0xd2, 0xd2, 0xd2, 0xda, 0xda, 0xda,
  0xe6, 0xe6, 0xe6, 0xee, 0xee, 0xee, 0xf4, 0xf4, 0xf4, 0xf8, 0xf8, 0xf8,
  0xfb, 0xfb, 0xfb, 0xfd, 0xfd, 0xfd, 0xfe, 0xfe, 0xfe, 0xfe, 0xfe, 0xfe,
  0xfe, 0xfe, 0xfe, 0xff, 0xff, 0xff, 0xff, 0xff, 0xff, 0xff, 0xff, 0xff,
  0xff, 0xff, 0xff, 0xff, 0xff, 0xff, 0xff, 0xff, 0xff, 0xff, 0xff, 0xff,
  0xff, 0xff, 0xff, 0xff, 0xff, 0xff, 0xff, 0xff, 0xff, 0xff, 0xff, 0xff,
  0xff, 0xff, 0xff, 0xff, 0xff, 0xff, 0xff, 0xff, 0xff, 0xff, 0xff, 0xff,
  0xeb, 0xeb, 0xeb, 0x14, 0x14, 0x14, 0x00, 0x00, 0x00, 0x00, 0x00, 0x00,
  0x00, 0x00, 0x00, 0x00, 0x00, 0x00, 0x00, 0x00, 0x00, 0x00, 0x00, 0x00,
  0x00, 0x00, 0x00, 0x00, 0x00, 0x00, 0x14, 0x14, 0x14, 0xeb, 0xeb, 0xeb,
  0xff, 0xff, 0xff, 0xff, 0xff, 0xff, 0xff, 0xff, 0xff, 0xff, 0xff, 0xff,
  0xff, 0xff, 0xff, 0xff, 0xff, 0xff, 0xff, 0xff, 0xff, 0xff, 0xff, 0xff,
  0xff, 0xff, 0xff, 0xff, 0xff, 0xff, 0xff, 0xff, 0xff, 0xff, 0xff, 0xff,
  0xff, 0xff, 0xff, 0xff, 0xff, 0xff, 0xff, 0xff, 0xff, 0xff, 0xff, 0xff,
  0xff, 0xff, 0xff, 0xff, 0xff, 0xff, 0xff, 0xff, 0xff, 0xff, 0xff, 0xff,
  0xff, 0xff, 0xff, 0xff, 0xff, 0xff, 0xff, 0xff, 0xff, 0xff, 0xff, 0xff,
  0xff, 0xff, 0xff, 0xff, 0xff, 0xff, 0xfe, 0xfe, 0xfe, 0xfd, 0xfd, 0xfd,
  0xfc, 0xfc, 0xfc, 0xfb, 0xfb, 0xfb, 0xf8, 0xf8, 0xf8, 0xf4, 0xf4, 0xf4,
  0xee, 0xee, 0xee, 0xe6, 0xe6, 0xe6, 0xdb, 0xdb, 0xdb, 0xcc, 0xcc, 0xcc,
  0xb7, 0xb7, 0xb7, 0xbe, 0xbe, 0xbd, 0xfb, 0xfa, 0xf9, 0xfa, 0xf9, 0xf8,
  0xfa, 0xf9, 0xf8, 0xfa, 0xf9, 0xf8, 0xfa, 0xf9, 0xf8, 0xfa, 0xf9, 0xf8,
  0xfa, 0xf9, 0xf8, 0xfa, 0xf9, 0xf8, 0xfa, 0xf9, 0xf8, 0xfa, 0xf9, 0xf8,
  0xfa, 0xf9, 0xf8, 0xfa, 0xf9, 0xf8, 0xfa, 0xf9, 0xf8, 0xfa, 0xf9, 0xf8,
  0xfa, 0xf9, 0xf8, 0xfa, 0xf9, 0xf8, 0xfa, 0xf9, 0xf8, 0xfa, 0xf9, 0xf8,
  0xfa, 0xf9, 0xf8, 0xfa, 0xf9, 0xf8, 0xfa, 0xf9, 0xf8, 0xfa, 0xf9, 0xf8,
  0xfa, 0xf9, 0xf8, 0xfa, 0xf9, 0xf8, 0xfa, 0xf9, 0xf8, 0xfa, 0xf9, 0xf8,
  0xfa, 0xf9, 0xf8, 0xfa, 0xf9, 0xf8, 0xfa, 0xf9, 0xf8, 0xfa, 0xf9, 0xf8,
  0xfa, 0xf9, 0xf8, 0xfa, 0xf9, 0xf8, 0xfa, 0xf9, 0xf8, 0xfa, 0xf9, 0xf8,
  0xfa, 0xf9, 0xf8, 0xfa, 0xf9, 0xf8, 0xfa, 0xf9, 0xf8, 0xfa, 0xf9, 0xf8,
  0xfa, 0xf9, 0xf8, 0xfa, 0xf9, 0xf8, 0xfa, 0xf9, 0xf8, 0xfa, 0xf9, 0xf8,
  0xfa, 0xf9, 0xf8, 0xfa, 0xf9, 0xf8, 0xfa, 0xf9, 0xf8, 0xfa, 0xf9, 0xf8,
  0xfa, 0xf9, 0xf8, 0xfa, 0xf9, 0xf8, 0xfa, 0xf9, 0xf8, 0xfa, 0xf9, 0xf8,
  0xfa, 0xf9, 0xf8, 0xfa, 0xf9, 0xf8, 0xdc, 0xdc, 0xdb, 0xdb, 0xdb, 0xdb,
  0xe7, 0xe7, 0xe7, 0xef, 0xef, 0xef, 0xf5, 0xf5, 0xf5, 0xf9, 0xf9, 0xf9,
  0xfb, 0xfb, 0xfb, 0xfd, 0xfd, 0xfd, 0xfe, 0xfe, 0xfe, 0xfe, 0xfe, 0xfe,
  0xff, 0xff, 0xff, 0xff, 0xff, 0xff, 0xff, 0xff, 0xff, 0xff, 0xff, 0xff,
  0xff, 0xff, 0xff, 0xff, 0xff, 0xff, 0xff, 0xff, 0xff, 0xff, 0xff, 0xff,
  0xff, 0xff, 0xff, 0xff, 0xff, 0xff, 0xff, 0xff, 0xff, 0xff, 0xff, 0xff,
  0xff, 0xff, 0xff, 0xff, 0xff, 0xff, 0xff, 0xff, 0xff, 0xff, 0xff, 0xff,
  0xeb, 0xeb, 0xeb, 0x14, 0x14, 0x14, 0x00, 0x00, 0x00, 0x00, 0x00, 0x00,
  0x00, 0x00, 0x00, 0x00, 0x00, 0x00, 0x00, 0x00, 0x00, 0x00, 0x00, 0x00,
  0x00, 0x00, 0x00, 0x00, 0x00, 0x00, 0x14, 0x14, 0x14, 0xeb, 0xeb, 0xeb,
  0xff, 0xff, 0xff, 0xff, 0xff, 0xff, 0xff, 0xff, 0xff, 0xff, 0xff, 0xff,
  0xff, 0xff, 0xff, 0xff, 0xff, 0xff, 0xff, 0xff, 0xff, 0xff, 0xff, 0xff,
  0xff, 0xff, 0xff, 0xff, 0xff, 0xff, 0xff, 0xff, 0xff, 0xff, 0xff, 0xff,
  0xff, 0xff, 0xff, 0xff, 0xff, 0xff, 0xff, 0xff, 0xff, 0xff, 0xff, 0xff,
  0xff, 0xff, 0xff, 0xff, 0xff, 0xff, 0xff, 0xff, 0xff, 0xff, 0xff, 0xff,
  0xff, 0xff, 0xff, 0xff, 0xff, 0xff, 0xff, 0xff, 0xff, 0xff, 0xff, 0xff,
  0xff, 0xff, 0xff, 0xff, 0xff, 0xff, 0xfe, 0xfe, 0xfe, 0xfd, 0xfd, 0xfd,
  0xfc, 0xfc, 0xfc, 0xfa, 0xfa, 0xfa, 0xf7, 0xf7, 0xf7, 0xf3, 0xf3, 0xf3,
  0xed, 0xed, 0xed, 0xe4, 0xe4, 0xe4, 0xd8, 0xd8, 0xd8, 0xc9, 0xc9, 0xc9,
  0xb2, 0xb2, 0xb2, 0xba, 0xb9, 0xb9, 0xfc, 0xfb, 0xfa, 0xfa, 0xf9, 0xf8,
  0xfa, 0xf9, 0xf8, 0xfa, 0xf9, 0xf8, 0xfa, 0xf9, 0xf8, 0xfa, 0xf9, 0xf8,
  0xfa, 0xf9, 0xf8, 0xfa, 0xf9, 0xf8, 0xfa, 0xf9, 0xf8, 0xfa, 0xf9, 0xf8,
  0xfa, 0xf9, 0xf8, 0xfa, 0xf9, 0xf8, 0xfa, 0xf9, 0xf8, 0xfa, 0xf9, 0xf8,
  0xfa, 0xf9, 0xf8, 0xfa, 0xf9, 0xf8, 0xfa, 0xf9, 0xf8, 0xfa, 0xf9, 0xf8,
  0xfa, 0xf9, 0xf8, 0xfa, 0xf9, 0xf8, 0xfa, 0xf9, 0xf8, 0xfa, 0xf9, 0xf8,
  0xfa, 0xf9, 0xf8, 0xfa, 0xf9, 0xf8, 0xfa, 0xf9, 0xf8, 0xfa, 0xf9, 0xf8,
  0xfa, 0xf9, 0xf8, 0xfa, 0xf9, 0xf8, 0xfa, 0xf9, 0xf8, 0xfa, 0xf9, 0xf8,
  0xfa, 0xf9, 0xf8, 0xfa, 0xf9, 0xf8, 0xfa, 0xf9, 0xf8, 0xfa, 0xf9, 0xf8,
  0xfa, 0xf9, 0xf8, 0xfa, 0xf9, 0xf8, 0xfa, 0xf9, 0xf8, 0xfa, 0xf9, 0xf8,
  0xfa, 0xf9, 0xf8, 0xfa, 0xf9, 0xf8, 0xfa, 0xf9, 0xf8, 0xfa, 0xf9, 0xf8,
  0xfa, 0xf9, 0xf8, 0xfa, 0xf9, 0xf8, 0xfa, 0xf9, 0xf8, 0xfa, 0xf9, 0xf8,
  0xfa, 0xf9, 0xf8, 0xfa, 0xf9, 0xf8, 0xfa, 0xf9, 0xf8, 0xfa, 0xf9, 0xf8,
  0xfa, 0xf9, 0xf8, 0xfb, 0xfa, 0xf9, 0xdf, 0xdf, 0xdf, 0xdf, 0xdf, 0xdf,
  0xea, 0xea, 0xea, 0xf1, 0xf1, 0xf1, 0xf6, 0xf6, 0xf6, 0xf9, 0xf9, 0xf9,
  0xfb, 0xfb, 0xfb, 0xfd, 0xfd, 0xfd, 0xfe, 0xfe, 0xfe, 0xfe, 0xfe, 0xfe,
  0xff, 0xff, 0xff, 0xff, 0xff, 0xff, 0xff, 0xff, 0xff, 0xff, 0xff, 0xff,
  0xff, 0xff, 0xff, 0xff, 0xff, 0xff, 0xff, 0xff, 0xff, 0xff, 0xff, 0xff,
  0xff, 0xff, 0xff, 0xff, 0xff, 0xff, 0xff, 0xff, 0xff, 0xff, 0xff, 0xff,
  0xff, 0xff, 0xff, 0xff, 0xff, 0xff, 0xff, 0xff, 0xff, 0xff, 0xff, 0xff,
  0xeb, 0xeb, 0xeb, 0x14, 0x14, 0x14, 0x00, 0x00, 0x00, 0x00, 0x00, 0x00,
  0x00, 0x00, 0x00, 0x00, 0x00, 0x00, 0x00, 0x00, 0x00, 0x00, 0x00, 0x00,
  0x00, 0x00, 0x00, 0x00, 0x00, 0x00, 0x14, 0x14, 0x14, 0xeb, 0xeb, 0xeb,
  0xff, 0xff, 0xff, 0xff, 0xff, 0xff, 0xff, 0xff, 0xff, 0xff, 0xff, 0xff,
  0xff, 0xff, 0xff, 0xff, 0xff, 0xff, 0xff, 0xff, 0xff, 0xff, 0xff, 0xff,
  0xff, 0xff, 0xff, 0xff, 0xff, 0xff, 0xff, 0xff, 0xff, 0xff, 0xff, 0xff,
  0xff, 0xff, 0xff, 0xff, 0xff, 0xff, 0xff, 0xff, 0xff, 0xff, 0xff, 0xff,
  0xff, 0xff, 0xff, 0xff, 0xff, 0xff, 0xff, 0xff, 0xff, 0xff, 0xff, 0xff,
  0xff, 0xff, 0xff, 0xff, 0xff, 0xff, 0xff, 0xff, 0xff, 0xff, 0xff, 0xff,
  0xff, 0xff, 0xff, 0xfe, 0xfe, 0xfe, 0xfd, 0xfd, 0xfd, 0xfd, 0xfd, 0xfd,
  0xfb, 0xfb, 0xfb, 0xf9, 0xf9, 0xf9, 0xf6, 0xf6, 0xf6, 0xf1, 0xf1, 0xf1,
  0xea, 0xea, 0xea, 0xe1, 0xe1, 0xe1, 0xd4, 0xd4, 0xd4, 0xc3, 0xc3, 0xc3,
  0xab, 0xab, 0xab, 0xb3, 0xb3, 0xb3, 0xfc, 0xfb, 0xfa, 0xfb, 0xfa, 0xf9,
  0xfa, 0xf9, 0xf8, 0xfa, 0xf9, 0xf8, 0xfa, 0xf9, 0xf8, 0xfa, 0xf9, 0xf8,
  0xfa, 0xf9, 0xf8, 0xfa, 0xf9, 0xf8, 0xfa, 0xf9, 0xf8, 0xfa, 0xf9, 0xf8,
  0xfa, 0xf9, 0xf8, 0xfa, 0xf9, 0xf8, 0xfa, 0xf9, 0xf8, 0xfa, 0xf9, 0xf8,
  0xfa, 0xf9, 0xf8, 0xfa, 0xf9, 0xf8, 0xfa, 0xf9, 0xf8, 0xfa, 0xf9, 0xf8,
  0xfa, 0xf9, 0xf8, 0xfa, 0xf9, 0xf8, 0xfa, 0xf9, 0xf8, 0xfa, 0xf9, 0xf8,
  0xfa, 0xf9, 0xf8, 0xfa, 0xf9, 0xf8, 0xfa, 0xf9, 0xf8, 0xfa, 0xf9, 0xf8,
  0xfa, 0xf9, 0xf8, 0xfa, 0xf9, 0xf8, 0xfa, 0xf9, 0xf8, 0xfa, 0xf9, 0xf8,
  0xfa, 0xf9, 0xf8, 0xfa, 0xf9, 0xf8, 0xfa, 0xf9, 0xf8, 0xfa, 0xf9, 0xf8,
  0xfa, 0xf9, 0xf8, 0xfa, 0xf9, 0xf8, 0xfa, 0xf9, 0xf8, 0xfa, 0xf9, 0xf8,
  0xfa, 0xf9, 0xf8, 0xfa, 0xf9, 0xf8, 0xfa, 0xf9, 0xf8, 0xfa, 0xf9, 0xf8,
  0xfa, 0xf9, 0xf8, 0xfa, 0xf9, 0xf8, 0xfa, 0xf9, 0xf8, 0xfa, 0xf9, 0xf8,
  0xfa, 0xf9, 0xf8, 0xfa, 0xf9, 0xf8, 0xfa, 0xf9, 0xf8, 0xfa, 0xf9, 0xf8,
  0xfb, 0xfa, 0xf9, 0xf8, 0xf7, 0xf6, 0xde, 0xde, 0xde, 0xe4, 0xe4, 0xe4,
  0xed, 0xed, 0xed, 0xf3, 0xf3, 0xf3, 0xf7, 0xf7, 0xf7, 0xfa, 0xfa, 0xfa,
  0xfc, 0xfc, 0xfc, 0xfd, 0xfd, 0xfd, 0xfe, 0xfe, 0xfe, 0xfe, 0xfe, 0xfe,
  0xff, 0xff, 0xff, 0xff, 0xff, 0xff, 0xff, 0xff, 0xff, 0xff, 0xff, 0xff,
  0xff, 0xff, 0xff, 0xff, 0xff, 0xff, 0xff, 0xff, 0xff, 0xff, 0xff, 0xff,
  0xff, 0xff, 0xff, 0xff, 0xff, 0xff, 0xff, 0xff, 0xff, 0xff, 0xff, 0xff,
  0xff, 0xff, 0xff, 0xff, 0xff, 0xff, 0xff, 0xff, 0xff, 0xff, 0xff, 0xff,
  0xeb, 0xeb, 0xeb, 0x14, 0x14, 0x14, 0x00, 0x00, 0x00, 0x00, 0x00, 0x00,
  0x00, 0x00, 0x00, 0x00, 0x00, 0x00, 0x00, 0x00, 0x00, 0x00, 0x00, 0x00,
  0x00, 0x00, 0x00, 0x00, 0x00, 0x00, 0x14, 0x14, 0x14, 0xeb, 0xeb, 0xeb,
  0xff, 0xff, 0xff, 0xff, 0xff, 0xff, 0xff, 0xff, 0xff, 0xff, 0xff, 0xff,
  0xff, 0xff, 0xff, 0xff, 0xff, 0xff, 0xff, 0xff, 0xff, 0xff, 0xff, 0xff,
  0xff, 0xff, 0xff, 0xff, 0xff, 0xff, 0xff, 0xff, 0xff, 0xff, 0xff, 0xff,
  0xff, 0xff, 0xff, 0xff, 0xff, 0xff, 0xff, 0xff, 0xff, 0xff, 0xff, 0xff,
  0xff, 0xff, 0xff, 0xff, 0xff, 0xff, 0xff, 0xff, 0xff, 0xff, 0xff, 0xff,
  0xff, 0xff, 0xff, 0xff, 0xff, 0xff, 0xff, 0xff, 0xff, 0xff, 0xff, 0xff,
  0xfe, 0xfe, 0xfe, 0xfe, 0xfe, 0xfe, 0xfd, 0xfd, 0xfd, 0xfc, 0xfc, 0xfc,
  0xfa, 0xfa, 0xfa, 0xf8, 0xf8, 0xf8, 0xf4, 0xf4, 0xf4, 0xef, 0xef, 0xef,
  0xe7, 0xe7, 0xe7, 0xdc, 0xdc, 0xdc, 0xce, 0xce, 0xce, 0xbb, 0xbb, 0xbb,
  0xa0, 0xa0, 0xa1, 0xac, 0xab, 0xab, 0xfd, 0xfc, 0xfb, 0xfb, 0xfa, 0xf9,
  0xfa, 0xfa, 0xf9, 0xfa, 0xfa, 0xf9, 0xfa, 0xfa, 0xf9, 0xfa, 0xfa, 0xf9,
  0xfa, 0xfa, 0xf9, 0xfa, 0xfa, 0xf9, 0xfa, 0xfa, 0xf9, 0xfa, 0xfa, 0xf9,
  0xfa, 0xfa, 0xf9, 0xfa, 0xfa, 0xf9, 0xfa, 0xfa, 0xf9, 0xfa, 0xfa, 0xf9,
  0xfa, 0xfa, 0xf9, 0xfa, 0xfa, 0xf9, 0xfa, 0xfa, 0xf9, 0xfa, 0xfa, 0xf9,
  0xfa, 0xfa, 0xf9, 0xfa, 0xfa, 0xf9, 0xfa, 0xfa, 0xf9, 0xfa, 0xfa, 0xf9,
  0xfa, 0xfa, 0xf9, 0xfa, 0xfa, 0xf9, 0xfa, 0xfa, 0xf9, 0xfa, 0xfa, 0xf9,
  0xfa, 0xfa, 0xf9, 0xfa, 0xfa, 0xf9, 0xfa, 0xfa, 0xf9, 0xfa, 0xfa, 0xf9,
  0xfa, 0xfa, 0xf9, 0xfa, 0xfa, 0xf9, 0xfa, 0xfa, 0xf9, 0xfa, 0xfa, 0xf9,
  0xfa, 0xfa, 0xf9, 0xfa, 0xfa, 0xf9, 0xfa, 0xfa, 0xf9, 0xfa, 0xfa, 0xf9,
  0xfa, 0xfa, 0xf9, 0xfa, 0xfa, 0xf9, 0xfa, 0xfa, 0xf9, 0xfa, 0xfa, 0xf9,
  0xfa, 0xfa, 0xf9, 0xfa, 0xfa, 0xf9, 0xfa, 0xfa, 0xf9, 0xfa, 0xfa, 0xf9,
  0xfa, 0xfa, 0xf9, 0xfa, 0xfa, 0xf9, 0xfa, 0xfa, 0xf9, 0xfb, 0xfa, 0xf9,
  0xfd, 0xfc, 0xfb, 0xec, 0xec, 0xeb, 0xdf, 0xdf, 0xdf, 0xe9, 0xe9, 0xe9,
  0xf0, 0xf0, 0xf0, 0xf5, 0xf5, 0xf5, 0xf9, 0xf9, 0xf9, 0xfb, 0xfb, 0xfb,
  0xfd, 0xfd, 0xfd, 0xfe, 0xfe, 0xfe, 0xfe, 0xfe, 0xfe, 0xff, 0xff, 0xff,
  0xff, 0xff, 0xff, 0xff, 0xff, 0xff, 0xff, 0xff, 0xff, 0xff, 0xff, 0xff,
  0xff, 0xff, 0xff, 0xff, 0xff, 0xff, 0xff, 0xff, 0xff, 0xff, 0xff, 0xff,
  0xff, 0xff, 0xff, 0xff, 0xff, 0xff, 0xff, 0xff, 0xff, 0xff, 0xff, 0xff,
  0xff, 0xff, 0xff, 0xff, 0xff, 0xff, 0xff, 0xff, 0xff, 0xff, 0xff, 0xff,
  0xeb, 0xeb, 0xeb, 0x14, 0x14, 0x14, 0x00, 0x00, 0x00, 0x00, 0x00, 0x00,
  0x00, 0x00, 0x00, 0x00, 0x00, 0x00, 0x00, 0x00, 0x00, 0x00, 0x00, 0x00,
  0x00, 0x00, 0x00, 0x00, 0x00, 0x00, 0x14, 0x14, 0x14, 0xeb, 0xeb, 0xeb,
  0xff, 0xff, 0xff, 0xff, 0xff, 0xff, 0xff, 0xff, 0xff, 0xff, 0xff, 0xff,
  0xff, 0xff, 0xff, 0xff, 0xff, 0xff, 0xff, 0xff, 0xff, 0xff, 0xff, 0xff,
  0xff, 0xff, 0xff, 0xff, 0xff, 0xff, 0xff, 0xff, 0xff, 0xff, 0xff, 0xff,
  0xff, 0xff, 0xff, 0xff, 0xff, 0xff, 0xff, 0xff, 0xff, 0xff, 0xff, 0xff,
  0xff, 0xff, 0xff, 0xff, 0xff, 0xff, 0xff, 0xff, 0xff, 0xff, 0xff, 0xff,
  0xff, 0xff, 0xff, 0xff, 0xff, 0xff, 0xff, 0xff, 0xff, 0xfe, 0xfe, 0xfe,
  0xfe, 0xfe, 0xfe, 0xfe, 0xfe, 0xfe, 0xfc, 0xfc, 0xfc, 0xfb, 0xfb, 0xfb,
  0xf9, 0xf9, 0xf9, 0xf6, 0xf6, 0xf6, 0xf1, 0xf1, 0xf1, 0xeb, 0xeb, 0xeb,
  0xe2, 0xe2, 0xe2, 0xd6, 0xd6, 0xd6, 0xc6, 0xc6, 0xc6, 0xb1, 0xb1, 0xb1,
  0x94, 0x94, 0x94, 0xa3, 0xa2, 0xa2, 0xfd, 0xfc, 0xfb, 0xfb, 0xfa, 0xf9,
  0xfb, 0xfa, 0xf9, 0xfb, 0xfa, 0xf9, 0xfb, 0xfa, 0xf9, 0xfb, 0xfa, 0xf9,
  0xfb, 0xfa, 0xf9, 0xfb, 0xfa, 0xf9, 0xfb, 0xfa, 0xf9, 0xfb, 0xfa, 0xf9,
  0xfb, 0xfa, 0xf9, 0xfb, 0xfa, 0xf9, 0xfb, 0xfa, 0xf9, 0xfb, 0xfa, 0xf9,
  0xfb, 0xfa, 0xf9, 0xfb, 0xfa, 0xf9, 0xfb, 0xfa, 0xf9, 0xfb, 0xfa, 0xf9,
  0xfb, 0xfa, 0xf9, 0xfb, 0xfa, 0xf9, 0xfb, 0xfa, 0xf9, 0xfb, 0xfa, 0xf9,
  0xfb, 0xfa, 0xf9, 0xfb, 0xfa, 0xf9, 0xfb, 0xfa, 0xf9, 0xfb, 0xfa, 0xf9,
  0xfb, 0xfa, 0xf9, 0xfb, 0xfa, 0xf9, 0xfb, 0xfa, 0xf9, 0xfb, 0xfa, 0xf9,
  0xfb, 0xfa, 0xf9, 0xfb, 0xfa, 0xf9, 0xfb, 0xfa, 0xf9, 0xfb, 0xfa, 0xf9,
  0xfb, 0xfa, 0xf9, 0xfb, 0xfa, 0xf9, 0xfb, 0xfa, 0xf9, 0xfb, 0xfa, 0xf9,
  0xfb, 0xfa, 0xf9, 0xfb, 0xfa, 0xf9, 0xfb, 0xfa, 0xf9, 0xfb, 0xfa, 0xf9,
  0xfb, 0xfa, 0xf9, 0xfb, 0xfa, 0xf9, 0xfb, 0xfa, 0xf9, 0xfb, 0xfa, 0xf9,
  0xfb, 0xfa, 0xf9, 0xfb, 0xfa, 0xf9, 0xfb, 0xfb, 0xfa, 0xfd, 0xfc, 0xfb,
  0xf1, 0xf0, 0xf0, 0xdf, 0xdf, 0xdf, 0xe6, 0xe6, 0xe6, 0xed, 0xed, 0xed,
  0xf3, 0xf3, 0xf3, 0xf8, 0xf8, 0xf8, 0xfa, 0xfa, 0xfa, 0xfc, 0xfc, 0xfc,
  0xfd, 0xfd, 0xfd, 0xfe, 0xfe, 0xfe, 0xfe, 0xfe, 0xfe, 0xff, 0xff, 0xff,
  0xff, 0xff, 0xff, 0xff, 0xff, 0xff, 0xff, 0xff, 0xff, 0xff, 0xff, 0xff,
  0xff, 0xff, 0xff, 0xff, 0xff, 0xff, 0xff, 0xff, 0xff, 0xff, 0xff, 0xff,
  0xff, 0xff, 0xff, 0xff, 0xff, 0xff, 0xff, 0xff, 0xff, 0xff, 0xff, 0xff,
  0xff, 0xff, 0xff, 0xff, 0xff, 0xff, 0xff, 0xff, 0xff, 0xff, 0xff, 0xff,
  0xeb, 0xeb, 0xeb, 0x14, 0x14, 0x14, 0x00, 0x00, 0x00, 0x00, 0x00, 0x00,
  0x00, 0x00, 0x00, 0x00, 0x00, 0x00, 0x00, 0x00, 0x00, 0x00, 0x00, 0x00,
  0x00, 0x00, 0x00, 0x00, 0x00, 0x00, 0x14, 0x14, 0x14, 0xeb, 0xeb, 0xeb,
  0xff, 0xff, 0xff, 0xff, 0xff, 0xff, 0xff, 0xff, 0xff, 0xff, 0xff, 0xff,
  0xff, 0xff, 0xff, 0xff, 0xff, 0xff, 0xff, 0xff, 0xff, 0xff, 0xff, 0xff,
  0xff, 0xff, 0xff, 0xff, 0xff, 0xff, 0xff, 0xff, 0xff, 0xff, 0xff, 0xff,
  0xff, 0xff, 0xff, 0xff, 0xff, 0xff, 0xff, 0xff, 0xff, 0xff, 0xff, 0xff,
  0xff, 0xff, 0xff, 0xff, 0xff, 0xff, 0xff, 0xff, 0xff, 0xff, 0xff, 0xff,
  0xff, 0xff, 0xff, 0xff, 0xff, 0xff, 0xfe, 0xfe, 0xfe, 0xfe, 0xfe, 0xfe,
  0xfe, 0xfe, 0xfe, 0xfd, 0xfd, 0xfd, 0xfb, 0xfb, 0xfb, 0xfa, 0xfa, 0xfa,
  0xf7, 0xf7, 0xf7, 0xf3, 0xf3, 0xf3, 0xee, 0xee, 0xee, 0xe7, 0xe7, 0xe7,
  0xdc, 0xdc, 0xdc, 0xcd, 0xcd, 0xcd, 0xba, 0xba, 0xba, 0xa4, 0xa4, 0xa4,
  0x86, 0x86, 0x86, 0x98, 0x99, 0x9a, 0xfe, 0xfd, 0xfc, 0xfb, 0xfa, 0xfa,
  0xfb, 0xfa, 0xf9, 0xfb, 0xfa, 0xf9, 0xfb, 0xfa, 0xf9, 0xfb, 0xfa, 0xf9,
  0xfb, 0xfa, 0xf9, 0xfb, 0xfa, 0xf9, 0xfb, 0xfa, 0xf9, 0xfb, 0xfa, 0xf9,
  0xfb, 0xfa, 0xf9, 0xfb, 0xfa, 0xf9, 0xfb, 0xfa, 0xf9, 0xfb, 0xfa, 0xf9,
  0xfb, 0xfa, 0xf9, 0xfb, 0xfa, 0xf9, 0xfb, 0xfa, 0xf9, 0xfb, 0xfa, 0xf9,
  0xfb, 0xfa, 0xf9, 0xfb, 0xfa, 0xf9, 0xfb, 0xfa, 0xf9, 0xfb, 0xfa, 0xf9,
  0xfb, 0xfa, 0xf9, 0xfb, 0xfa, 0xf9, 0xfb, 0xfa, 0xf9, 0xfb, 0xfa, 0xf9,
  0xfb, 0xfa, 0xf9, 0xfb, 0xfa, 0xf9, 0xfb, 0xfa, 0xf9, 0xfb, 0xfa, 0xf9,
  0xfb, 0xfa, 0xf9, 0xfb, 0xfa, 0xf9, 0xfb, 0xfa, 0xf9, 0xfb, 0xfa, 0xf9,
  0xfb, 0xfa, 0xf9, 0xfb, 0xfa, 0xf9, 0xfb, 0xfa, 0xf9, 0xfb, 0xfa, 0xf9,
  0xfb, 0xfa, 0xf9, 0xfb, 0xfa, 0xf9, 0xfb, 0xfa, 0xf9, 0xfb, 0xfa, 0xf9,
  0xfb, 0xfa, 0xf9, 0xfb, 0xfa, 0xf9, 0xfb, 0xfa, 0xf9, 0xfb, 0xfa, 0xf9,
  0xfb, 0xfb, 0xfa, 0xfd, 0xfd, 0xfc, 0xf8, 0xf8, 0xf7, 0xe8, 0xe7, 0xe7,
  0xdd, 0xdd, 0xdd, 0xe4, 0xe4, 0xe4, 0xeb, 0xeb, 0xeb, 0xf1, 0xf1, 0xf1,
  0xf5, 0xf5, 0xf5, 0xf9, 0xf9, 0xf9, 0xfb, 0xfb, 0xfb, 0xfc, 0xfc, 0xfc,
  0xfe, 0xfe, 0xfe, 0xfe, 0xfe, 0xfe, 0xfe, 0xfe, 0xfe, 0xff, 0xff, 0xff,
  0xff, 0xff, 0xff, 0xff, 0xff, 0xff, 0xff, 0xff, 0xff, 0xff, 0xff, 0xff,
  0xff, 0xff, 0xff, 0xff, 0xff, 0xff, 0xff, 0xff, 0xff, 0xff, 0xff, 0xff,
  0xff, 0xff, 0xff, 0xff, 0xff, 0xff, 0xff, 0xff, 0xff, 0xff, 0xff, 0xff,
  0xff, 0xff, 0xff, 0xff, 0xff, 0xff, 0xff, 0xff, 0xff, 0xff, 0xff, 0xff,
  0xeb, 0xeb, 0xeb, 0x14, 0x14, 0x14, 0x00, 0x00, 0x00, 0x00, 0x00, 0x00,
  0x00, 0x00, 0x00, 0x00, 0x00, 0x00, 0x00, 0x00, 0x00, 0x00, 0x00, 0x00,
  0x00, 0x00, 0x00, 0x00, 0x00, 0x00, 0x14, 0x14, 0x14, 0xeb, 0xeb, 0xeb,
  0xff, 0xff, 0xff, 0xff, 0xff, 0xff, 0xff, 0xff, 0xff, 0xff, 0xff, 0xff,
  0xff, 0xff, 0xff, 0xff, 0xff, 0xff, 0xff, 0xff, 0xff, 0xff, 0xff, 0xff,
  0xff, 0xff, 0xff, 0xff, 0xff, 0xff, 0xff, 0xff, 0xff, 0xff, 0xff, 0xff,
  0xff, 0xff, 0xff, 0xff, 0xff, 0xff, 0xff, 0xff, 0xff, 0xff, 0xff, 0xff,
  0xff, 0xff, 0xff, 0xff, 0xff, 0xff, 0xff, 0xff, 0xff, 0xff, 0xff, 0xff,
  0xff, 0xff, 0xff, 0xfe, 0xfe, 0xfe, 0xfe, 0xfe, 0xfe, 0xfe, 0xfe, 0xfe,
  0xfd, 0xfd, 0xfd, 0xfc, 0xfc, 0xfc, 0xfa, 0xfa, 0xfa, 0xf8, 0xf8, 0xf8,
  0xf4, 0xf4, 0xf4, 0xf0, 0xf0, 0xf0, 0xe9, 0xe9, 0xe9, 0xe0, 0xe0, 0xe0,
  0xd2, 0xd2, 0xd2, 0xc1, 0xc1, 0xc1, 0xad, 0xad, 0xad, 0x95, 0x95, 0x95,
  0x76, 0x78, 0x7a, 0x97, 0x92, 0x8d, 0xff, 0xfe, 0xfc, 0xfb, 0xfb, 0xfa,
  0xfb, 0xfa, 0xfa, 0xfb, 0xfa, 0xfa, 0xfb, 0xfa, 0xfa, 0xfb, 0xfa, 0xfa,
  0xfb, 0xfa, 0xfa, 0xfb, 0xfa, 0xfa, 0xfb, 0xfa, 0xfa, 0xfb, 0xfa, 0xfa,
  0xfb, 0xfa, 0xfa, 0xfb, 0xfa, 0xfa, 0xfb, 0xfa, 0xfa, 0xfb, 0xfa, 0xfa,
  0xfb, 0xfa, 0xfa, 0xfb, 0xfa, 0xfa, 0xfb, 0xfa, 0xfa, 0xfb, 0xfa, 0xfa,
  0xfb, 0xfa, 0xfa, 0xfb, 0xfa, 0xfa, 0xfb, 0xfa, 0xfa, 0xfb, 0xfa, 0xfa,
  0xfb, 0xfa, 0xfa, 0xfb, 0xfa, 0xfa, 0xfb, 0xfa, 0xfa, 0xfb, 0xfa, 0xfa,
  0xfb, 0xfa, 0xfa, 0xfb, 0xfa, 0xfa, 0xfb, 0xfa, 0xfa, 0xfb, 0xfa, 0xfa,
  0xfb, 0xfa, 0xfa, 0xfb, 0xfa, 0xfa, 0xfb, 0xfa, 0xfa, 0xfb, 0xfa, 0xfa,
  0xfb, 0xfa, 0xfa, 0xfb, 0xfa, 0xfa, 0xfb, 0xfa, 0xfa, 0xfb, 0xfa, 0xfa,
  0xfb, 0xfa, 0xfa, 0xfb, 0xfa, 0xfa, 0xfb, 0xfa, 0xfa, 0xfb, 0xfa, 0xfa,
  0xfb, 0xfa, 0xfa, 0xfb, 0xfa, 0xfa, 0xfb, 0xfb, 0xfa, 0xfe, 0xfe, 0xfd,
  0xfb, 0xfa, 0xf9, 0xe7, 0xe7, 0xe6, 0xd6, 0xd6, 0xd6, 0xd9, 0xd9, 0xd9,
  0xe3, 0xe3, 0xe3, 0xea, 0xea, 0xea, 0xf0, 0xf0, 0xf0, 0xf4, 0xf4, 0xf4,
  0xf8, 0xf8, 0xf8, 0xfa, 0xfa, 0xfa, 0xfc, 0xfc, 0xfc, 0xfe, 0xfe, 0xfe,
  0xfe, 0xfe, 0xfe, 0xfe, 0xfe, 0xfe, 0xff, 0xff, 0xff, 0xff, 0xff, 0xff,
  0xff, 0xff, 0xff, 0xff, 0xff, 0xff, 0xff, 0xff, 0xff, 0xff, 0xff, 0xff,
  0xff, 0xff, 0xff, 0xff, 0xff, 0xff, 0xff, 0xff, 0xff, 0xff, 0xff, 0xff,
  0xff, 0xff, 0xff, 0xff, 0xff, 0xff, 0xff, 0xff, 0xff, 0xff, 0xff, 0xff,
  0xff, 0xff, 0xff, 0xff, 0xff, 0xff, 0xff, 0xff, 0xff, 0xff, 0xff, 0xff,
  0xeb, 0xeb, 0xeb, 0x14, 0x14, 0x14, 0x00, 0x00, 0x00, 0x00, 0x00, 0x00,
  0x00, 0x00, 0x00, 0x00, 0x00, 0x00, 0x00, 0x00, 0x00, 0x00, 0x00, 0x00,
  0x00, 0x00, 0x00, 0x00, 0x00, 0x00, 0x14, 0x14, 0x14, 0xeb, 0xeb, 0xeb,
  0xff, 0xff, 0xff, 0xff, 0xff, 0xff, 0xff, 0xff, 0xff, 0xff, 0xff, 0xff,
  0xff, 0xff, 0xff, 0xff, 0xff, 0xff, 0xff, 0xff, 0xff, 0xff, 0xff, 0xff,
  0xff, 0xff, 0xff, 0xff, 0xff, 0xff, 0xff, 0xff, 0xff, 0xff, 0xff, 0xff,
  0xff, 0xff, 0xff, 0xff, 0xff, 0xff, 0xff, 0xff, 0xff, 0xff, 0xff, 0xff,
  0xff, 0xff, 0xff, 0xff, 0xff, 0xff, 0xff, 0xff, 0xff, 0xff, 0xff, 0xff,
  0xfe, 0xfe, 0xfe, 0xfe, 0xfe, 0xfe, 0xfe, 0xfe, 0xfe, 0xfd, 0xfd, 0xfd,
  0xfc, 0xfc, 0xfc, 0xfb, 0xfb, 0xfb, 0xf8, 0xf8, 0xf8, 0xf5, 0xf5, 0xf5,
  0xf1, 0xf1, 0xf1, 0xeb, 0xeb, 0xeb, 0xe2, 0xe2, 0xe2, 0xd6, 0xd6, 0xd6,
  0xc7, 0xc7, 0xc7, 0xb3, 0xb3, 0xb3, 0x9e, 0x9e, 0x9e, 0x83, 0x86, 0x89,
  0x82, 0x72, 0x61, 0xc2, 0x9b, 0x6f, 0xfe, 0xfe, 0xfe, 0xfc, 0xfb, 0xfa,
  0xfb, 0xfb, 0xfa, 0xfb, 0xfb, 0xfa, 0xfb, 0xfb, 0xfa, 0xfb, 0xfb, 0xfa,
  0xfb, 0xfb, 0xfa, 0xfb, 0xfb, 0xfa, 0xfb, 0xfb, 0xfa, 0xfb, 0xfb, 0xfa,
  0xfb, 0xfb, 0xfa, 0xfb, 0xfb, 0xfa, 0xfb, 0xfb, 0xfa, 0xfb, 0xfb, 0xfa,
  0xfb, 0xfb, 0xfa, 0xfb, 0xfb, 0xfa, 0xfb, 0xfb, 0xfa, 0xfb, 0xfb, 0xfa,
  0xfb, 0xfb, 0xfa, 0xfb, 0xfb, 0xfa, 0xfb, 0xfb, 0xfa, 0xfb, 0xfb, 0xfa,
  0xfb, 0xfb, 0xfa, 0xfb, 0xfb, 0xfa, 0xfb, 0xfb, 0xfa, 0xfb, 0xfb, 0xfa,
  0xfb, 0xfb, 0xfa, 0xfb, 0xfb, 0xfa, 0xfb, 0xfb, 0xfa, 0xfb, 0xfb, 0xfa,
  0xfb, 0xfb, 0xfa, 0xfb, 0xfb, 0xfa, 0xfb, 0xfb, 0xfa, 0xfb, 0xfb, 0xfa,
  0xfb, 0xfb, 0xfa, 0xfb, 0xfb, 0xfa, 0xfb, 0xfb, 0xfa, 0xfb, 0xfb, 0xfa,
  0xfb, 0xfb, 0xfa, 0xfb, 0xfb, 0xfa, 0xfb, 0xfb, 0xfa, 0xfb, 0xfb, 0xfa,
  0xfb, 0xfb, 0xfa, 0xff, 0xfe, 0xfe, 0xfe, 0xfe, 0xfd, 0xe6, 0xe5, 0xe5,
  0xc9, 0xc9, 0xc9, 0xc8, 0xc8, 0xc8, 0xd5, 0xd5, 0xd5, 0xdf, 0xdf, 0xdf,
  0xe7, 0xe7, 0xe7, 0xed, 0xed, 0xed, 0xf2, 0xf2, 0xf2, 0xf6, 0xf6, 0xf6,
  0xf9, 0xf9, 0xf9, 0xfb, 0xfb, 0xfb, 0xfc, 0xfc, 0xfc, 0xfd, 0xfd, 0xfd,
  0xfe, 0xfe, 0xfe, 0xff, 0xff, 0xff, 0xff, 0xff, 0xff, 0xff, 0xff, 0xff,
  0xff, 0xff, 0xff, 0xff, 0xff, 0xff, 0xff, 0xff, 0xff, 0xff, 0xff, 0xff,
  0xff, 0xff, 0xff, 0xff, 0xff, 0xff, 0xff, 0xff, 0xff, 0xff, 0xff, 0xff,
  0xff, 0xff, 0xff, 0xff, 0xff, 0xff, 0xff, 0xff, 0xff, 0xff, 0xff, 0xff,
  0xff, 0xff, 0xff, 0xff, 0xff, 0xff, 0xff, 0xff, 0xff, 0xff, 0xff, 0xff,
  0xeb, 0xeb, 0xeb, 0x14, 0x14, 0x14, 0x00, 0x00, 0x00, 0x00, 0x00, 0x00,
  0x00, 0x00, 0x00, 0x00, 0x00, 0x00, 0x00, 0x00, 0x00, 0x00, 0x00, 0x00,
  0x00, 0x00, 0x00, 0x00, 0x00, 0x00, 0x14, 0x14, 0x14, 0xeb, 0xeb, 0xeb,
  0xff, 0xff, 0xff, 0xff, 0xff, 0xff, 0xff, 0xff, 0xff, 0xff, 0xff, 0xff,
  0xff, 0xff, 0xff, 0xff, 0xff, 0xff, 0xff, 0xff, 0xff, 0xff, 0xff, 0xff,
  0xff, 0xff, 0xff, 0xff, 0xff, 0xff, 0xff, 0xff, 0xff, 0xff, 0xff, 0xff,
  0xff, 0xff, 0xff, 0xff, 0xff, 0xff, 0xff, 0xff, 0xff, 0xff, 0xff, 0xff,
  0xff, 0xff, 0xff, 0xff, 0xff, 0xff, 0xff, 0xff, 0xff, 0xfe, 0xfe, 0xfe,
  0xfe, 0xfe, 0xfe, 0xfe, 0xfe, 0xfe, 0xfd, 0xfd, 0xfd, 0xfc, 0xfc, 0xfc,
  0xfb, 0xfb, 0xfb, 0xf9, 0xf9, 0xf9, 0xf5, 0xf5, 0xf5, 0xf2, 0xf2, 0xf2,
  0xec, 0xec, 0xec, 0xe4, 0xe4, 0xe4, 0xd9, 0xd9, 0xd9, 0xca, 0xca, 0xca,
  0xb8, 0xb8, 0xb8, 0xa3, 0xa3, 0xa3, 0x8a, 0x8d, 0x91, 0x8e, 0x7f, 0x6f,
  0xbb, 0x7f, 0x3a, 0xcd, 0x9f, 0x6b, 0xfd, 0xfe, 0xff, 0xfc, 0xfb, 0xfb,
  0xfc, 0xfb, 0xfa, 0xfc, 0xfb, 0xfa, 0xfc, 0xfb, 0xfa, 0xfc, 0xfb, 0xfa,
  0xfc, 0xfb, 0xfa, 0xfc, 0xfb, 0xfa, 0xfc, 0xfb, 0xfa, 0xfc, 0xfb, 0xfa,
  0xfc, 0xfb, 0xfa, 0xfc, 0xfb, 0xfa, 0xfc, 0xfb, 0xfa, 0xfc, 0xfb, 0xfa,
  0xfc, 0xfb, 0xfa, 0xfc, 0xfb, 0xfa, 0xfc, 0xfb, 0xfa, 0xfc, 0xfb, 0xfa,
  0xfc, 0xfb, 0xfa, 0xfc, 0xfb, 0xfa, 0xfc, 0xfb, 0xfa, 0xfc, 0xfb, 0xfa,
  0xfc, 0xfb, 0xfa, 0xfc, 0xfb, 0xfa, 0xfc, 0xfb, 0xfa, 0xfc, 0xfb, 0xfa,
  0xfc, 0xfb, 0xfa, 0xfc, 0xfb, 0xfa, 0xfc, 0xfb, 0xfa, 0xfc, 0xfb, 0xfa,
  0xfc, 0xfb, 0xfa, 0xfc, 0xfb, 0xfa, 0xfc, 0xfb, 0xfa, 0xfc, 0xfb, 0xfa,
  0xfc, 0xfb, 0xfa, 0xfc, 0xfb, 0xfa, 0xfc, 0xfb, 0xfa, 0xfc, 0xfb, 0xfa,
  0xfc, 0xfb, 0xfa, 0xfc, 0xfb, 0xfa, 0xfc, 0xfb, 0xfa, 0xfd, 0xfd, 0xfe,
  0xfe, 0xff, 0xff, 0xe4, 0xe5, 0xe7, 0xb5, 0xb5, 0xb4, 0xa6, 0xa6, 0xa6,
  0xb8, 0xb8, 0xb8, 0xca, 0xca, 0xca, 0xd6, 0xd6, 0xd6, 0xe1, 0xe1, 0xe1,
  0xe9, 0xe9, 0xe9, 0xee, 0xee, 0xee, 0xf3, 0xf3, 0xf3, 0xf7, 0xf7, 0xf7,
  0xf9, 0xf9, 0xf9, 0xfb, 0xfb, 0xfb, 0xfd, 0xfd, 0xfd, 0xfd, 0xfd, 0xfd,
  0xfe, 0xfe, 0xfe, 0xff, 0xff, 0xff, 0xff, 0xff, 0xff, 0xff, 0xff, 0xff,
  0xff, 0xff, 0xff, 0xff, 0xff, 0xff, 0xff, 0xff, 0xff, 0xff, 0xff, 0xff,
  0xff, 0xff, 0xff, 0xff, 0xff, 0xff, 0xff, 0xff, 0xff, 0xff, 0xff, 0xff,
  0xff, 0xff, 0xff, 0xff, 0xff, 0xff, 0xff, 0xff, 0xff, 0xff, 0xff, 0xff,
  0xff, 0xff, 0xff, 0xff, 0xff, 0xff, 0xff, 0xff, 0xff, 0xff, 0xff, 0xff,
  0xeb, 0xeb, 0xeb, 0x14, 0x14, 0x14, 0x00, 0x00, 0x00, 0x00, 0x00, 0x00,
  0x00, 0x00, 0x00, 0x00, 0x00, 0x00, 0x00, 0x00, 0x00, 0x00, 0x00, 0x00,
  0x00, 0x00, 0x00, 0x00, 0x00, 0x00, 0x14, 0x14, 0x14, 0xeb, 0xeb, 0xeb,
  0xff, 0xff, 0xff, 0xff, 0xff, 0xff, 0xff, 0xff, 0xff, 0xff, 0xff, 0xff,
  0xff, 0xff, 0xff, 0xff, 0xff, 0xff, 0xff, 0xff, 0xff, 0xff, 0xff, 0xff,
  0xff, 0xff, 0xff, 0xff, 0xff, 0xff, 0xff, 0xff, 0xff, 0xff, 0xff, 0xff,
  0xff, 0xff, 0xff, 0xff, 0xff, 0xff, 0xff, 0xff, 0xff, 0xff, 0xff, 0xff,
  0xff, 0xff, 0xff, 0xff, 0xff, 0xff, 0xfe, 0xfe, 0xfe, 0xfe, 0xfe, 0xfe,
  0xfe, 0xfe, 0xfe, 0xfd, 0xfd, 0xfd, 0xfc, 0xfc, 0xfc, 0xfb, 0xfb, 0xfb,
  0xf9, 0xf9, 0xf9, 0xf6, 0xf6, 0xf6, 0xf2, 0xf2, 0xf2, 0xed, 0xed, 0xed,
  0xe5, 0xe5, 0xe5, 0xda, 0xda, 0xda, 0xcd, 0xcd, 0xcd, 0xbb, 0xbb, 0xbb,
  0xa8, 0xa8, 0xa8, 0x8f, 0x92, 0x96, 0x95, 0x87, 0x75, 0xca, 0x8d, 0x46,
  0xc7, 0x84, 0x37, 0xcc, 0xa0, 0x6e, 0xfd, 0xfe, 0xff, 0xfc, 0xfb, 0xfb,
  0xfc, 0xfb, 0xfa, 0xfc, 0xfb, 0xfa, 0xfc, 0xfb, 0xfa, 0xfc, 0xfb, 0xfa,
  0xfc, 0xfb, 0xfa, 0xfc, 0xfb, 0xfa, 0xfc, 0xfb, 0xfa, 0xfc, 0xfb, 0xfa,
  0xfc, 0xfb, 0xfa, 0xfc, 0xfb, 0xfa, 0xfc, 0xfb, 0xfa, 0xfc, 0xfb, 0xfa,
  0xfc, 0xfb, 0xfa, 0xfc, 0xfb, 0xfa, 0xfc, 0xfb, 0xfa, 0xfc, 0xfb, 0xfa,
  0xfc, 0xfb, 0xfa, 0xfc, 0xfb, 0xfa, 0xfc, 0xfb, 0xfa, 0xfc, 0xfb, 0xfa,
  0xfc, 0xfb, 0xfa, 0xfc, 0xfb, 0xfa, 0xfc, 0xfb, 0xfa, 0xfc, 0xfb, 0xfa,
  0xfc, 0xfb, 0xfa, 0xfc, 0xfb, 0xfa, 0xfc, 0xfb, 0xfa, 0xfc, 0xfb, 0xfa,
  0xfc, 0xfb, 0xfa, 0xfc, 0xfb, 0xfa, 0xfc, 0xfb, 0xfa, 0xfc, 0xfb, 0xfa,
  0xfc, 0xfb, 0xfa, 0xfc, 0xfb, 0xfa, 0xfc, 0xfb, 0xfa, 0xfc, 0xfb, 0xfa,
  0xfc, 0xfb, 0xfa, 0xfc, 0xfd, 0xfd, 0xfe, 0xff, 0xff, 0xf8, 0xf0, 0xe8,
  0xde, 0xb3, 0x88, 0x93, 0x81, 0x6e, 0x84, 0x88, 0x8c, 0xa0, 0xa0, 0xa0,
  0xb2, 0xb2, 0xb2, 0xc4, 0xc4, 0xc4, 0xd2, 0xd2, 0xd2, 0xde, 0xde, 0xde,
  0xe7, 0xe7, 0xe7, 0xed, 0xed, 0xed, 0xf2, 0xf2, 0xf2, 0xf6, 0xf6, 0xf6,
  0xf9, 0xf9, 0xf9, 0xfb, 0xfb, 0xfb, 0xfc, 0xfc, 0xfc, 0xfd, 0xfd, 0xfd,
  0xfe, 0xfe, 0xfe, 0xfe, 0xfe, 0xfe, 0xff, 0xff, 0xff, 0xff, 0xff, 0xff,
  0xff, 0xff, 0xff, 0xff, 0xff, 0xff, 0xff, 0xff, 0xff, 0xff, 0xff, 0xff,
  0xff, 0xff, 0xff, 0xff, 0xff, 0xff, 0xff, 0xff, 0xff, 0xff, 0xff, 0xff,
  0xff, 0xff, 0xff, 0xff, 0xff, 0xff, 0xff, 0xff, 0xff, 0xff, 0xff, 0xff,
  0xff, 0xff, 0xff, 0xff, 0xff, 0xff, 0xff, 0xff, 0xff, 0xff, 0xff, 0xff,
  0xeb, 0xeb, 0xeb, 0x14, 0x14, 0x14, 0x00, 0x00, 0x00, 0x00, 0x00, 0x00,
  0x00, 0x00, 0x00, 0x00, 0x00, 0x00, 0x00, 0x00, 0x00, 0x00, 0x00, 0x00,
  0x00, 0x00, 0x00, 0x00, 0x00, 0x00, 0x14, 0x14, 0x14, 0xeb, 0xeb, 0xeb,
  0xff, 0xff, 0xff, 0xff, 0xff, 0xff, 0xff, 0xff, 0xff, 0xff, 0xff, 0xff,
  0xff, 0xff, 0xff, 0xff, 0xff, 0xff, 0xff, 0xff, 0xff, 0xff, 0xff, 0xff,
  0xff, 0xff, 0xff, 0xff, 0xff, 0xff, 0xff, 0xff, 0xff, 0xff, 0xff, 0xff,
  0xff, 0xff, 0xff, 0xff, 0xff, 0xff, 0xff, 0xff, 0xff, 0xff, 0xff, 0xff,
  0xff, 0xff, 0xff, 0xfe, 0xfe, 0xfe, 0xfe, 0xfe, 0xfe, 0xfe, 0xfe, 0xfe,
  0xfd, 0xfd, 0xfd, 0xfc, 0xfc, 0xfc, 0xfb, 0xfb, 0xfb, 0xf9, 0xf9, 0xf9,
  0xf6, 0xf6, 0xf6, 0xf3, 0xf3, 0xf3, 0xed, 0xed, 0xed, 0xe6, 0xe6, 0xe6,
  0xdb, 0xdb, 0xdb, 0xce, 0xce, 0xce, 0xbd, 0xbd, 0xbd, 0xab, 0xab, 0xab,
  0x93, 0x96, 0x9a, 0x9b, 0x8c, 0x7a, 0xd6, 0x95, 0x4a, 0xd7, 0x92, 0x43,
  0xc6, 0x85, 0x39, 0xcd, 0xa1, 0x6e, 0xfd, 0xfe, 0xff, 0xfc, 0xfc, 0xfb,
  0xfc, 0xfb, 0xfb, 0xfc, 0xfb, 0xfb, 0xfc, 0xfb, 0xfb, 0xfc, 0xfb, 0xfb,
  0xfc, 0xfb, 0xfb, 0xfc, 0xfb, 0xfb, 0xfc, 0xfb, 0xfb, 0xfc, 0xfb, 0xfb,
  0xfc, 0xfb, 0xfb, 0xfc, 0xfb, 0xfb, 0xfc, 0xfb, 0xfb, 0xfc, 0xfb, 0xfb,
  0xfc, 0xfb, 0xfb, 0xfc, 0xfb, 0xfb, 0xfc, 0xfb, 0xfb, 0xfc, 0xfb, 0xfb,
  0xfc, 0xfb, 0xfb, 0xfc, 0xfb, 0xfb, 0xfc, 0xfb, 0xfb, 0xfc, 0xfb, 0xfb,
  0xfc, 0xfb, 0xfb, 0xfc, 0xfb, 0xfb, 0xfc, 0xfb, 0xfb, 0xfc, 0xfb, 0xfb,
  0xfc, 0xfb, 0xfb, 0xfc, 0xfb, 0xfb, 0xfc, 0xfb, 0xfb, 0xfc, 0xfb, 0xfb,
  0xfc, 0xfb, 0xfb, 0xfc, 0xfb, 0xfb, 0xfc, 0xfb, 0xfb, 0xfc, 0xfb, 0xfb,
  0xfc, 0xfb, 0xfb, 0xfc, 0xfb, 0xfb, 0xfc, 0xfb, 0xfb, 0xfc, 0xfc, 0xfc,
  0xfe, 0xff, 0xff, 0xfb, 0xf8, 0xf6, 0xe8, 0xc6, 0xa2, 0xd5, 0x8e, 0x44,
  0xd3, 0x7e, 0x28, 0xce, 0x83, 0x37, 0x98, 0x87, 0x74, 0x90, 0x94, 0x98,
  0xa7, 0xa7, 0xa7, 0xb9, 0xb9, 0xb9, 0xca, 0xca, 0xca, 0xd8, 0xd8, 0xd8,
  0xe3, 0xe3, 0xe3, 0xea, 0xea, 0xea, 0xf0, 0xf0, 0xf0, 0xf5, 0xf5, 0xf5,
  0xf8, 0xf8, 0xf8, 0xfa, 0xfa, 0xfa, 0xfb, 0xfb, 0xfb, 0xfc, 0xfc, 0xfc,
  0xfe, 0xfe, 0xfe, 0xfe, 0xfe, 0xfe, 0xfe, 0xfe, 0xfe, 0xff, 0xff, 0xff,
  0xff, 0xff, 0xff, 0xff, 0xff, 0xff, 0xff, 0xff, 0xff, 0xff, 0xff, 0xff,
  0xff, 0xff, 0xff, 0xff, 0xff, 0xff, 0xff, 0xff, 0xff, 0xff, 0xff, 0xff,
  0xff, 0xff, 0xff, 0xff, 0xff, 0xff, 0xff, 0xff, 0xff, 0xff, 0xff, 0xff,
  0xff, 0xff, 0xff, 0xff, 0xff, 0xff, 0xff, 0xff, 0xff, 0xff, 0xff, 0xff,
  0xeb, 0xeb, 0xeb, 0x14, 0x14, 0x14, 0x00, 0x00, 0x00, 0x00, 0x00, 0x00,
  0x00, 0x00, 0x00, 0x00, 0x00, 0x00, 0x00, 0x00, 0x00, 0x00, 0x00, 0x00,
  0x00, 0x00, 0x00, 0x00, 0x00, 0x00, 0x14, 0x14, 0x14, 0xeb, 0xeb, 0xeb,
  0xff, 0xff, 0xff, 0xff, 0xff, 0xff, 0xff, 0xff, 0xff, 0xff, 0xff, 0xff,
  0xff, 0xff, 0xff, 0xff, 0xff, 0xff, 0xff, 0xff, 0xff, 0xff, 0xff, 0xff,
  0xff, 0xff, 0xff, 0xff, 0xff, 0xff, 0xff, 0xff, 0xff, 0xff, 0xff, 0xff,
  0xff, 0xff, 0xff, 0xff, 0xff, 0xff, 0xff, 0xff, 0xff, 0xff, 0xff, 0xff,
  0xfe, 0xfe, 0xfe, 0xfe, 0xfe, 0xfe, 0xfe, 0xfe, 0xfe, 0xfd, 0xfd, 0xfd,
  0xfc, 0xfc, 0xfc, 0xfb, 0xfb, 0xfb, 0xf9, 0xf9, 0xf9, 0xf6, 0xf6, 0xf6,
  0xf3, 0xf3, 0xf3, 0xee, 0xee, 0xee, 0xe6, 0xe6, 0xe6, 0xdc, 0xdc, 0xdc,
  0xcf, 0xcf, 0xcf, 0xbf, 0xbf, 0xbf, 0xad, 0xad, 0xad, 0x95, 0x99, 0x9d,
  0x9f, 0x90, 0x7d, 0xdd, 0x9b, 0x4d, 0xe3, 0x9b, 0x47, 0xd7, 0x94, 0x46,
  0xc7, 0x86, 0x3a, 0xcd, 0xa1, 0x6f, 0xfd, 0xfe, 0xff, 0xfc, 0xfc, 0xfb,
  0xfc, 0xfc, 0xfb, 0xfc, 0xfc, 0xfb, 0xfc, 0xfc, 0xfb, 0xfc, 0xfc, 0xfb,
  0xfc, 0xfc, 0xfb, 0xfc, 0xfc, 0xfb, 0xfc, 0xfc, 0xfb, 0xfc, 0xfc, 0xfb,
  0xfc, 0xfc, 0xfb, 0xfc, 0xfc, 0xfb, 0xfc, 0xfc, 0xfb, 0xfc, 0xfc, 0xfb,
  0xfc, 0xfc, 0xfb, 0xfc, 0xfc, 0xfb, 0xfc, 0xfc, 0xfb, 0xfc, 0xfc, 0xfb,
  0xfc, 0xfc, 0xfb, 0xfc, 0xfc, 0xfb, 0xfc, 0xfc, 0xfb, 0xfc, 0xfc, 0xfb,
  0xfc, 0xfc, 0xfb, 0xfc, 0xfc, 0xfb, 0xfc, 0xfc, 0xfb, 0xfc, 0xfc, 0xfb,
  0xfc, 0xfc, 0xfb, 0xfc, 0xfc, 0xfb, 0xfc, 0xfc, 0xfb, 0xfc, 0xfc, 0xfb,
  0xfc, 0xfc, 0xfb, 0xfc, 0xfc, 0xfb, 0xfc, 0xfc, 0xfb, 0xfc, 0xfc, 0xfb,
  0xfc, 0xfc, 0xfb, 0xfc, 0xfc, 0xfb, 0xfe, 0xff, 0xff, 0xfd, 0xfe, 0xff,
  0xee, 0xd5, 0xbc, 0xd9, 0x99, 0x56, 0xd4, 0x82, 0x2c, 0xdb, 0x89, 0x32,
  0xe0, 0x8d, 0x37, 0xe3, 0x8d, 0x34, 0xd9, 0x8b, 0x3b, 0x9e, 0x8c, 0x79,
  0x95, 0x99, 0x9d, 0xac, 0xac, 0xac, 0xbd, 0xbd, 0xbd, 0xce, 0xce, 0xce,
  0xda, 0xda, 0xda, 0xe5, 0xe5, 0xe5, 0xed, 0xed, 0xed, 0xf2, 0xf2, 0xf2,
  0xf5, 0xf5, 0xf5, 0xf8, 0xf8, 0xf8, 0xfa, 0xfa, 0xfa, 0xfc, 0xfc, 0xfc,
  0xfd, 0xfd, 0xfd, 0xfe, 0xfe, 0xfe, 0xfe, 0xfe, 0xfe, 0xfe, 0xfe, 0xfe,
  0xff, 0xff, 0xff, 0xff, 0xff, 0xff, 0xff, 0xff, 0xff, 0xff, 0xff, 0xff,
  0xff, 0xff, 0xff, 0xff, 0xff, 0xff, 0xff, 0xff, 0xff, 0xff, 0xff, 0xff,
  0xff, 0xff, 0xff, 0xff, 0xff, 0xff, 0xff, 0xff, 0xff, 0xff, 0xff, 0xff,
  0xff, 0xff, 0xff, 0xff, 0xff, 0xff, 0xff, 0xff, 0xff, 0xff, 0xff, 0xff,
  0xeb, 0xeb, 0xeb, 0x14, 0x14, 0x14, 0x00, 0x00, 0x00, 0x00, 0x00, 0x00,
  0x00, 0x00, 0x00, 0x00, 0x00, 0x00, 0x00, 0x00, 0x00, 0x00, 0x00, 0x00,
  0x00, 0x00, 0x00, 0x00, 0x00, 0x00, 0x14, 0x14, 0x14, 0xeb, 0xeb, 0xeb,
  0xff, 0xff, 0xff, 0xff, 0xff, 0xff, 0xff, 0xff, 0xff, 0xff, 0xff, 0xff,
  0xff, 0xff, 0xff, 0xff, 0xff, 0xff, 0xff, 0xff, 0xff, 0xff, 0xff, 0xff,
  0xff, 0xff, 0xff, 0xff, 0xff, 0xff, 0xff, 0xff, 0xff, 0xff, 0xff, 0xff,
  0xff, 0xff, 0xff, 0xff, 0xff, 0xff, 0xff, 0xff, 0xff, 0xfe, 0xfe, 0xfe,
  0xfe, 0xfe, 0xfe, 0xfe, 0xfe, 0xfe, 0xfd, 0xfd, 0xfd, 0xfc, 0xfc, 0xfc,
  0xfb, 0xfb, 0xfb, 0xf9, 0xf9, 0xf9, 0xf6, 0xf6, 0xf6, 0xf3, 0xf3, 0xf3,
  0xee, 0xee, 0xee, 0xe7, 0xe7, 0xe7, 0xdc, 0xdc, 0xdc, 0xcf, 0xcf, 0xcf,
  0xc0, 0xc0, 0xc0, 0xae, 0xae, 0xae, 0x97, 0x9b, 0x9f, 0xa2, 0x92, 0x80,
  0xe3, 0x9f, 0x50, 0xeb, 0xa1, 0x4a, 0xe3, 0x9c, 0x4a, 0xd8, 0x94, 0x46,
  0xc7, 0x86, 0x3b, 0xcd, 0xa1, 0x6f, 0xfd, 0xff, 0xff, 0xfd, 0xfc, 0xfc,
  0xfc, 0xfc, 0xfb, 0xfc, 0xfc, 0xfb, 0xfc, 0xfc, 0xfb, 0xfc, 0xfc, 0xfb,
  0xfc, 0xfc, 0xfb, 0xfc, 0xfc, 0xfb, 0xfc, 0xfc, 0xfb, 0xfc, 0xfc, 0xfb,
  0xfc, 0xfc, 0xfb, 0xfc, 0xfc, 0xfb, 0xfc, 0xfc, 0xfb, 0xfc, 0xfc, 0xfb,
  0xfc, 0xfc, 0xfb, 0xfc, 0xfc, 0xfb, 0xfc, 0xfc, 0xfb, 0xfc, 0xfc, 0xfb,
  0xfc, 0xfc, 0xfb, 0xfc, 0xfc, 0xfb, 0xfc, 0xfc, 0xfb, 0xfc, 0xfc, 0xfb,
  0xfc, 0xfc, 0xfb, 0xfc, 0xfc, 0xfb, 0xfc, 0xfc, 0xfb, 0xfc, 0xfc, 0xfb,
  0xfc, 0xfc, 0xfb, 0xfc, 0xfc, 0xfb, 0xfc, 0xfc, 0xfb, 0xfc, 0xfc, 0xfb,
  0xfc, 0xfc, 0xfb, 0xfc, 0xfc, 0xfb, 0xfc, 0xfc, 0xfb, 0xfc, 0xfc, 0xfb,
  0xfd, 0xff, 0xff, 0xfe, 0xff, 0xff, 0xf3, 0xe3, 0xd2, 0xde, 0xa6, 0x6b,
  0xd5, 0x85, 0x31, 0xdb, 0x89, 0x33, 0xe1, 0x8f, 0x39, 0xe4, 0x91, 0x39,
  0xe8, 0x92, 0x39, 0xe9, 0x93, 0x39, 0xeb, 0x92, 0x36, 0xdf, 0x8f, 0x3c,
  0xa2, 0x8f, 0x7c, 0x98, 0x9c, 0xa0, 0xae, 0xae, 0xae, 0xbf, 0xbf, 0xbf,
  0xcf, 0xcf, 0xcf, 0xdc, 0xdc, 0xdc, 0xe6, 0xe6, 0xe6, 0xed, 0xed, 0xed,
  0xf2, 0xf2, 0xf2, 0xf6, 0xf6, 0xf6, 0xf9, 0xf9, 0xf9, 0xfb, 0xfb, 0xfb,
  0xfc, 0xfc, 0xfc, 0xfd, 0xfd, 0xfd, 0xfe, 0xfe, 0xfe, 0xfe, 0xfe, 0xfe,
  0xfe, 0xfe, 0xfe, 0xff, 0xff, 0xff, 0xff, 0xff, 0xff, 0xff, 0xff, 0xff,
  0xff, 0xff, 0xff, 0xff, 0xff, 0xff, 0xff, 0xff, 0xff, 0xff, 0xff, 0xff,
  0xff, 0xff, 0xff, 0xff, 0xff, 0xff, 0xff, 0xff, 0xff, 0xff, 0xff, 0xff,
  0xff, 0xff, 0xff, 0xff, 0xff, 0xff, 0xff, 0xff, 0xff, 0xff, 0xff, 0xff,
  0xeb, 0xeb, 0xeb, 0x14, 0x14, 0x14, 0x00, 0x00, 0x00, 0x00, 0x00, 0x00,
  0x00, 0x00, 0x00, 0x00, 0x00, 0x00, 0x00, 0x00, 0x00, 0x00, 0x00, 0x00,
  0x00, 0x00, 0x00, 0x00, 0x00, 0x00, 0x14, 0x14, 0x14, 0xeb, 0xeb, 0xeb,
  0xff, 0xff, 0xff, 0xff, 0xff, 0xff, 0xff, 0xff, 0xff, 0xff, 0xff, 0xff,
  0xff, 0xff, 0xff, 0xff, 0xff, 0xff, 0xff, 0xff, 0xff, 0xff, 0xff, 0xff,
  0xff, 0xff, 0xff, 0xff, 0xff, 0xff, 0xff, 0xff, 0xff, 0xff, 0xff, 0xff,
  0xff, 0xff, 0xff, 0xff, 0xff, 0xff, 0xfe, 0xfe, 0xfe, 0xfe, 0xfe, 0xfe,
  0xfe, 0xfe, 0xfe, 0xfd, 0xfd, 0xfd, 0xfc, 0xfc, 0xfc, 0xfb, 0xfb, 0xfb,
  0xf9, 0xf9, 0xf9, 0xf6, 0xf6, 0xf6, 0xf3, 0xf3, 0xf3, 0xee, 0xee, 0xee,
  0xe7, 0xe7, 0xe7, 0xdd, 0xdd, 0xdd, 0xd0, 0xd0, 0xd0, 0xc0, 0xc0, 0xc0,
  0xaf, 0xaf, 0xaf, 0x98, 0x9c, 0xa0, 0xa4, 0x94, 0x81, 0xe8, 0xa3, 0x52,
  0xf2, 0xa6, 0x4c, 0xeb, 0xa3, 0x4d, 0xe4, 0x9d, 0x4b, 0xd8, 0x95, 0x47,
  0xc7, 0x86, 0x3b, 0xcd, 0xa2, 0x6f, 0xfe, 0xff, 0xff, 0xfd, 0xfc, 0xfc,
  0xfd, 0xfc, 0xfc, 0xfd, 0xfc, 0xfc, 0xfd, 0xfc, 0xfc, 0xfd, 0xfc, 0xfc,
  0xfd, 0xfc, 0xfc, 0xfd, 0xfc, 0xfc, 0xfd, 0xfc, 0xfc, 0xfd, 0xfc, 0xfc,
  0xfd, 0xfc, 0xfc, 0xfd, 0xfc, 0xfc, 0xfd, 0xfc, 0xfc, 0xfd, 0xfc, 0xfc,
  0xfd, 0xfc, 0xfc, 0xfd, 0xfc, 0xfc, 0xfd, 0xfc, 0xfc, 0xfd, 0xfc, 0xfc,
  0xfd, 0xfc, 0xfc, 0xfd, 0xfc, 0xfc, 0xfd, 0xfc, 0xfc, 0xfd, 0xfc, 0xfc,
  0xfd, 0xfc, 0xfc, 0xfd, 0xfc, 0xfc, 0xfd, 0xfc, 0xfc, 0xfd, 0xfc, 0xfc,
  0xfd, 0xfc, 0xfc, 0xfd, 0xfc, 0xfc, 0xfd, 0xfc, 0xfc, 0xfd, 0xfc, 0xfc,
  0xfd, 0xfc, 0xfc, 0xfd, 0xfc, 0xfb, 0xfd, 0xfe, 0xfe, 0xff, 0xff, 0xff,
  0xf8, 0xee, 0xe5, 0xe4, 0xb6, 0x84, 0xd6, 0x8a, 0x39, 0xda, 0x88, 0x31,
  0xe1, 0x90, 0x39, 0xe5, 0x92, 0x3b, 0xe8, 0x94, 0x3c, 0xea, 0x95, 0x3c,
  0xec, 0x96, 0x3b, 0xee, 0x97, 0x3b, 0xef, 0x97, 0x3b, 0xf0, 0x95, 0x37,
  0xe3, 0x92, 0x3d, 0xa4, 0x91, 0x7d, 0x99, 0x9e, 0xa2, 0xaf, 0xaf, 0xaf,
  0xc0, 0xc0, 0xc0, 0xcf, 0xcf, 0xcf, 0xdc, 0xdc, 0xdc, 0xe6, 0xe6, 0xe6,
  0xee, 0xee, 0xee, 0xf3, 0xf3, 0xf3, 0xf6, 0xf6, 0xf6, 0xf9, 0xf9, 0xf9,
  0xfb, 0xfb, 0xfb, 0xfc, 0xfc, 0xfc, 0xfd, 0xfd, 0xfd, 0xfe, 0xfe, 0xfe,
  0xfe, 0xfe, 0xfe, 0xfe, 0xfe, 0xfe, 0xff, 0xff, 0xff, 0xff, 0xff, 0xff,
  0xff, 0xff, 0xff, 0xff, 0xff, 0xff, 0xff, 0xff, 0xff, 0xff, 0xff, 0xff,
  0xff, 0xff, 0xff, 0xff, 0xff, 0xff, 0xff, 0xff, 0xff, 0xff, 0xff, 0xff,
  0xff, 0xff, 0xff, 0xff, 0xff, 0xff, 0xff, 0xff, 0xff, 0xff, 0xff, 0xff,
  0xeb, 0xeb, 0xeb, 0x14, 0x14, 0x14, 0x00, 0x00, 0x00, 0x00, 0x00, 0x00,
  0x00, 0x00, 0x00, 0x00, 0x00, 0x00, 0x00, 0x00, 0x00, 0x00, 0x00, 0x00,
  0x00, 0x00, 0x00, 0x00, 0x00, 0x00, 0x14, 0x14, 0x14, 0xeb, 0xeb, 0xeb,
  0xff, 0xff, 0xff, 0xff, 0xff, 0xff, 0xff, 0xff, 0xff, 0xff, 0xff, 0xff,
  0xff, 0xff, 0xff, 0xff, 0xff, 0xff, 0xff, 0xff, 0xff, 0xff, 0xff, 0xff,
  0xff, 0xff, 0xff, 0xff, 0xff, 0xff, 0xff, 0xff, 0xff, 0xff, 0xff, 0xff,
  0xff, 0xff, 0xff, 0xfe, 0xfe, 0xfe, 0xfe, 0xfe, 0xfe, 0xfe, 0xfe, 0xfe,
  0xfd, 0xfd, 0xfd, 0xfc, 0xfc, 0xfc, 0xfb, 0xfb, 0xfb, 0xf9, 0xf9, 0xf9,
  0xf6, 0xf6, 0xf6, 0xf3, 0xf3, 0xf3, 0xee, 0xee, 0xee, 0xe7, 0xe7, 0xe7,
  0xdd, 0xdd, 0xdd, 0xd0, 0xd0, 0xd0, 0xc0, 0xc0, 0xc0, 0xaf, 0xaf, 0xaf,
  0x99, 0x9c, 0xa1, 0xa5, 0x95, 0x82, 0xea, 0xa5, 0x53, 0xf6, 0xa9, 0x4e,
  0xf2, 0xa8, 0x50, 0xec, 0xa3, 0x4e, 0xe4, 0x9d, 0x4b, 0xd8, 0x95, 0x47,
  0xc7, 0x87, 0x3b, 0xcd, 0xa2, 0x6f, 0xfe, 0xff, 0xff, 0xfd, 0xfd, 0xfc,
  0xfd, 0xfc, 0xfc, 0xfd, 0xfc, 0xfc, 0xfd, 0xfc, 0xfc, 0xfd, 0xfc, 0xfc,
  0xfd, 0xfc, 0xfc, 0xfd, 0xfc, 0xfc, 0xfd, 0xfc, 0xfc, 0xfd, 0xfc, 0xfc,
  0xfd, 0xfc, 0xfc, 0xfd, 0xfc, 0xfc, 0xfd, 0xfc, 0xfc, 0xfd, 0xfc, 0xfc,
  0xfd, 0xfc, 0xfc, 0xfd, 0xfc, 0xfc, 0xfd, 0xfc, 0xfc, 0xfd, 0xfc, 0xfc,
  0xfd, 0xfc, 0xfc, 0xfd, 0xfc, 0xfc, 0xfd, 0xfc, 0xfc, 0xfd, 0xfc, 0xfc,
  0xfd, 0xfc, 0xfc, 0xfd, 0xfc, 0xfc, 0xfd, 0xfc, 0xfc, 0xfd, 0xfc, 0xfc,
  0xfd, 0xfc, 0xfc, 0xfd, 0xfc, 0xfc, 0xfd, 0xfc, 0xfc, 0xfd, 0xfc, 0xfc,
  0xfd, 0xfd, 0xfd, 0xff, 0xff, 0xff, 0xfb, 0xf7, 0xf3, 0xe9, 0xc5, 0x9e,
  0xd9, 0x92, 0x46, 0xd9, 0x88, 0x32, 0xe0, 0x90, 0x3b, 0xe5, 0x93, 0x3d,
  0xe8, 0x95, 0x3d, 0xeb, 0x97, 0x3d, 0xed, 0x98, 0x3d, 0xef, 0x99, 0x3e,
  0xf0, 0x99, 0x3e, 0xf1, 0x99, 0x3d, 0xf2, 0x9a, 0x3c, 0xf2, 0x99, 0x3c,
  0xf2, 0x97, 0x39, 0xe5, 0x93, 0x3e, 0xa4, 0x91, 0x7e, 0x99, 0x9d, 0xa2,
  0xaf, 0xaf, 0xaf, 0xc0, 0xc0, 0xc0, 0xd0, 0xd0, 0xd0, 0xdd, 0xdd, 0xdd,
  0xe7, 0xe7, 0xe7, 0xee, 0xee, 0xee, 0xf3, 0xf3, 0xf3, 0xf6, 0xf6, 0xf6,
  0xf9, 0xf9, 0xf9, 0xfb, 0xfb, 0xfb, 0xfc, 0xfc, 0xfc, 0xfd, 0xfd, 0xfd,
  0xfe, 0xfe, 0xfe, 0xfe, 0xfe, 0xfe, 0xfe, 0xfe, 0xfe, 0xff, 0xff, 0xff,
  0xff, 0xff, 0xff, 0xff, 0xff, 0xff, 0xff, 0xff, 0xff, 0xff, 0xff, 0xff,
  0xff, 0xff, 0xff, 0xff, 0xff, 0xff, 0xff, 0xff, 0xff, 0xff, 0xff, 0xff,
  0xff, 0xff, 0xff, 0xff, 0xff, 0xff, 0xff, 0xff, 0xff, 0xff, 0xff, 0xff,
  0xeb, 0xeb, 0xeb, 0x14, 0x14, 0x14, 0x00, 0x00, 0x00, 0x00, 0x00, 0x00,
  0x00, 0x00, 0x00, 0x00, 0x00, 0x00, 0x00, 0x00, 0x00, 0x00, 0x00, 0x00,
  0x00, 0x00, 0x00, 0x00, 0x00, 0x00, 0x14, 0x14, 0x14, 0xeb, 0xeb, 0xeb,
  0xff, 0xff, 0xff, 0xff, 0xff, 0xff, 0xff, 0xff, 0xff, 0xff, 0xff, 0xff,
  0xff, 0xff, 0xff, 0xff, 0xff, 0xff, 0xff, 0xff, 0xff, 0xff, 0xff, 0xff,
  0xff, 0xff, 0xff, 0xff, 0xff, 0xff, 0xff, 0xff, 0xff, 0xff, 0xff, 0xff,
  0xfe, 0xfe, 0xfe, 0xfe, 0xfe, 0xfe, 0xfe, 0xfe, 0xfe, 0xfd, 0xfd, 0xfd,
  0xfc, 0xfc, 0xfc, 0xfb, 0xfb, 0xfb, 0xf9, 0xf9, 0xf9, 0xf6, 0xf6, 0xf6,
  0xf3, 0xf3, 0xf3, 0xee, 0xee, 0xee, 0xe7, 0xe7, 0xe7, 0xdd, 0xdd, 0xdd,
  0xd0, 0xd0, 0xd0, 0xc1, 0xc1, 0xc1, 0xaf, 0xaf, 0xaf, 0x99, 0x9c, 0xa1,
  0xa6, 0x96, 0x83, 0xec, 0xa7, 0x54, 0xf9, 0xac, 0x50, 0xf6, 0xab, 0x52,
  0xf3, 0xa8, 0x51, 0xec, 0xa3, 0x4f, 0xe4, 0x9d, 0x4c, 0xd8, 0x95, 0x48,
  0xc7, 0x87, 0x3b, 0xcd, 0xa2, 0x6f, 0xfe, 0xff, 0xff, 0xfd, 0xfd, 0xfd,
  0xfd, 0xfd, 0xfc, 0xfd, 0xfd, 0xfc, 0xfd, 0xfd, 0xfc, 0xfd, 0xfd, 0xfc,
  0xfd, 0xfd, 0xfc, 0xfd, 0xfd, 0xfc, 0xfd, 0xfd, 0xfc, 0xfd, 0xfd, 0xfc,
  0xfd, 0xfd, 0xfc, 0xfd, 0xfd, 0xfc, 0xfd, 0xfd, 0xfc, 0xfd, 0xfd, 0xfc,
  0xfd, 0xfd, 0xfc, 0xfd, 0xfd, 0xfc, 0xfd, 0xfd, 0xfc, 0xfd, 0xfd, 0xfc,
  0xfd, 0xfd, 0xfc, 0xfd, 0xfd, 0xfc, 0xfd, 0xfd, 0xfc, 0xfd, 0xfd, 0xfc,
  0xfd, 0xfd, 0xfc, 0xfd, 0xfd, 0xfc, 0xfd, 0xfd, 0xfc, 0xfd, 0xfd, 0xfc,
  0xfd, 0xfd, 0xfc, 0xfd, 0xfd, 0xfc, 0xfd, 0xfd, 0xfd, 0xff, 0xff, 0xff,
  0xfd, 0xfd, 0xfd, 0xee, 0xd4, 0xb7, 0xdc, 0x9c, 0x56, 0xd9, 0x89, 0x34,
  0xe0, 0x91, 0x3c, 0xe5, 0x95, 0x40, 0xe8, 0x97, 0x40, 0xeb, 0x98, 0x3f,
  0xed, 0x9a, 0x3f, 0xf0, 0x9b, 0x3f, 0xf1, 0x9b, 0x3f, 0xf2, 0x9b, 0x3f,
  0xf3, 0x9c, 0x3f, 0xf4, 0x9c, 0x3f, 0xf4, 0x9b, 0x3e, 0xf5, 0x9b, 0x3d,
  0xf4, 0x9a, 0x3d, 0xf3, 0x97, 0x39, 0xe5, 0x93, 0x3f, 0xa4, 0x91, 0x7e,
  0x9a, 0x9e, 0xa3, 0xb0, 0xb0, 0xb0, 0xc1, 0xc1, 0xc1, 0xd0, 0xd0, 0xd0,
  0xdd, 0xdd, 0xdd, 0xe7, 0xe7, 0xe7, 0xee, 0xee, 0xee, 0xf3, 0xf3, 0xf3,
  0xf6, 0xf6, 0xf6, 0xf9, 0xf9, 0xf9, 0xfb, 0xfb, 0xfb, 0xfc, 0xfc, 0xfc,
  0xfd, 0xfd, 0xfd, 0xfe, 0xfe, 0xfe, 0xfe, 0xfe, 0xfe, 0xfe, 0xfe, 0xfe,
  0xff, 0xff, 0xff, 0xff, 0xff, 0xff, 0xff, 0xff, 0xff, 0xff, 0xff, 0xff,
  0xff, 0xff, 0xff, 0xff, 0xff, 0xff, 0xff, 0xff, 0xff, 0xff, 0xff, 0xff,
  0xff, 0xff, 0xff, 0xff, 0xff, 0xff, 0xff, 0xff, 0xff, 0xff, 0xff, 0xff,
  0xeb, 0xeb, 0xeb, 0x14, 0x14, 0x14, 0x00, 0x00, 0x00, 0x00, 0x00, 0x00,
  0x00, 0x00, 0x00, 0x00, 0x00, 0x00, 0x00, 0x00, 0x00, 0x00, 0x00, 0x00,
  0x00, 0x00, 0x00, 0x00, 0x00, 0x00, 0x14, 0x14, 0x14, 0xeb, 0xeb, 0xeb,
  0xff, 0xff, 0xff, 0xff, 0xff, 0xff, 0xff, 0xff, 0xff, 0xff, 0xff, 0xff,
  0xff, 0xff, 0xff, 0xff, 0xff, 0xff, 0xff, 0xff, 0xff, 0xff, 0xff, 0xff,
  0xff, 0xff, 0xff, 0xff, 0xff, 0xff, 0xff, 0xff, 0xff, 0xfe, 0xfe, 0xfe,
  0xfe, 0xfe, 0xfe, 0xfe, 0xfe, 0xfe, 0xfd, 0xfd, 0xfd, 0xfc, 0xfc, 0xfc,
  0xfb, 0xfb, 0xfb, 0xf9, 0xf9, 0xf9, 0xf6, 0xf6, 0xf6, 0xf3, 0xf3, 0xf3,
  0xee, 0xee, 0xee, 0xe7, 0xe7, 0xe7, 0xdd, 0xdd, 0xdd, 0xd0, 0xd0, 0xd0,
  0xc1, 0xc1, 0xc1, 0xb0, 0xb0, 0xb0, 0x99, 0x9d, 0xa1, 0xa6, 0x96, 0x83,
  0xed, 0xa8, 0x55, 0xfb, 0xad, 0x51, 0xf9, 0xad, 0x53, 0xf7, 0xac, 0x53,
  0xf3, 0xa8, 0x51, 0xec, 0xa4, 0x4f, 0xe4, 0x9e, 0x4c, 0xd8, 0x95, 0x48,
  0xc8, 0x87, 0x3c, 0xce, 0xa2, 0x70, 0xfe, 0xff, 0xff, 0xfd, 0xfd, 0xfd,
  0xfd, 0xfd, 0xfd, 0xfd, 0xfd, 0xfd, 0xfd, 0xfd, 0xfd, 0xfd, 0xfd, 0xfd,
  0xfd, 0xfd, 0xfd, 0xfd, 0xfd, 0xfd, 0xfd, 0xfd, 0xfd, 0xfd, 0xfd, 0xfd,
  0xfd, 0xfd, 0xfd, 0xfd, 0xfd, 0xfd, 0xfd, 0xfd, 0xfd, 0xfd, 0xfd, 0xfd,
  0xfd, 0xfd, 0xfd, 0xfd, 0xfd, 0xfd, 0xfd, 0xfd, 0xfd, 0xfd, 0xfd, 0xfd,
  0xfd, 0xfd, 0xfd, 0xfd, 0xfd, 0xfd, 0xfd, 0xfd, 0xfd, 0xfd, 0xfd, 0xfd,
  0xfd, 0xfd, 0xfd, 0xfd, 0xfd, 0xfd, 0xfd, 0xfd, 0xfd, 0xfd, 0xfd, 0xfc,
  0xfd, 0xfd, 0xfc, 0xfe, 0xff, 0xff, 0xff, 0xff, 0xff, 0xf3, 0xe1, 0xcd,
  0xe0, 0xa8, 0x6a, 0xd9, 0x8c, 0x38, 0xdf, 0x91, 0x3c, 0xe4, 0x96, 0x41,
  0xe8, 0x98, 0x42, 0xeb, 0x9a, 0x42, 0xee, 0x9c, 0x42, 0xf0, 0x9c, 0x42,
  0xf2, 0x9d, 0x42, 0xf3, 0x9d, 0x41, 0xf4, 0x9d, 0x41, 0xf5, 0x9e, 0x40,
  0xf5, 0x9e, 0x3f, 0xf5, 0x9d, 0x3f, 0xf6, 0x9c, 0x40, 0xf5, 0x9c, 0x3f,
  0xf5, 0x9b, 0x3e, 0xf4, 0x9a, 0x3d, 0xf4, 0x98, 0x39, 0xe6, 0x94, 0x3f,
  0xa5, 0x92, 0x7e, 0x9a, 0x9e, 0xa3, 0xb0, 0xb0, 0xb0, 0xc1, 0xc1, 0xc1,
  0xd0, 0xd0, 0xd0, 0xdd, 0xdd, 0xdd, 0xe7, 0xe7, 0xe7, 0xee, 0xee, 0xee,
  0xf3, 0xf3, 0xf3, 0xf6, 0xf6, 0xf6, 0xf9, 0xf9, 0xf9, 0xfb, 0xfb, 0xfb,
  0xfc, 0xfc, 0xfc, 0xfd, 0xfd, 0xfd, 0xfe, 0xfe, 0xfe, 0xfe, 0xfe, 0xfe,
  0xfe, 0xfe, 0xfe, 0xff, 0xff, 0xff, 0xff, 0xff, 0xff, 0xff, 0xff, 0xff,
  0xff, 0xff, 0xff, 0xff, 0xff, 0xff, 0xff, 0xff, 0xff, 0xff, 0xff, 0xff,
  0xff, 0xff, 0xff, 0xff, 0xff, 0xff, 0xff, 0xff, 0xff, 0xff, 0xff, 0xff,
  0xeb, 0xeb, 0xeb, 0x14, 0x14, 0x14, 0x00, 0x00, 0x00, 0x00, 0x00, 0x00,
  0x00, 0x00, 0x00, 0x00, 0x00, 0x00, 0x00, 0x00, 0x00, 0x00, 0x00, 0x00,
  0x00, 0x00, 0x00, 0x00, 0x00, 0x00, 0x14, 0x14, 0x14, 0xeb, 0xeb, 0xeb,
  0xff, 0xff, 0xff, 0xff, 0xff, 0xff, 0xff, 0xff, 0xff, 0xff, 0xff, 0xff,
  0xff, 0xff, 0xff, 0xff, 0xff, 0xff, 0xff, 0xff, 0xff, 0xff, 0xff, 0xff,
  0xff, 0xff, 0xff, 0xff, 0xff, 0xff, 0xfe, 0xfe, 0xfe, 0xfe, 0xfe, 0xfe,
  0xfe, 0xfe, 0xfe, 0xfd, 0xfd, 0xfd, 0xfc, 0xfc, 0xfc, 0xfb, 0xfb, 0xfb,
  0xf9, 0xf9, 0xf9, 0xf6, 0xf6, 0xf6, 0xf3, 0xf3, 0xf3, 0xee, 0xee, 0xee,
  0xe7, 0xe7, 0xe7, 0xdd, 0xdd, 0xdd, 0xd0, 0xd0, 0xd0, 0xc1, 0xc1, 0xc1,
  0xb0, 0xb0, 0xb0, 0x9a, 0x9d, 0xa2, 0xa6, 0x96, 0x83, 0xee, 0xa8, 0x56,
  0xfc, 0xae, 0x52, 0xfb, 0xaf, 0x54, 0xfa, 0xae, 0x54, 0xf7, 0xac, 0x53,
  0xf3, 0xa9, 0x51, 0xec, 0xa4, 0x4f, 0xe4, 0x9e, 0x4c, 0xd8, 0x96, 0x48,
  0xc8, 0x88, 0x3d, 0xce, 0xa3, 0x70, 0xfe, 0xff, 0xff, 0xfe, 0xfd, 0xfd,
  0xfd, 0xfd, 0xfd, 0xfd, 0xfd, 0xfd, 0xfd, 0xfd, 0xfd, 0xfd, 0xfd, 0xfd,
  0xfd, 0xfd, 0xfd, 0xfd, 0xfd, 0xfd, 0xfd, 0xfd, 0xfd, 0xfd, 0xfd, 0xfd,
  0xfd, 0xfd, 0xfd, 0xfd, 0xfd, 0xfd, 0xfd, 0xfd, 0xfd, 0xfd, 0xfd, 0xfd,
  0xfd, 0xfd, 0xfd, 0xfd, 0xfd, 0xfd, 0xfd, 0xfd, 0xfd, 0xfd, 0xfd, 0xfd,
  0xfd, 0xfd, 0xfd, 0xfd, 0xfd, 0xfd, 0xfd, 0xfd, 0xfd, 0xfd, 0xfd, 0xfd,
  0xfd, 0xfd, 0xfd, 0xfd, 0xfd, 0xfd, 0xfd, 0xfd, 0xfd, 0xfe, 0xff, 0xff,
  0xff, 0xff, 0xff, 0xf7, 0xed, 0xe0, 0xe4, 0xb5, 0x80, 0xd9, 0x90, 0x3e,
  0xde, 0x90, 0x3a, 0xe4, 0x98, 0x42, 0xe8, 0x9a, 0x44, 0xeb, 0x9c, 0x44,
  0xee, 0x9d, 0x44, 0xf1, 0x9e, 0x44, 0xf3, 0x9f, 0x45, 0xf4, 0x9f, 0x44,
  0xf5, 0x9f, 0x44, 0xf5, 0x9f, 0x43, 0xf6, 0x9f, 0x42, 0xf7, 0x9f, 0x41,
  0xf7, 0x9f, 0x41, 0xf7, 0x9e, 0x40, 0xf6, 0x9d, 0x40, 0xf6, 0x9d, 0x40,
  0xf6, 0x9c, 0x40, 0xf6, 0x9c, 0x3e, 0xf5, 0x9b, 0x3d, 0xf5, 0x99, 0x39,
  0xe6, 0x94, 0x3f, 0xa5, 0x92, 0x7e, 0x9a, 0x9e, 0xa3, 0xb0, 0xb0, 0xb0,
  0xc1, 0xc1, 0xc1, 0xd0, 0xd0, 0xd0, 0xdd, 0xdd, 0xdd, 0xe7, 0xe7, 0xe7,
  0xee, 0xee, 0xee, 0xf3, 0xf3, 0xf3, 0xf6, 0xf6, 0xf6, 0xf9, 0xf9, 0xf9,
  0xfb, 0xfb, 0xfb, 0xfc, 0xfc, 0xfc, 0xfd, 0xfd, 0xfd, 0xfe, 0xfe, 0xfe,
  0xfe, 0xfe, 0xfe, 0xfe, 0xfe, 0xfe, 0xff, 0xff, 0xff, 0xff, 0xff, 0xff,
  0xff, 0xff, 0xff, 0xff, 0xff, 0xff, 0xff, 0xff, 0xff, 0xff, 0xff, 0xff,
  0xff, 0xff, 0xff, 0xff, 0xff, 0xff, 0xff, 0xff, 0xff, 0xff, 0xff, 0xff,
  0xeb, 0xeb, 0xeb, 0x14, 0x14, 0x14, 0x00, 0x00, 0x00, 0x00, 0x00, 0x00,
  0x00, 0x00, 0x00, 0x00, 0x00, 0x00, 0x00, 0x00, 0x00, 0x00, 0x00, 0x00,
  0x00, 0x00, 0x00, 0x00, 0x00, 0x00, 0x14, 0x14, 0x14, 0xeb, 0xeb, 0xeb,
  0xff, 0xff, 0xff, 0xff, 0xff, 0xff, 0xff, 0xff, 0xff, 0xff, 0xff, 0xff,
  0xff, 0xff, 0xff, 0xff, 0xff, 0xff, 0xff, 0xff, 0xff, 0xff, 0xff, 0xff,
  0xff, 0xff, 0xff, 0xfe, 0xfe, 0xfe, 0xfe, 0xfe, 0xfe, 0xfe, 0xfe, 0xfe,
  0xfd, 0xfd, 0xfd, 0xfc, 0xfc, 0xfc, 0xfb, 0xfb, 0xfb, 0xf9, 0xf9, 0xf9,
  0xf6, 0xf6, 0xf6, 0xf3, 0xf3, 0xf3, 0xee, 0xee, 0xee, 0xe7, 0xe7, 0xe7,
  0xdd, 0xdd, 0xdd, 0xd0, 0xd0, 0xd0, 0xc1, 0xc1, 0xc1, 0xb0, 0xb0, 0xb0,
  0x9a, 0x9d, 0xa2, 0xa7, 0x97, 0x84, 0xee, 0xa8, 0x56, 0xfd, 0xaf, 0x53,
  0xfc, 0xb0, 0x55, 0xfc, 0xb0, 0x55, 0xfa, 0xae, 0x54, 0xf8, 0xac, 0x53,
  0xf3, 0xa9, 0x51, 0xed, 0xa4, 0x4f, 0xe4, 0x9f, 0x4c, 0xd9, 0x97, 0x48,
  0xc9, 0x88, 0x3d, 0xcf, 0xa3, 0x71, 0xff, 0xff, 0xff, 0xfe, 0xfe, 0xfe,
  0xfe, 0xfd, 0xfd, 0xfe, 0xfd, 0xfd, 0xfe, 0xfd, 0xfd, 0xfe, 0xfd, 0xfd,
  0xfe, 0xfd, 0xfd, 0xfe, 0xfd, 0xfd, 0xfe, 0xfd, 0xfd, 0xfe, 0xfd, 0xfd,
  0xfe, 0xfd, 0xfd, 0xfe, 0xfd, 0xfd, 0xfe, 0xfd, 0xfd, 0xfe, 0xfd, 0xfd,
  0xfe, 0xfd, 0xfd, 0xfe, 0xfd, 0xfd, 0xfe, 0xfd, 0xfd, 0xfe, 0xfd, 0xfd,
  0xfe, 0xfd, 0xfd, 0xfe, 0xfd, 0xfd, 0xfe, 0xfd, 0xfd, 0xfe, 0xfd, 0xfd,
  0xfe, 0xfd, 0xfd, 0xfe, 0xfe, 0xfe, 0xff, 0xff, 0xff, 0xfb, 0xf6, 0xf0,
  0xe9, 0xc4, 0x99, 0xdb, 0x96, 0x48, 0xdd, 0x91, 0x3a, 0xe4, 0x98, 0x43,
  0xe8, 0x9b, 0x45, 0xec, 0x9d, 0x45, 0xef, 0x9f, 0x45, 0xf1, 0xa0, 0x46,
  0xf3, 0xa1, 0x47, 0xf4, 0xa1, 0x46, 0xf6, 0xa1, 0x46, 0xf6, 0xa1, 0x46,
  0xf7, 0xa1, 0x45, 0xf7, 0xa1, 0x44, 0xf8, 0xa1, 0x44, 0xf8, 0xa0, 0x43,
  0xf7, 0x9f, 0x42, 0xf7, 0x9f, 0x42, 0xf7, 0x9f, 0x41, 0xf7, 0x9f, 0x40,
  0xf7, 0x9e, 0x40, 0xf7, 0x9d, 0x40, 0xf6, 0x9c, 0x3f, 0xf5, 0x9b, 0x3d,
  0xf5, 0x99, 0x39, 0xe7, 0x94, 0x3f, 0xa5, 0x92, 0x7f, 0x9a, 0x9e, 0xa3,
  0xb0, 0xb0, 0xb0, 0xc1, 0xc1, 0xc1, 0xd0, 0xd0, 0xd0, 0xdd, 0xdd, 0xdd,
  0xe7, 0xe7, 0xe7, 0xee, 0xee, 0xee, 0xf3, 0xf3, 0xf3, 0xf6, 0xf6, 0xf6,
  0xf9, 0xf9, 0xf9, 0xfb, 0xfb, 0xfb, 0xfc, 0xfc, 0xfc, 0xfd, 0xfd, 0xfd,
  0xfe, 0xfe, 0xfe, 0xfe, 0xfe, 0xfe, 0xfe, 0xfe, 0xfe, 0xff, 0xff, 0xff,
  0xff, 0xff, 0xff, 0xff, 0xff, 0xff, 0xff, 0xff, 0xff, 0xff, 0xff, 0xff,
  0xff, 0xff, 0xff, 0xff, 0xff, 0xff, 0xff, 0xff, 0xff, 0xff, 0xff, 0xff,
  0xeb, 0xeb, 0xeb, 0x14, 0x14, 0x14, 0x00, 0x00, 0x00, 0x00, 0x00, 0x00,
  0x00, 0x00, 0x00, 0x00, 0x00, 0x00, 0x00, 0x00, 0x00, 0x00, 0x00, 0x00,
  0x00, 0x00, 0x00, 0x00, 0x00, 0x00, 0x14, 0x14, 0x14, 0xeb, 0xeb, 0xeb,
  0xff, 0xff, 0xff, 0xff, 0xff, 0xff, 0xff, 0xff, 0xff, 0xff, 0xff, 0xff,
  0xff, 0xff, 0xff, 0xff, 0xff, 0xff, 0xff, 0xff, 0xff, 0xff, 0xff, 0xff,
  0xfe, 0xfe, 0xfe, 0xfe, 0xfe, 0xfe, 0xfe, 0xfe, 0xfe, 0xfd, 0xfd, 0xfd,
  0xfc, 0xfc, 0xfc, 0xfb, 0xfb, 0xfb, 0xf9, 0xf9, 0xf9, 0xf6, 0xf6, 0xf6,
  0xf3, 0xf3, 0xf3, 0xee, 0xee, 0xee, 0xe7, 0xe7, 0xe7, 0xdd, 0xdd, 0xdd,
  0xd0, 0xd0, 0xd0, 0xc1, 0xc1, 0xc1, 0xb0, 0xb0, 0xb0, 0x9a, 0x9d, 0xa2,
  0xa7, 0x97, 0x84, 0xef, 0xaa, 0x57, 0xfd, 0xaf, 0x53, 0xfd, 0xb0, 0x56,
  0xfd, 0xb1, 0x56, 0xfc, 0xb0, 0x55, 0xfa, 0xae, 0x54, 0xf8, 0xad, 0x53,
  0xf4, 0xa9, 0x52, 0xed, 0xa5, 0x4f, 0xe5, 0x9f, 0x4d, 0xda, 0x97, 0x49,
  0xca, 0x89, 0x3d, 0xd0, 0xa4, 0x71, 0xff, 0xff, 0xff, 0xfe, 0xfe, 0xfe,
  0xfe, 0xfe, 0xfd, 0xfe, 0xfe, 0xfd, 0xfe, 0xfe, 0xfd, 0xfe, 0xfe, 0xfd,
  0xfe, 0xfe, 0xfd, 0xfe, 0xfe, 0xfd, 0xfe, 0xfe, 0xfd, 0xfe, 0xfe, 0xfd,
  0xfe, 0xfe, 0xfd, 0xfe, 0xfe, 0xfd, 0xfe, 0xfe, 0xfd, 0xfe, 0xfe, 0xfd,
  0xfe, 0xfe, 0xfd, 0xfe, 0xfe, 0xfd, 0xfe, 0xfe, 0xfd, 0xfe, 0xfe, 0xfd,
  0xfe, 0xfe, 0xfd, 0xfe, 0xfe, 0xfd, 0xfe, 0xfe, 0xfd, 0xfe, 0xfe, 0xfe,
  0xff, 0xff, 0xff, 0xfc, 0xfd, 0xff, 0xe9, 0xd1, 0xb6, 0xdb, 0x9b, 0x53,
  0xdc, 0x91, 0x3b, 0xe4, 0x99, 0x43, 0xe9, 0x9d, 0x47, 0xec, 0x9e, 0x47,
  0xef, 0xa0, 0x47, 0xf2, 0xa1, 0x48, 0xf4, 0xa3, 0x48, 0xf5, 0xa3, 0x47,
  0xf6, 0xa3, 0x48, 0xf7, 0xa3, 0x48, 0xf8, 0xa3, 0x47, 0xf8, 0xa3, 0x47,
  0xf9, 0xa3, 0x46, 0xf9, 0xa2, 0x46, 0xf8, 0xa2, 0x45, 0xf8, 0xa1, 0x45,
  0xf8, 0xa0, 0x44, 0xf8, 0xa0, 0x42, 0xf8, 0xa0, 0x42, 0xf8, 0x9f, 0x41,
  0xf7, 0x9f, 0x40, 0xf7, 0x9e, 0x40, 0xf7, 0x9d, 0x40, 0xf7, 0x9d, 0x3f,
  0xf5, 0x9c, 0x3e, 0xf5, 0x99, 0x3a, 0xe7, 0x95, 0x3f, 0xa5, 0x92, 0x7f,
  0x9a, 0x9e, 0xa3, 0xb0, 0xb0, 0xb0, 0xc1, 0xc1, 0xc1, 0xd0, 0xd0, 0xd0,
  0xdd, 0xdd, 0xdd, 0xe7, 0xe7, 0xe7, 0xee, 0xee, 0xee, 0xf3, 0xf3, 0xf3,
  0xf6, 0xf6, 0xf6, 0xf9, 0xf9, 0xf9, 0xfb, 0xfb, 0xfb, 0xfc, 0xfc, 0xfc,
  0xfd, 0xfd, 0xfd, 0xfe, 0xfe, 0xfe, 0xfe, 0xfe, 0xfe, 0xfe, 0xfe, 0xfe,
  0xff, 0xff, 0xff, 0xff, 0xff, 0xff, 0xff, 0xff, 0xff, 0xff, 0xff, 0xff,
  0xff, 0xff, 0xff, 0xff, 0xff, 0xff, 0xff, 0xff, 0xff, 0xff, 0xff, 0xff,
  0xeb, 0xeb, 0xeb, 0x14, 0x14, 0x14, 0x00, 0x00, 0x00, 0x00, 0x00, 0x00,
  0x00, 0x00, 0x00, 0x00, 0x00, 0x00, 0x00, 0x00, 0x00, 0x00, 0x00, 0x00,
  0x00, 0x00, 0x00, 0x00, 0x00, 0x00, 0x14, 0x14, 0x14, 0xeb, 0xeb, 0xeb,
  0xff, 0xff, 0xff, 0xff, 0xff, 0xff, 0xff, 0xff, 0xff, 0xff, 0xff, 0xff,
  0xff, 0xff, 0xff, 0xff, 0xff, 0xff, 0xff, 0xff, 0xff, 0xfe, 0xfe, 0xfe,
  0xfe, 0xfe, 0xfe, 0xfe, 0xfe, 0xfe, 0xfd, 0xfd, 0xfd, 0xfc, 0xfc, 0xfc,
  0xfb, 0xfb, 0xfb, 0xf9, 0xf9, 0xf9, 0xf6, 0xf6, 0xf6, 0xf3, 0xf3, 0xf3,
  0xee, 0xee, 0xee, 0xe7, 0xe7, 0xe7, 0xdd, 0xdd, 0xdd, 0xd0, 0xd0, 0xd0,
  0xc1, 0xc1, 0xc1, 0xb0, 0xb0, 0xb0, 0x9a, 0x9d, 0xa2, 0xa7, 0x97, 0x84,
  0xef, 0xaa, 0x57, 0xfe, 0xb0, 0x54, 0xfd, 0xb1, 0x56, 0xfe, 0xb1, 0x56,
  0xfd, 0xb1, 0x56, 0xfc, 0xb0, 0x55, 0xfa, 0xaf, 0x55, 0xf8, 0xad, 0x54,
  0xf4, 0xaa, 0x52, 0xee, 0xa6, 0x50, 0xe6, 0xa0, 0x4d, 0xdb, 0x98, 0x49,
  0xcb, 0x8a, 0x3e, 0xd1, 0xa5, 0x72, 0xff, 0xff, 0xff, 0xfe, 0xfe, 0xfe,
  0xfe, 0xfe, 0xfe, 0xfe, 0xfe, 0xfe, 0xfe, 0xfe, 0xfe, 0xfe, 0xfe, 0xfe,
  0xfe, 0xfe, 0xfe, 0xfe, 0xfe, 0xfe, 0xfe, 0xfe, 0xfe, 0xfe, 0xfe, 0xfe,
  0xfe, 0xfe, 0xfe, 0xfe, 0xfe, 0xfe, 0xfe, 0xfe, 0xfe, 0xfe, 0xfe, 0xfe,
  0xfe, 0xfe, 0xfe, 0xfe, 0xfe, 0xfe, 0xfe, 0xfe, 0xfe, 0xfe, 0xfe, 0xfe,
  0xfe, 0xfe, 0xfe, 0xfe, 0xfe, 0xfe, 0xff, 0xff, 0xff, 0xff, 0xff, 0xff,
  0xef, 0xef, 0xee, 0xcd, 0xcf, 0xd1, 0xc0, 0xaf, 0x9b, 0xd8, 0x95, 0x48,
  0xe6, 0x9a, 0x43, 0xec, 0xa0, 0x4a, 0xf0, 0xa2, 0x4a, 0xf2, 0xa3, 0x4a,
  0xf4, 0xa4, 0x4a, 0xf6, 0xa5, 0x4a, 0xf7, 0xa5, 0x4a, 0xf8, 0xa5, 0x49,
  0xf8, 0xa5, 0x48, 0xf9, 0xa5, 0x48, 0xfa, 0xa5, 0x48, 0xfa, 0xa4, 0x49,
  0xf9, 0xa4, 0x48, 0xf9, 0xa3, 0x47, 0xf9, 0xa3, 0x47, 0xf9, 0xa2, 0x46,
  0xf9, 0xa2, 0x45, 0xf9, 0xa2, 0x44, 0xf8, 0xa1, 0x43, 0xf8, 0xa0, 0x42,
  0xf8, 0xa0, 0x41, 0xf8, 0x9f, 0x40, 0xf7, 0x9e, 0x40, 0xf7, 0x9e, 0x40,
  0xf7, 0x9d, 0x40, 0xf5, 0x9c, 0x3e, 0xf5, 0x9a, 0x3a, 0xe7, 0x95, 0x40,
  0xa5, 0x92, 0x7f, 0x9a, 0x9e, 0xa3, 0xb0, 0xb0, 0xb0, 0xc1, 0xc1, 0xc1,
  0xd0, 0xd0, 0xd0, 0xdd, 0xdd, 0xdd, 0xe7, 0xe7, 0xe7, 0xee, 0xee, 0xee,
  0xf3, 0xf3, 0xf3, 0xf6, 0xf6, 0xf6, 0xf9, 0xf9, 0xf9, 0xfb, 0xfb, 0xfb,
  0xfc, 0xfc, 0xfc, 0xfd, 0xfd, 0xfd, 0xfe, 0xfe, 0xfe, 0xfe, 0xfe, 0xfe,
  0xfe, 0xfe, 0xfe, 0xff, 0xff, 0xff, 0xff, 0xff, 0xff, 0xff, 0xff, 0xff,
  0xff, 0xff, 0xff, 0xff, 0xff, 0xff, 0xff, 0xff, 0xff, 0xff, 0xff, 0xff,
  0xeb, 0xeb, 0xeb, 0x14, 0x14, 0x14, 0x00, 0x00, 0x00, 0x00, 0x00, 0x00,
  0x00, 0x00, 0x00, 0x00, 0x00, 0x00, 0x00, 0x00, 0x00, 0x00, 0x00, 0x00,
  0x00, 0x00, 0x00, 0x00, 0x00, 0x00, 0x14, 0x14, 0x14, 0xeb, 0xeb, 0xeb,
  0xff, 0xff, 0xff, 0xff, 0xff, 0xff, 0xff, 0xff, 0xff, 0xff, 0xff, 0xff,
  0xff, 0xff, 0xff, 0xff, 0xff, 0xff, 0xfe, 0xfe, 0xfe, 0xfe, 0xfe, 0xfe,
  0xfe, 0xfe, 0xfe, 0xfd, 0xfd, 0xfd, 0xfc, 0xfc, 0xfc, 0xfb, 0xfb, 0xfb,
  0xf9, 0xf9, 0xf9, 0xf6, 0xf6, 0xf6, 0xf3, 0xf3, 0xf3, 0xee, 0xee, 0xee,
  0xe7, 0xe7, 0xe7, 0xdd, 0xdd, 0xdd, 0xd0, 0xd0, 0xd0, 0xc1, 0xc1, 0xc1,
  0xb0, 0xb0, 0xb0, 0x9a, 0x9d, 0xa2, 0xa7, 0x97, 0x84, 0xef, 0xaa, 0x58,
  0xfe, 0xb1, 0x54, 0xfe, 0xb2, 0x56, 0xfe, 0xb2, 0x56, 0xfe, 0xb1, 0x56,
  0xfd, 0xb1, 0x56, 0xfc, 0xb1, 0x55, 0xfb, 0xaf, 0x55, 0xf8, 0xad, 0x54,
  0xf5, 0xaa, 0x53, 0xef, 0xa6, 0x50, 0xe7, 0xa1, 0x4e, 0xdd, 0x99, 0x4a,
  0xcd, 0x8c, 0x3e, 0xd2, 0xa6, 0x72, 0xff, 0xff, 0xff, 0xfe, 0xfe, 0xfe,
  0xfe, 0xfe, 0xfe, 0xfe, 0xfe, 0xfe, 0xfe, 0xfe, 0xfe, 0xfe, 0xfe, 0xfe,
  0xfe, 0xfe, 0xfe, 0xfe, 0xfe, 0xfe, 0xfe, 0xfe, 0xfe, 0xfe, 0xfe, 0xfe,
  0xfe, 0xfe, 0xfe, 0xfe, 0xfe, 0xfe, 0xfe, 0xfe, 0xfe, 0xfe, 0xfe, 0xfe,
  0xfe, 0xfe, 0xfe, 0xfe, 0xfe, 0xfe, 0xfe, 0xfe, 0xfe, 0xfe, 0xfe, 0xfe,
  0xff, 0xff, 0xff, 0xff, 0xff, 0xff, 0xf6, 0xf6, 0xf6, 0xdf, 0xdf, 0xdf,
  0xd0, 0xd0, 0xd0, 0xd0, 0xd0, 0xd0, 0xce, 0xd1, 0xd5, 0xcf, 0xbf, 0xae,
  0xe4, 0x9f, 0x50, 0xef, 0xa0, 0x46, 0xf4, 0xa6, 0x4d, 0xf7, 0xa7, 0x4c,
  0xf8, 0xa7, 0x4b, 0xf9, 0xa7, 0x4c, 0xfa, 0xa7, 0x4b, 0xfa, 0xa7, 0x4a,
  0xfa, 0xa7, 0x4a, 0xfb, 0xa7, 0x49, 0xfb, 0xa6, 0x49, 0xfa, 0xa5, 0x49,
  0xfa, 0xa5, 0x49, 0xfa, 0xa5, 0x48, 0xfa, 0xa4, 0x47, 0xfa, 0xa4, 0x47,
  0xfa, 0xa3, 0x46, 0xf9, 0xa2, 0x45, 0xf9, 0xa2, 0x45, 0xf9, 0xa1, 0x43,
  0xf8, 0xa1, 0x42, 0xf8, 0xa0, 0x42, 0xf8, 0x9f, 0x41, 0xf7, 0x9f, 0x40,
  0xf7, 0x9e, 0x40, 0xf7, 0x9d, 0x40, 0xf6, 0x9c, 0x3f, 0xf5, 0x9a, 0x3a,
  0xe7, 0x95, 0x40, 0xa5, 0x93, 0x7f, 0x9a, 0x9e, 0xa3, 0xb0, 0xb0, 0xb0,
  0xc1, 0xc1, 0xc1, 0xd0, 0xd0, 0xd0, 0xdd, 0xdd, 0xdd, 0xe7, 0xe7, 0xe7,
  0xee, 0xee, 0xee, 0xf3, 0xf3, 0xf3, 0xf6, 0xf6, 0xf6, 0xf9, 0xf9, 0xf9,
  0xfb, 0xfb, 0xfb, 0xfc, 0xfc, 0xfc, 0xfd, 0xfd, 0xfd, 0xfe, 0xfe, 0xfe,
  0xfe, 0xfe, 0xfe, 0xfe, 0xfe, 0xfe, 0xff, 0xff, 0xff, 0xff, 0xff, 0xff,
  0xff, 0xff, 0xff, 0xff, 0xff, 0xff, 0xff, 0xff, 0xff, 0xff, 0xff, 0xff,
  0xeb, 0xeb, 0xeb, 0x14, 0x14, 0x14, 0x00, 0x00, 0x00, 0x00, 0x00, 0x00,
  0x00, 0x00, 0x00, 0x00, 0x00, 0x00, 0x00, 0x00, 0x00, 0x00, 0x00, 0x00,
  0x00, 0x00, 0x00, 0x00, 0x00, 0x00, 0x14, 0x14, 0x14, 0xeb, 0xeb, 0xeb,
  0xff, 0xff, 0xff, 0xff, 0xff, 0xff, 0xff, 0xff, 0xff, 0xff, 0xff, 0xff,
  0xff, 0xff, 0xff, 0xfe, 0xfe, 0xfe, 0xfe, 0xfe, 0xfe, 0xfe, 0xfe, 0xfe,
  0xfd, 0xfd, 0xfd, 0xfc, 0xfc, 0xfc, 0xfb, 0xfb, 0xfb, 0xf9, 0xf9, 0xf9,
  0xf6, 0xf6, 0xf6, 0xf3, 0xf3, 0xf3, 0xee, 0xee, 0xee, 0xe7, 0xe7, 0xe7,
  0xdd, 0xdd, 0xdd, 0xd0, 0xd0, 0xd0, 0xc1, 0xc1, 0xc1, 0xb0, 0xb0, 0xb0,
  0x9a, 0x9d, 0xa2, 0xa7, 0x98, 0x84, 0xef, 0xab, 0x58, 0xfe, 0xb1, 0x54,
  0xfe, 0xb2, 0x57, 0xff, 0xb3, 0x57, 0xfe, 0xb2, 0x56, 0xfe, 0xb1, 0x56,
  0xfd, 0xb1, 0x56, 0xfd, 0xb1, 0x55, 0xfb, 0xaf, 0x55, 0xf9, 0xae, 0x54,
  0xf5, 0xab, 0x53, 0xf0, 0xa8, 0x51, 0xe9, 0xa2, 0x4f, 0xdf, 0x9b, 0x4b,
  0xd0, 0x8e, 0x3f, 0xd5, 0xa8, 0x73, 0xff, 0xff, 0xff, 0xff, 0xff, 0xff,
  0xfe, 0xfe, 0xfe, 0xfe, 0xfe, 0xfe, 0xfe, 0xfe, 0xfe, 0xfe, 0xfe, 0xfe,
  0xfe, 0xfe, 0xfe, 0xfe, 0xfe, 0xfe, 0xfe, 0xfe, 0xfe, 0xfe, 0xfe, 0xfe,
  0xfe, 0xfe, 0xfe, 0xfe, 0xfe, 0xfe, 0xfe, 0xfe, 0xfe, 0xfe, 0xfe, 0xfe,
  0xfe, 0xfe, 0xfe, 0xfe, 0xfe, 0xfe, 0xff, 0xff, 0xff, 0xff, 0xff, 0xff,
  0xfa, 0xfa, 0xfa, 0xe6, 0xe6, 0xe6, 0xd8, 0xd8, 0xd8, 0xda, 0xda, 0xda,
  0xe0, 0xe0, 0xe0, 0xe0, 0xe0, 0xe0, 0xde, 0xde, 0xde, 0xd7, 0xdb, 0xdf,
  0xd6, 0xc6, 0xb4, 0xeb, 0xa4, 0x52, 0xf5, 0xa4, 0x48, 0xf9, 0xa8, 0x4e,
  0xfa, 0xa9, 0x4d, 0xfb, 0xaa, 0x4c, 0xfb, 0xa9, 0x4c, 0xfc, 0xa9, 0x4c,
  0xfc, 0xa8, 0x4b, 0xfb, 0xa8, 0x4b, 0xfb, 0xa7, 0x4a, 0xfb, 0xa7, 0x49,
  0xfb, 0xa6, 0x49, 0xfb, 0xa6, 0x49, 0xfb, 0xa5, 0x49, 0xfa, 0xa5, 0x48,
  0xfa, 0xa4, 0x47, 0xfa, 0xa3, 0x46, 0xf9, 0xa3, 0x45, 0xf9, 0xa2, 0x45,
  0xf9, 0xa1, 0x44, 0xf8, 0xa1, 0x42, 0xf8, 0xa0, 0x42, 0xf8, 0x9f, 0x41,
  0xf7, 0x9f, 0x40, 0xf7, 0x9e, 0x40, 0xf7, 0x9e, 0x40, 0xf6, 0x9c, 0x3f,
  0xf5, 0x9a, 0x3a, 0xe7, 0x95, 0x40, 0xa5, 0x93, 0x7f, 0x9a, 0x9e, 0xa3,
  0xb0, 0xb0, 0xb0, 0xc1, 0xc1, 0xc1, 0xd0, 0xd0, 0xd0, 0xdd, 0xdd, 0xdd,
  0xe7, 0xe7, 0xe7, 0xee, 0xee, 0xee, 0xf3, 0xf3, 0xf3, 0xf6, 0xf6, 0xf6,
  0xf9, 0xf9, 0xf9, 0xfb, 0xfb, 0xfb, 0xfc, 0xfc, 0xfc, 0xfd, 0xfd, 0xfd,
  0xfe, 0xfe, 0xfe, 0xfe, 0xfe, 0xfe, 0xfe, 0xfe, 0xfe, 0xff, 0xff, 0xff,
  0xff, 0xff, 0xff, 0xff, 0xff, 0xff, 0xff, 0xff, 0xff, 0xff, 0xff, 0xff,
  0xeb, 0xeb, 0xeb, 0x14, 0x14, 0x14, 0x00, 0x00, 0x00, 0x00, 0x00, 0x00,
  0x00, 0x00, 0x00, 0x00, 0x00, 0x00, 0x00, 0x00, 0x00, 0x00, 0x00, 0x00,
  0x00, 0x00, 0x00, 0x00, 0x00, 0x00, 0x14, 0x14, 0x14, 0xeb, 0xeb, 0xeb,
  0xff, 0xff, 0xff, 0xff, 0xff, 0xff, 0xff, 0xff, 0xff, 0xff, 0xff, 0xff,
  0xff, 0xff, 0xff, 0xfe, 0xfe, 0xfe, 0xfe, 0xfe, 0xfe, 0xfd, 0xfd, 0xfd,
  0xfc, 0xfc, 0xfc, 0xfb, 0xfb, 0xfb, 0xf9, 0xf9, 0xf9, 0xf6, 0xf6, 0xf6,
  0xf3, 0xf3, 0xf3, 0xee, 0xee, 0xee, 0xe7, 0xe7, 0xe7, 0xdd, 0xdd, 0xdd,
  0xd1, 0xd1, 0xd1, 0xc1, 0xc1, 0xc1, 0xb0, 0xb0, 0xb0, 0x9a, 0x9d, 0xa2,
  0xa7, 0x98, 0x85, 0xef, 0xab, 0x58, 0xfe, 0xb2, 0x55, 0xfe, 0xb3, 0x58,
  0xff, 0xb3, 0x58, 0xff, 0xb3, 0x57, 0xfe, 0xb3, 0x57, 0xfe, 0xb2, 0x57,
  0xfe, 0xb1, 0x56, 0xfd, 0xb1, 0x55, 0xfc, 0xb0, 0x55, 0xf9, 0xaf, 0x54,
  0xf6, 0xac, 0x53, 0xf1, 0xa9, 0x52, 0xeb, 0xa4, 0x4f, 0xe1, 0x9d, 0x4c,
  0xd3, 0x90, 0x41, 0xd8, 0xaa, 0x74, 0xff, 0xff, 0xff, 0xff, 0xff, 0xff,
  0xff, 0xff, 0xff, 0xff, 0xff, 0xff, 0xff, 0xff, 0xff, 0xff, 0xff, 0xff,
  0xff, 0xff, 0xff, 0xff, 0xff, 0xff, 0xff, 0xff, 0xff, 0xff, 0xff, 0xff,
  0xff, 0xff, 0xff, 0xff, 0xff, 0xff, 0xff, 0xff, 0xff, 0xff, 0xff, 0xff,
  0xff, 0xff, 0xff, 0xff, 0xff, 0xff, 0xfd, 0xfd, 0xfd, 0xec, 0xec, 0xec,
  0xdb, 0xdb, 0xdb, 0xdb, 0xdb, 0xdb, 0xe2, 0xe2, 0xe2, 0xe7, 0xe7, 0xe7,
  0xe9, 0xe9, 0xe9, 0xea, 0xea, 0xea, 0xe9, 0xe9, 0xe9, 0xe6, 0xe6, 0xe5,
  0xdd, 0xe0, 0xe5, 0xdb, 0xca, 0xb8, 0xef, 0xa6, 0x54, 0xf9, 0xa6, 0x49,
  0xfb, 0xab, 0x4e, 0xfd, 0xab, 0x4e, 0xfd, 0xaa, 0x4e, 0xfc, 0xaa, 0x4d,
  0xfc, 0xa9, 0x4d, 0xfc, 0xa9, 0x4c, 0xfc, 0xa9, 0x4b, 0xfc, 0xa8, 0x4b,
  0xfc, 0xa7, 0x4a, 0xfb, 0xa7, 0x49, 0xfb, 0xa6, 0x49, 0xfb, 0xa6, 0x49,
  0xfa, 0xa5, 0x48, 0xfa, 0xa4, 0x47, 0xfa, 0xa4, 0x47, 0xf9, 0xa3, 0x46,
  0xf9, 0xa2, 0x45, 0xf9, 0xa2, 0x44, 0xf9, 0xa1, 0x43, 0xf8, 0xa0, 0x42,
  0xf8, 0xa0, 0x42, 0xf8, 0x9f, 0x41, 0xf7, 0x9e, 0x40, 0xf7, 0x9e, 0x40,
  0xf6, 0x9d, 0x40, 0xf5, 0x9a, 0x3a, 0xe7, 0x95, 0x40, 0xa5, 0x93, 0x7f,
  0x9a, 0x9e, 0xa3, 0xb0, 0xb0, 0xb0, 0xc1, 0xc1, 0xc1, 0xd1, 0xd1, 0xd1,
  0xdd, 0xdd, 0xdd, 0xe7, 0xe7, 0xe7, 0xee, 0xee, 0xee, 0xf3, 0xf3, 0xf3,
  0xf6, 0xf6, 0xf6, 0xf9, 0xf9, 0xf9, 0xfb, 0xfb, 0xfb, 0xfc, 0xfc, 0xfc,
  0xfd, 0xfd, 0xfd, 0xfe, 0xfe, 0xfe, 0xfe, 0xfe, 0xfe, 0xff, 0xff, 0xff,
  0xff, 0xff, 0xff, 0xff, 0xff, 0xff, 0xff, 0xff, 0xff, 0xff, 0xff, 0xff,
  0xeb, 0xeb, 0xeb, 0x14, 0x14, 0x14, 0x00, 0x00, 0x00, 0x00, 0x00, 0x00,
  0x00, 0x00, 0x00, 0x00, 0x00, 0x00, 0x00, 0x00, 0x00, 0x00, 0x00, 0x00,
  0x00, 0x00, 0x00, 0x00, 0x00, 0x00, 0x14, 0x14, 0x14, 0xeb, 0xeb, 0xeb,
  0xff, 0xff, 0xff, 0xff, 0xff, 0xff, 0xff, 0xff, 0xff, 0xff, 0xff, 0xff,
  0xfe, 0xfe, 0xfe, 0xfe, 0xfe, 0xfe, 0xfd, 0xfd, 0xfd, 0xfc, 0xfc, 0xfc,
  0xfb, 0xfb, 0xfb, 0xf9, 0xf9, 0xf9, 0xf7, 0xf7, 0xf7, 0xf3, 0xf3, 0xf3,
  0xee, 0xee, 0xee, 0xe7, 0xe7, 0xe7, 0xdd, 0xdd, 0xdd, 0xd1, 0xd1, 0xd1,
  0xc1, 0xc1, 0xc1, 0xb1, 0xb1, 0xb0, 0x9a, 0x9d, 0xa2, 0xa7, 0x98, 0x85,
  0xef, 0xab, 0x59, 0xfe, 0xb2, 0x55, 0xfe, 0xb3, 0x58, 0xff, 0xb3, 0x58,
  0xff, 0xb3, 0x58, 0xff, 0xb3, 0x58, 0xff, 0xb3, 0x58, 0xfe, 0xb2, 0x57,
  0xfe, 0xb2, 0x57, 0xfd, 0xb2, 0x56, 0xfc, 0xb1, 0x55, 0xfa, 0xaf, 0x55,
  0xf7, 0xad, 0x54, 0xf3, 0xaa, 0x52, 0xed, 0xa5, 0x50, 0xe5, 0xa0, 0x4d,
  0xd8, 0x94, 0x43, 0xdc, 0xae, 0x76, 0xff, 0xff, 0xff, 0xff, 0xff, 0xff,
  0xff, 0xff, 0xff, 0xff, 0xff, 0xff, 0xff, 0xff, 0xff, 0xff, 0xff, 0xff,
  0xff, 0xff, 0xff, 0xff, 0xff, 0xff, 0xff, 0xff, 0xff, 0xff, 0xff, 0xff,
  0xff, 0xff, 0xff, 0xff, 0xff, 0xff, 0xff, 0xff, 0xff, 0xff, 0xff, 0xff,
  0xff, 0xff, 0xff, 0xf0, 0xf0, 0xf0, 0xdd, 0xdd, 0xdd, 0xda, 0xda, 0xda,
  0xe2, 0xe2, 0xe2, 0xe7, 0xe7, 0xe7, 0xeb, 0xeb, 0xeb, 0xee, 0xee, 0xee,
  0xf1, 0xf1, 0xf1, 0xf1, 0xf1, 0xf1, 0xf1, 0xf1, 0xf1, 0xee, 0xee, 0xee,
  0xe9, 0xe9, 0xe9, 0xdf, 0xe3, 0xe7, 0xdd, 0xcc, 0xb9, 0xf1, 0xa8, 0x54,
  0xfa, 0xa7, 0x49, 0xfc, 0xab, 0x4f, 0xfd, 0xab, 0x4f, 0xfd, 0xab, 0x4e,
  0xfd, 0xaa, 0x4d, 0xfd, 0xaa, 0x4d, 0xfd, 0xaa, 0x4c, 0xfd, 0xa9, 0x4b,
  0xfc, 0xa8, 0x4b, 0xfc, 0xa8, 0x4a, 0xfc, 0xa7, 0x49, 0xfb, 0xa6, 0x49,
  0xfb, 0xa6, 0x49, 0xfb, 0xa5, 0x48, 0xfa, 0xa4, 0x47, 0xfa, 0xa4, 0x47,
  0xfa, 0xa3, 0x46, 0xf9, 0xa3, 0x45, 0xf9, 0xa2, 0x45, 0xf9, 0xa1, 0x44,
  0xf8, 0xa1, 0x42, 0xf8, 0xa0, 0x42, 0xf8, 0x9f, 0x41, 0xf7, 0x9f, 0x40,
  0xf7, 0x9e, 0x40, 0xf6, 0x9d, 0x40, 0xf6, 0x9a, 0x3b, 0xe7, 0x96, 0x41,
  0xa6, 0x93, 0x7f, 0x9a, 0x9f, 0xa3, 0xb1, 0xb1, 0xb0, 0xc1, 0xc1, 0xc1,
  0xd1, 0xd1, 0xd1, 0xdd, 0xdd, 0xdd, 0xe7, 0xe7, 0xe7, 0xee, 0xee, 0xee,
  0xf3, 0xf3, 0xf3, 0xf7, 0xf7, 0xf7, 0xf9, 0xf9, 0xf9, 0xfb, 0xfb, 0xfb,
  0xfc, 0xfc, 0xfc, 0xfd, 0xfd, 0xfd, 0xfe, 0xfe, 0xfe, 0xfe, 0xfe, 0xfe,
  0xff, 0xff, 0xff, 0xff, 0xff, 0xff, 0xff, 0xff, 0xff, 0xff, 0xff, 0xff,
  0xeb, 0xeb, 0xeb, 0x14, 0x14, 0x14, 0x00, 0x00, 0x00, 0x00, 0x00, 0x00,
  0x00, 0x00, 0x00, 0x00, 0x00, 0x00, 0x00, 0x00, 0x00, 0x00, 0x00, 0x00,
  0x00, 0x00, 0x00, 0x00, 0x00, 0x00, 0x14, 0x14, 0x14, 0xeb, 0xeb, 0xeb,
  0xff, 0xff, 0xff, 0xff, 0xff, 0xff, 0xff, 0xff, 0xff, 0xfe, 0xfe, 0xfe,
  0xfe, 0xfe, 0xfe, 0xfe, 0xfe, 0xfe, 0xfc, 0xfc, 0xfc, 0xfb, 0xfb, 0xfb,
  0xfa, 0xfa, 0xfa, 0xf7, 0xf7, 0xf7, 0xf4, 0xf4, 0xf4, 0xef, 0xef, 0xef,
  0xe8, 0xe8, 0xe8, 0xde, 0xde, 0xde, 0xd1, 0xd1, 0xd1, 0xc2, 0xc2, 0xc2,
  0xb1, 0xb1, 0xb1, 0x9a, 0x9e, 0xa2, 0xa8, 0x98, 0x85, 0xef, 0xac, 0x59,
  0xfe, 0xb2, 0x56, 0xfe, 0xb3, 0x58, 0xff, 0xb4, 0x58, 0xff, 0xb4, 0x58,
  0xff, 0xb4, 0x58, 0xff, 0xb3, 0x58, 0xff, 0xb3, 0x58, 0xfe, 0xb2, 0x58,
  0xfe, 0xb2, 0x57, 0xfd, 0xb2, 0x57, 0xfc, 0xb1, 0x55, 0xfb, 0xb0, 0x55,
  0xf8, 0xae, 0x54, 0xf5, 0xab, 0x53, 0xef, 0xa8, 0x51, 0xe8, 0xa2, 0x4f,
  0xde, 0x98, 0x45, 0xdf, 0xad, 0x71, 0xff, 0xff, 0xff, 0xff, 0xff, 0xff,
  0xff, 0xff, 0xff, 0xff, 0xff, 0xff, 0xff, 0xff, 0xff, 0xff, 0xff, 0xff,
  0xff, 0xff, 0xff, 0xff, 0xff, 0xff, 0xff, 0xff, 0xff, 0xff, 0xff, 0xff,
  0xff, 0xff, 0xff, 0xff, 0xff, 0xff, 0xff, 0xff, 0xff, 0xf4, 0xf4, 0xf4,
  0xdf, 0xdf, 0xdf, 0xd8, 0xd8, 0xd8, 0xdf, 0xdf, 0xdf, 0xe7, 0xe7, 0xe7,
  0xeb, 0xeb, 0xeb, 0xef, 0xef, 0xef, 0xf2, 0xf2, 0xf2, 0xf4, 0xf4, 0xf4,
  0xf6, 0xf6, 0xf6, 0xf6, 0xf6, 0xf6, 0xf6, 0xf6, 0xf6, 0xf4, 0xf4, 0xf4,
  0xf1, 0xf1, 0xf1, 0xec, 0xeb, 0xeb, 0xe1, 0xe5, 0xe9, 0xde, 0xcd, 0xbb,
  0xf1, 0xa8, 0x55, 0xfa, 0xa7, 0x4a, 0xfd, 0xab, 0x4f, 0xfe, 0xac, 0x4f,
  0xfe, 0xac, 0x4f, 0xfe, 0xab, 0x4e, 0xfd, 0xab, 0x4d, 0xfd, 0xaa, 0x4c,
  0xfd, 0xa9, 0x4b, 0xfc, 0xa9, 0x4b, 0xfc, 0xa8, 0x4a, 0xfc, 0xa7, 0x49,
  0xfb, 0xa7, 0x49, 0xfb, 0xa6, 0x49, 0xfb, 0xa5, 0x49, 0xfa, 0xa5, 0x48,
  0xfa, 0xa4, 0x47, 0xfa, 0xa3, 0x46, 0xf9, 0xa3, 0x46, 0xf9, 0xa2, 0x45,
  0xf9, 0xa1, 0x44, 0xf8, 0xa1, 0x43, 0xf8, 0xa0, 0x42, 0xf8, 0x9f, 0x41,
  0xf7, 0x9f, 0x40, 0xf7, 0x9e, 0x40, 0xf6, 0x9d, 0x40, 0xf6, 0x9b, 0x3b,
  0xe7, 0x96, 0x41, 0xa6, 0x93, 0x7f, 0x9b, 0x9f, 0xa3, 0xb1, 0xb1, 0xb1,
  0xc2, 0xc2, 0xc2, 0xd1, 0xd1, 0xd1, 0xde, 0xde, 0xde, 0xe8, 0xe8, 0xe8,
  0xef, 0xef, 0xef, 0xf4, 0xf4, 0xf4, 0xf7, 0xf7, 0xf7, 0xfa, 0xfa, 0xfa,
  0xfb, 0xfb, 0xfb, 0xfc, 0xfc, 0xfc, 0xfe, 0xfe, 0xfe, 0xfe, 0xfe, 0xfe,
  0xfe, 0xfe, 0xfe, 0xff, 0xff, 0xff, 0xff, 0xff, 0xff, 0xff, 0xff, 0xff,
  0xeb, 0xeb, 0xeb, 0x14, 0x14, 0x14, 0x00, 0x00, 0x00, 0x00, 0x00, 0x00,
  0x00, 0x00, 0x00, 0x00, 0x00, 0x00, 0x00, 0x00, 0x00, 0x00, 0x00, 0x00,
  0x00, 0x00, 0x00, 0x00, 0x00, 0x00, 0x14, 0x14, 0x14, 0xeb, 0xeb, 0xeb,
  0xff, 0xff, 0xff, 0xff, 0xff, 0xff, 0xff, 0xff, 0xff, 0xfe, 0xfe, 0xfe,
  0xfe, 0xfe, 0xfe, 0xfd, 0xfd, 0xfd, 0xfc, 0xfc, 0xfc, 0xfa, 0xfa, 0xfa,
  0xf8, 0xf8, 0xf8, 0xf4, 0xf4, 0xf4, 0xef, 0xef, 0xef, 0xe8, 0xe8, 0xe8,
  0xde, 0xde, 0xde, 0xd2, 0xd2, 0xd2, 0xc2, 0xc2, 0xc2, 0xb1, 0xb1, 0xb1,
  0x9b, 0x9e, 0xa3, 0xa8, 0x99, 0x86, 0xef, 0xac, 0x59, 0xfe, 0xb3, 0x56,
  0xfe, 0xb4, 0x59, 0xff, 0xb4, 0x59, 0xff, 0xb4, 0x58, 0xff, 0xb4, 0x58,
  0xff, 0xb4, 0x58, 0xff, 0xb4, 0x58, 0xff, 0xb3, 0x58, 0xfe, 0xb3, 0x58,
  0xfe, 0xb2, 0x58, 0xfe, 0xb2, 0x57, 0xfd, 0xb2, 0x56, 0xfb, 0xb0, 0x56,
  0xf9, 0xaf, 0x55, 0xf6, 0xad, 0x53, 0xf2, 0xaa, 0x52, 0xec, 0xa5, 0x50,
  0xe4, 0x9e, 0x4b, 0xdf, 0xa2, 0x59, 0xfc, 0xf7, 0xf1, 0xff, 0xff, 0xff,
  0xff, 0xff, 0xff, 0xff, 0xff, 0xff, 0xff, 0xff, 0xff, 0xff, 0xff, 0xff,
  0xff, 0xff, 0xff, 0xff, 0xff, 0xff, 0xff, 0xff, 0xff, 0xff, 0xff, 0xff,
  0xff, 0xff, 0xff, 0xf8, 0xf8, 0xf8, 0xe2, 0xe2, 0xe2, 0xd6, 0xd6, 0xd6,
  0xdc, 0xdc, 0xdc, 0xe5, 0xe5, 0xe5, 0xea, 0xea, 0xea, 0xee, 0xee, 0xee,
  0xf2, 0xf2, 0xf2, 0xf4, 0xf4, 0xf4, 0xf7, 0xf7, 0xf7, 0xf8, 0xf8, 0xf8,
  0xf9, 0xf9, 0xf9, 0xf9, 0xf9, 0xf9, 0xfa, 0xfa, 0xfa, 0xf8, 0xf8, 0xf8,
  0xf6, 0xf6, 0xf6, 0xf2, 0xf2, 0xf2, 0xec, 0xec, 0xec, 0xe1, 0xe5, 0xe9,
  0xde, 0xce, 0xbb, 0xf2, 0xa9, 0x55, 0xfb, 0xa8, 0x4a, 0xfd, 0xac, 0x4f,
  0xfe, 0xac, 0x4f, 0xfe, 0xac, 0x4f, 0xfe, 0xab, 0x4e, 0xfd, 0xab, 0x4d,
  0xfd, 0xaa, 0x4d, 0xfd, 0xa9, 0x4c, 0xfc, 0xa9, 0x4b, 0xfc, 0xa8, 0x4b,
  0xfc, 0xa8, 0x4a, 0xfb, 0xa7, 0x49, 0xfb, 0xa6, 0x49, 0xfb, 0xa6, 0x49,
  0xfa, 0xa5, 0x48, 0xfa, 0xa4, 0x47, 0xfa, 0xa4, 0x47, 0xfa, 0xa3, 0x46,
  0xf9, 0xa2, 0x45, 0xf9, 0xa2, 0x45, 0xf9, 0xa1, 0x43, 0xf8, 0xa0, 0x42,
  0xf8, 0xa0, 0x42, 0xf8, 0x9f, 0x41, 0xf7, 0x9f, 0x40, 0xf6, 0x9d, 0x40,
  0xf6, 0x9b, 0x3b, 0xe7, 0x96, 0x41, 0xa6, 0x94, 0x80, 0x9b, 0x9f, 0xa4,
  0xb1, 0xb1, 0xb1, 0xc2, 0xc2, 0xc2, 0xd2, 0xd2, 0xd2, 0xde, 0xde, 0xde,
  0xe8, 0xe8, 0xe8, 0xef, 0xef, 0xef, 0xf4, 0xf4, 0xf4, 0xf8, 0xf8, 0xf8,
  0xfa, 0xfa, 0xfa, 0xfc, 0xfc, 0xfc, 0xfd, 0xfd, 0xfd, 0xfe, 0xfe, 0xfe,
  0xfe, 0xfe, 0xfe, 0xff, 0xff, 0xff, 0xff, 0xff, 0xff, 0xff, 0xff, 0xff,
  0xeb, 0xeb, 0xeb, 0x14, 0x14, 0x14, 0x00, 0x00, 0x00, 0x00, 0x00, 0x00,
  0x00, 0x00, 0x00, 0x00, 0x00, 0x00, 0x00, 0x00, 0x00, 0x00, 0x00, 0x00,
  0x00, 0x00, 0x00, 0x00, 0x00, 0x00, 0x14, 0x14, 0x14, 0xeb, 0xeb, 0xeb,
  0xff, 0xff, 0xff, 0xff, 0xff, 0xff, 0xfe, 0xfe, 0xfe, 0xfe, 0xfe, 0xfe,
  0xfd, 0xfd, 0xfd, 0xfc, 0xfc, 0xfc, 0xfb, 0xfb, 0xfb, 0xf8, 0xf8, 0xf8,
  0xf5, 0xf5, 0xf5, 0xf0, 0xf0, 0xf0, 0xe9, 0xe9, 0xe9, 0xe0, 0xe0, 0xe0,
  0xd3, 0xd3, 0xd3, 0xc3, 0xc3, 0xc3, 0xb2, 0xb2, 0xb2, 0x9c, 0x9f, 0xa3,
  0xa9, 0x99, 0x86, 0xef, 0xac, 0x5a, 0xfe, 0xb3, 0x57, 0xfe, 0xb4, 0x5a,
  0xff, 0xb5, 0x5a, 0xff, 0xb4, 0x59, 0xff, 0xb4, 0x59, 0xff, 0xb4, 0x58,
  0xff, 0xb4, 0x58, 0xff, 0xb4, 0x58, 0xff, 0xb4, 0x58, 0xff, 0xb3, 0x58,
  0xfe, 0xb3, 0x58, 0xfe, 0xb2, 0x58, 0xfd, 0xb2, 0x57, 0xfc, 0xb1, 0x56,
  0xfa, 0xb0, 0x55, 0xf8, 0xae, 0x54, 0xf5, 0xac, 0x53, 0xf0, 0xa8, 0x51,
  0xea, 0xa4, 0x4f, 0xe2, 0x9b, 0x46, 0xf0, 0xd2, 0xad, 0xff, 0xff, 0xff,
  0xff, 0xff, 0xff, 0xff, 0xff, 0xff, 0xff, 0xff, 0xff, 0xff, 0xff, 0xff,
  0xff, 0xff, 0xff, 0xff, 0xff, 0xff, 0xff, 0xff, 0xff, 0xfc, 0xfc, 0xfc,
  0xe6, 0xe6, 0xe6, 0xd5, 0xd5, 0xd5, 0xd9, 0xd9, 0xd9, 0xe2, 0xe2, 0xe2,
  0xe8, 0xe8, 0xe8, 0xed, 0xed, 0xed, 0xf1, 0xf1, 0xf1, 0xf4, 0xf4, 0xf4,
  0xf6, 0xf6, 0xf6, 0xf8, 0xf8, 0xf8, 0xfa, 0xfa, 0xfa, 0xfb, 0xfb, 0xfb,
  0xfb, 0xfb, 0xfb, 0xfc, 0xfc, 0xfc, 0xfc, 0xfc, 0xfc, 0xfb, 0xfb, 0xfb,
  0xf9, 0xf9, 0xf9, 0xf7, 0xf7, 0xf7, 0xf3, 0xf3, 0xf3, 0xed, 0xed, 0xed,
  0xe2, 0xe6, 0xea, 0xdf, 0xce, 0xbb, 0xf2, 0xa9, 0x55, 0xfb, 0xa8, 0x4a,
  0xfd, 0xac, 0x4f, 0xfe, 0xac, 0x4f, 0xfe, 0xac, 0x4f, 0xfe, 0xac, 0x4e,
  0xfe, 0xab, 0x4d, 0xfd, 0xaa, 0x4d, 0xfd, 0xaa, 0x4c, 0xfd, 0xa9, 0x4b,
  0xfc, 0xa8, 0x4b, 0xfc, 0xa8, 0x4a, 0xfc, 0xa7, 0x49, 0xfb, 0xa6, 0x49,
  0xfb, 0xa6, 0x49, 0xfb, 0xa5, 0x48, 0xfa, 0xa5, 0x47, 0xfa, 0xa4, 0x47,
  0xfa, 0xa3, 0x46, 0xf9, 0xa3, 0x45, 0xf9, 0xa2, 0x45, 0xf9, 0xa1, 0x44,
  0xf8, 0xa1, 0x42, 0xf8, 0xa0, 0x42, 0xf8, 0x9f, 0x41, 0xf7, 0x9f, 0x40,
  0xf6, 0x9e, 0x40, 0xf6, 0x9b, 0x3c, 0xe7, 0x96, 0x41, 0xa7, 0x94, 0x80,
  0x9c, 0xa0, 0xa5, 0xb2, 0xb2, 0xb2, 0xc3, 0xc3, 0xc3, 0xd3, 0xd3, 0xd3,
  0xe0, 0xe0, 0xe0, 0xe9, 0xe9, 0xe9, 0xf0, 0xf0, 0xf0, 0xf5, 0xf5, 0xf5,
  0xf8, 0xf8, 0xf8, 0xfb, 0xfb, 0xfb, 0xfc, 0xfc, 0xfc, 0xfd, 0xfd, 0xfd,
  0xfe, 0xfe, 0xfe, 0xfe, 0xfe, 0xfe, 0xff, 0xff, 0xff, 0xff, 0xff, 0xff,
  0xeb, 0xeb, 0xeb, 0x14, 0x14, 0x14, 0x00, 0x00, 0x00, 0x00, 0x00, 0x00,
  0x00, 0x00, 0x00, 0x00, 0x00, 0x00, 0x00, 0x00, 0x00, 0x00, 0x00, 0x00,
  0x00, 0x00, 0x00, 0x00, 0x00, 0x00, 0x14, 0x14, 0x14, 0xeb, 0xeb, 0xeb,
  0xff, 0xff, 0xff, 0xff, 0xff, 0xff, 0xfe, 0xfe, 0xfe, 0xfe, 0xfe, 0xfe,
  0xfd, 0xfd, 0xfd, 0xfc, 0xfc, 0xfc, 0xfa, 0xfa, 0xfa, 0xf6, 0xf6, 0xf6,
  0xf2, 0xf2, 0xf2, 0xeb, 0xeb, 0xeb, 0xe1, 0xe1, 0xe1, 0xd4, 0xd4, 0xd4,
  0xc5, 0xc5, 0xc5, 0xb4, 0xb4, 0xb4, 0x9d, 0xa1, 0xa5, 0xaa, 0x9a, 0x87,
  0xef, 0xad, 0x5a, 0xfe, 0xb3, 0x57, 0xfe, 0xb4, 0x5b, 0xff, 0xb5, 0x5a,
  0xff, 0xb5, 0x5a, 0xff, 0xb5, 0x5a, 0xff, 0xb4, 0x59, 0xff, 0xb4, 0x59,
  0xff, 0xb4, 0x58, 0xff, 0xb4, 0x58, 0xff, 0xb4, 0x58, 0xff, 0xb4, 0x58,
  0xfe, 0xb3, 0x58, 0xfe, 0xb2, 0x58, 0xfe, 0xb2, 0x58, 0xfd, 0xb2, 0x57,
  0xfb, 0xb1, 0x56, 0xfa, 0xaf, 0x55, 0xf7, 0xad, 0x54, 0xf4, 0xab, 0x53,
  0xef, 0xa7, 0x51, 0xe9, 0xa2, 0x4d, 0xe5, 0xa2, 0x52, 0xf7, 0xe2, 0xca,
  0xff, 0xff, 0xff, 0xff, 0xff, 0xff, 0xff, 0xff, 0xff, 0xff, 0xff, 0xff,
  0xff, 0xff, 0xff, 0xff, 0xff, 0xff, 0xeb, 0xeb, 0xeb, 0xd5, 0xd5, 0xd5,
  0xd5, 0xd5, 0xd5, 0xdf, 0xdf, 0xdf, 0xe6, 0xe6, 0xe6, 0xeb, 0xeb, 0xeb,
  0xef, 0xef, 0xef, 0xf3, 0xf3, 0xf3, 0xf6, 0xf6, 0xf6, 0xf8, 0xf8, 0xf8,
  0xfa, 0xfa, 0xfa, 0xfb, 0xfb, 0xfb, 0xfc, 0xfc, 0xfc, 0xfd, 0xfd, 0xfd,
  0xfd, 0xfd, 0xfd, 0xfd, 0xfd, 0xfd, 0xfd, 0xfd, 0xfd, 0xfc, 0xfc, 0xfc,
  0xfb, 0xfb, 0xfb, 0xfa, 0xfa, 0xfa, 0xf8, 0xf8, 0xf8, 0xf3, 0xf3, 0xf3,
  0xed, 0xed, 0xed, 0xe2, 0xe6, 0xea, 0xdf, 0xce, 0xbb, 0xf2, 0xa9, 0x55,
  0xfb, 0xa8, 0x4a, 0xfd, 0xac, 0x4f, 0xfe, 0xac, 0x4f, 0xfe, 0xac, 0x4f,
  0xfe, 0xac, 0x4f, 0xfe, 0xab, 0x4e, 0xfd, 0xab, 0x4d, 0xfd, 0xaa, 0x4c,
  0xfd, 0xa9, 0x4b, 0xfc, 0xa9, 0x4b, 0xfc, 0xa8, 0x4a, 0xfc, 0xa7, 0x49,
  0xfb, 0xa7, 0x49, 0xfb, 0xa6, 0x49, 0xfb, 0xa5, 0x49, 0xfa, 0xa5, 0x48,
  0xfa, 0xa4, 0x47, 0xfa, 0xa3, 0x47, 0xf9, 0xa3, 0x46, 0xf9, 0xa2, 0x45,
  0xf9, 0xa1, 0x44, 0xf8, 0xa1, 0x43, 0xf8, 0xa0, 0x42, 0xf8, 0xa0, 0x41,
  0xf7, 0x9f, 0x40, 0xf6, 0x9e, 0x40, 0xf6, 0x9b, 0x3c, 0xe8, 0x97, 0x42,
  0xa8, 0x95, 0x81, 0x9e, 0xa2, 0xa6, 0xb4, 0xb4, 0xb4, 0xc5, 0xc5, 0xc5,
  0xd4, 0xd4, 0xd4, 0xe1, 0xe1, 0xe1, 0xeb, 0xeb, 0xeb, 0xf2, 0xf2, 0xf2,
  0xf6, 0xf6, 0xf6, 0xfa, 0xfa, 0xfa, 0xfc, 0xfc, 0xfc, 0xfd, 0xfd, 0xfd,
  0xfe, 0xfe, 0xfe, 0xfe, 0xfe, 0xfe, 0xff, 0xff, 0xff, 0xff, 0xff, 0xff,
  0xeb, 0xeb, 0xeb, 0x14, 0x14, 0x14, 0x00, 0x00, 0x00, 0x00, 0x00, 0x00,
  0x00, 0x00, 0x00, 0x00, 0x00, 0x00, 0x00, 0x00, 0x00, 0x00, 0x00, 0x00,
  0x00, 0x00, 0x00, 0x00, 0x00, 0x00, 0x14, 0x14, 0x14, 0xeb, 0xeb, 0xeb,
  0xff, 0xff, 0xff, 0xff, 0xff, 0xff, 0xfe, 0xfe, 0xfe, 0xfe, 0xfe, 0xfe,
  0xfd, 0xfd, 0xfd, 0xfb, 0xfb, 0xfb, 0xf8, 0xf8, 0xf8, 0xf4, 0xf4, 0xf4,
  0xed, 0xed, 0xed, 0xe4, 0xe4, 0xe4, 0xd7, 0xd7, 0xd7, 0xc7, 0xc7, 0xc7,
  0xb6, 0xb6, 0xb6, 0x9f, 0xa3, 0xa7, 0xab, 0x9c, 0x89, 0xef, 0xad, 0x5b,
  0xfe, 0xb4, 0x58, 0xfe, 0xb5, 0x5b, 0xff, 0xb5, 0x5b, 0xff, 0xb5, 0x5b,
  0xff, 0xb5, 0x5b, 0xff, 0xb5, 0x5a, 0xff, 0xb5, 0x5a, 0xff, 0xb5, 0x59,
  0xff, 0xb4, 0x59, 0xff, 0xb4, 0x59, 0xff, 0xb4, 0x58, 0xff, 0xb4, 0x58,
  0xff, 0xb4, 0x58, 0xfe, 0xb3, 0x58, 0xfe, 0xb2, 0x58, 0xfe, 0xb2, 0x58,
  0xfc, 0xb2, 0x57, 0xfb, 0xb0, 0x56, 0xf9, 0xaf, 0x55, 0xf7, 0xad, 0x54,
  0xf3, 0xab, 0x52, 0xef, 0xa8, 0x51, 0xeb, 0xa3, 0x4c, 0xe7, 0xa2, 0x50,
  0xf1, 0xcb, 0x9c, 0xfa, 0xed, 0xdc, 0xfd, 0xf5, 0xec, 0xf9, 0xf3, 0xed,
  0xeb, 0xeb, 0xec, 0xd7, 0xd7, 0xd7, 0xd2, 0xd2, 0xd2, 0xdc, 0xdc, 0xdc,
  0xe4, 0xe4, 0xe4, 0xea, 0xea, 0xea, 0xee, 0xee, 0xee, 0xf2, 0xf2, 0xf2,
  0xf5, 0xf5, 0xf5, 0xf7, 0xf7, 0xf7, 0xf9, 0xf9, 0xf9, 0xfb, 0xfb, 0xfb,
  0xfc, 0xfc, 0xfc, 0xfd, 0xfd, 0xfd, 0xfd, 0xfd, 0xfd, 0xfe, 0xfe, 0xfe,
  0xfe, 0xfe, 0xfe, 0xfd, 0xfd, 0xfd, 0xfd, 0xfd, 0xfd, 0xfd, 0xfd, 0xfd,
  0xfd, 0xfd, 0xfd, 0xfc, 0xfc, 0xfc, 0xfa, 0xfa, 0xfa, 0xf8, 0xf8, 0xf8,
  0xf3, 0xf3, 0xf3, 0xed, 0xed, 0xed, 0xe2, 0xe6, 0xea, 0xdf, 0xce, 0xbb,
  0xf2, 0xa9, 0x55, 0xfb, 0xa8, 0x4a, 0xfd, 0xac, 0x4f, 0xfe, 0xac, 0x4f,
  0xfe, 0xac, 0x4f, 0xfe, 0xac, 0x4f, 0xfe, 0xab, 0x4e, 0xfd, 0xab, 0x4d,
  0xfd, 0xaa, 0x4d, 0xfd, 0xaa, 0x4c, 0xfc, 0xa9, 0x4b, 0xfc, 0xa8, 0x4b,
  0xfc, 0xa8, 0x4a, 0xfb, 0xa7, 0x49, 0xfb, 0xa6, 0x49, 0xfb, 0xa6, 0x49,
  0xfb, 0xa5, 0x48, 0xfa, 0xa4, 0x47, 0xfa, 0xa4, 0x47, 0xfa, 0xa3, 0x46,
  0xf9, 0xa2, 0x45, 0xf9, 0xa2, 0x45, 0xf9, 0xa1, 0x43, 0xf8, 0xa0, 0x42,
  0xf8, 0xa0, 0x42, 0xf8, 0x9f, 0x41, 0xf6, 0x9e, 0x40, 0xf6, 0x9b, 0x3c,
  0xe8, 0x97, 0x42, 0xa9, 0x97, 0x83, 0xa0, 0xa4, 0xa8, 0xb6, 0xb6, 0xb6,
  0xc7, 0xc7, 0xc7, 0xd7, 0xd7, 0xd7, 0xe4, 0xe4, 0xe4, 0xed, 0xed, 0xed,
  0xf4, 0xf4, 0xf4, 0xf8, 0xf8, 0xf8, 0xfb, 0xfb, 0xfb, 0xfd, 0xfd, 0xfd,
  0xfe, 0xfe, 0xfe, 0xfe, 0xfe, 0xfe, 0xff, 0xff, 0xff, 0xff, 0xff, 0xff,
  0xeb, 0xeb, 0xeb, 0x14, 0x14, 0x14, 0x00, 0x00, 0x00, 0x00, 0x00, 0x00,
  0x00, 0x00, 0x00, 0x00, 0x00, 0x00, 0x00, 0x00, 0x00, 0x00, 0x00, 0x00,
  0x00, 0x00, 0x00, 0x00, 0x00, 0x00, 0x14, 0x14, 0x14, 0xeb, 0xeb, 0xeb,
  0xff, 0xff, 0xff, 0xfe, 0xfe, 0xfe, 0xfe, 0xfe, 0xfe, 0xfd, 0xfd, 0xfd,
  0xfc, 0xfc, 0xfc, 0xfa, 0xfa, 0xfa, 0xf7, 0xf7, 0xf7, 0xf1, 0xf1, 0xf1,
  0xe8, 0xe8, 0xe8, 0xdb, 0xdb, 0xdb, 0xcb, 0xcb, 0xcb, 0xb9, 0xb9, 0xb9,
  0xa2, 0xa6, 0xaa, 0xad, 0x9e, 0x8b, 0xf0, 0xae, 0x5c, 0xfe, 0xb4, 0x58,
  0xfe, 0xb5, 0x5c, 0xff, 0xb6, 0x5c, 0xff, 0xb6, 0x5c, 0xff, 0xb5, 0x5c,
  0xff, 0xb5, 0x5b, 0xff, 0xb5, 0x5b, 0xff, 0xb5, 0x5a, 0xff, 0xb5, 0x5a,
  0xff, 0xb5, 0x5a, 0xff, 0xb4, 0x59, 0xff, 0xb4, 0x59, 0xff, 0xb4, 0x58,
  0xff, 0xb4, 0x58, 0xfe, 0xb4, 0x58, 0xfe, 0xb3, 0x58, 0xfe, 0xb2, 0x58,
  0xfd, 0xb2, 0x58, 0xfc, 0xb2, 0x57, 0xfb, 0xb0, 0x56, 0xf9, 0xaf, 0x55,
  0xf7, 0xad, 0x54, 0xf4, 0xab, 0x53, 0xf2, 0xa9, 0x52, 0xee, 0xa6, 0x4f,
  0xea, 0xa0, 0x48, 0xe7, 0x9f, 0x4a, 0xe0, 0xa5, 0x5f, 0xce, 0xc1, 0xb2,
  0xcd, 0xcf, 0xd1, 0xd8, 0xd8, 0xd8, 0xe2, 0xe2, 0xe2, 0xe8, 0xe8, 0xe8,
  0xed, 0xed, 0xed, 0xf1, 0xf1, 0xf1, 0xf4, 0xf4, 0xf4, 0xf7, 0xf7, 0xf7,
  0xf9, 0xf9, 0xf9, 0xfa, 0xfa, 0xfa, 0xfc, 0xfc, 0xfc, 0xfc, 0xfc, 0xfc,
  0xfd, 0xfd, 0xfd, 0xfe, 0xfe, 0xfe, 0xfe, 0xfe, 0xfe, 0xfe, 0xfe, 0xfe,
  0xfe, 0xfe, 0xfe, 0xfe, 0xfe, 0xfe, 0xfe, 0xfe, 0xfe, 0xfe, 0xfe, 0xfe,
  0xfe, 0xfe, 0xfe, 0xfd, 0xfd, 0xfd, 0xfc, 0xfc, 0xfc, 0xfa, 0xfa, 0xfa,
  0xf8, 0xf8, 0xf8, 0xf3, 0xf3, 0xf3, 0xed, 0xed, 0xed, 0xe2, 0xe6, 0xea,
  0xdf, 0xce, 0xbc, 0xf3, 0xa9, 0x55, 0xfb, 0xa8, 0x4a, 0xfd, 0xac, 0x4f,
  0xfe, 0xac, 0x4f, 0xfe, 0xac, 0x4f, 0xfe, 0xac, 0x4f, 0xfe, 0xac, 0x4e,
  0xfe, 0xab, 0x4d, 0xfd, 0xaa, 0x4d, 0xfd, 0xaa, 0x4c, 0xfd, 0xa9, 0x4b,
  0xfc, 0xa8, 0x4b, 0xfc, 0xa8, 0x4a, 0xfc, 0xa7, 0x49, 0xfb, 0xa6, 0x49,
  0xfb, 0xa6, 0x49, 0xfb, 0xa5, 0x48, 0xfa, 0xa5, 0x47, 0xfa, 0xa4, 0x47,
  0xfa, 0xa3, 0x46, 0xf9, 0xa3, 0x45, 0xf9, 0xa2, 0x45, 0xf9, 0xa1, 0x44,
  0xf8, 0xa1, 0x42, 0xf8, 0xa0, 0x42, 0xf8, 0x9f, 0x41, 0xf6, 0x9e, 0x40,
  0xf6, 0x9c, 0x3c, 0xe8, 0x97, 0x42, 0xac, 0x99, 0x85, 0xa3, 0xa7, 0xab,
  0xb9, 0xb9, 0xb9, 0xcb, 0xcb, 0xcb, 0xdb, 0xdb, 0xdb, 0xe8, 0xe8, 0xe8,
  0xf1, 0xf1, 0xf1, 0xf7, 0xf7, 0xf7, 0xfa, 0xfa, 0xfa, 0xfc, 0xfc, 0xfc,
  0xfd, 0xfd, 0xfd, 0xfe, 0xfe, 0xfe, 0xfe, 0xfe, 0xfe, 0xff, 0xff, 0xff,
  0xeb, 0xeb, 0xeb, 0x14, 0x14, 0x14, 0x00, 0x00, 0x00, 0x00, 0x00, 0x00,
  0x00, 0x00, 0x00, 0x00, 0x00, 0x00, 0x00, 0x00, 0x00, 0x00, 0x00, 0x00,
  0x00, 0x00, 0x00, 0x00, 0x00, 0x00, 0x14, 0x14, 0x14, 0xeb, 0xeb, 0xeb,
  0xff, 0xff, 0xff, 0xff, 0xff, 0xff, 0xfe, 0xfe, 0xfe, 0xfd, 0xfd, 0xfd,
  0xfc, 0xfc, 0xfc, 0xf9, 0xf9, 0xf9, 0xf5, 0xf5, 0xf5, 0xed, 0xed, 0xed,
  0xe2, 0xe2, 0xe2, 0xd2, 0xd2, 0xd2, 0xc0, 0xc0, 0xc0, 0xa9, 0xac, 0xb0,
  0xb1, 0xa2, 0x8f, 0xf0, 0xae, 0x5c, 0xfe, 0xb4, 0x59, 0xfe, 0xb6, 0x5c,
  0xff, 0xb6, 0x5c, 0xff, 0xb6, 0x5c, 0xff, 0xb6, 0x5c, 0xff, 0xb6, 0x5c,
  0xff, 0xb5, 0x5c, 0xff, 0xb5, 0x5b, 0xff, 0xb5, 0x5b, 0xff, 0xb5, 0x5a,
  0xff, 0xb5, 0x5a, 0xff, 0xb5, 0x5a, 0xff, 0xb4, 0x59, 0xff, 0xb4, 0x59,
  0xff, 0xb4, 0x58, 0xff, 0xb4, 0x58, 0xfe, 0xb4, 0x58, 0xfe, 0xb3, 0x58,
  0xfe, 0xb3, 0x58, 0xfd, 0xb2, 0x58, 0xfc, 0xb2, 0x57, 0xfb, 0xb1, 0x56,
  0xfa, 0xaf, 0x56, 0xf8, 0xae, 0x55, 0xf6, 0xad, 0x54, 0xf3, 0xab, 0x53,
  0xf0, 0xa6, 0x4d, 0xe6, 0xa4, 0x56, 0xd2, 0xc3, 0xb0, 0xd5, 0xd8, 0xdb,
  0xe0, 0xe0, 0xe0, 0xe7, 0xe7, 0xe7, 0xec, 0xec, 0xec, 0xf0, 0xf0, 0xf0,
  0xf4, 0xf4, 0xf4, 0xf6, 0xf6, 0xf6, 0xf8, 0xf8, 0xf8, 0xfa, 0xfa, 0xfa,
  0xfb, 0xfb, 0xfb, 0xfc, 0xfc, 0xfc, 0xfd, 0xfd, 0xfd, 0xfe, 0xfe, 0xfe,
  0xfe, 0xfe, 0xfe, 0xfe, 0xfe, 0xfe, 0xfe, 0xfe, 0xfe, 0xfe, 0xfe, 0xfe,
  0xff, 0xff, 0xff, 0xff, 0xff, 0xff, 0xff, 0xff, 0xff, 0xfe, 0xfe, 0xfe,
  0xfe, 0xfe, 0xfe, 0xfe, 0xfe, 0xfe, 0xfd, 0xfd, 0xfd, 0xfc, 0xfc, 0xfc,
  0xfa, 0xfa, 0xfa, 0xf8, 0xf8, 0xf8, 0xf3, 0xf3, 0xf3, 0xed, 0xed, 0xed,
  0xe2, 0xe6, 0xea, 0xdf, 0xcf, 0xbc, 0xf3, 0xa9, 0x55, 0xfb, 0xa8, 0x4a,
  0xfd, 0xac, 0x4f, 0xfe, 0xad, 0x4f, 0xfe, 0xac, 0x4f, 0xfe, 0xac, 0x4f,
  0xfe, 0xac, 0x4f, 0xfe, 0xab, 0x4e, 0xfd, 0xab, 0x4d, 0xfd, 0xaa, 0x4d,
  0xfd, 0xa9, 0x4c, 0xfc, 0xa9, 0x4b, 0xfc, 0xa8, 0x4a, 0xfc, 0xa7, 0x49,
  0xfb, 0xa7, 0x49, 0xfb, 0xa6, 0x49, 0xfb, 0xa5, 0x49, 0xfa, 0xa5, 0x48,
  0xfa, 0xa4, 0x47, 0xfa, 0xa3, 0x47, 0xf9, 0xa3, 0x46, 0xf9, 0xa2, 0x45,
  0xf9, 0xa2, 0x44, 0xf8, 0xa1, 0x43, 0xf8, 0xa0, 0x42, 0xf8, 0xa0, 0x41,
  0xf7, 0x9f, 0x41, 0xf6, 0x9c, 0x3c, 0xe8, 0x98, 0x43, 0xaf, 0x9d, 0x89,
  0xa9, 0xad, 0xb2, 0xc0, 0xc0, 0xc0, 0xd2, 0xd2, 0xd2, 0xe2, 0xe2, 0xe2,
  0xed, 0xed, 0xed, 0xf5, 0xf5, 0xf5, 0xf9, 0xf9, 0xf9, 0xfc, 0xfc, 0xfc,
  0xfd, 0xfd, 0xfd, 0xfe, 0xfe, 0xfe, 0xff, 0xff, 0xff, 0xff, 0xff, 0xff,
  0xeb, 0xeb, 0xeb, 0x14, 0x14, 0x14, 0x00, 0x00, 0x00, 0x00, 0x00, 0x00,
  0x00, 0x00, 0x00, 0x00, 0x00, 0x00, 0x00, 0x00, 0x00, 0x00, 0x00, 0x00,
  0x00, 0x00, 0x00, 0x00, 0x00, 0x00, 0x14, 0x14, 0x14, 0xeb, 0xeb, 0xeb,
  0xff, 0xff, 0xff, 0xff, 0xff, 0xff, 0xfe, 0xfe, 0xfe, 0xfd, 0xfd, 0xfd,
  0xfc, 0xfc, 0xfc, 0xf9, 0xf9, 0xf9, 0xf3, 0xf3, 0xf3, 0xea, 0xea, 0xea,
  0xdd, 0xdd, 0xdd, 0xcb, 0xcb, 0xcb, 0xb4, 0xb8, 0xbc, 0xb9, 0xaa, 0x97,
  0xf0, 0xaf, 0x5d, 0xfe, 0xb4, 0x59, 0xfe, 0xb6, 0x5c, 0xff, 0xb7, 0x5c,
  0xff, 0xb6, 0x5c, 0xff, 0xb6, 0x5c, 0xff, 0xb6, 0x5c, 0xff, 0xb6, 0x5c,
  0xff, 0xb6, 0x5c, 0xff, 0xb6, 0x5c, 0xff, 0xb5, 0x5b, 0xff, 0xb5, 0x5b,
  0xff, 0xb5, 0x5b, 0xff, 0xb5, 0x5a, 0xff, 0xb5, 0x5a, 0xff, 0xb5, 0x59,
  0xff, 0xb4, 0x59, 0xff, 0xb4, 0x59, 0xff, 0xb4, 0x58, 0xfe, 0xb3, 0x58,
  0xfe, 0xb3, 0x58, 0xfe, 0xb3, 0x58, 0xfe, 0xb2, 0x58, 0xfc, 0xb2, 0x57,
  0xfb, 0xb1, 0x57, 0xfb, 0xb0, 0x56, 0xf9, 0xaf, 0x55, 0xf5, 0xaa, 0x4f,
  0xec, 0xa9, 0x59, 0xd8, 0xc9, 0xb7, 0xdb, 0xde, 0xe2, 0xe5, 0xe5, 0xe5,
  0xeb, 0xeb, 0xeb, 0xf0, 0xf0, 0xf0, 0xf3, 0xf3, 0xf3, 0xf6, 0xf6, 0xf6,
  0xf8, 0xf8, 0xf8, 0xfa, 0xfa, 0xfa, 0xfb, 0xfb, 0xfb, 0xfc, 0xfc, 0xfc,
  0xfd, 0xfd, 0xfd, 0xfe, 0xfe, 0xfe, 0xfe, 0xfe, 0xfe, 0xfe, 0xfe, 0xfe,
  0xfe, 0xfe, 0xfe, 0xfe, 0xfe, 0xfe, 0xff, 0xff, 0xff, 0xff, 0xff, 0xff,
  0xff, 0xff, 0xff, 0xff, 0xff, 0xff, 0xff, 0xff, 0xff, 0xff, 0xff, 0xff,
  0xfe, 0xfe, 0xfe, 0xfe, 0xfe, 0xfe, 0xfe, 0xfe, 0xfe, 0xfd, 0xfd, 0xfd,
  0xfc, 0xfc, 0xfc, 0xfa, 0xfa, 0xfa, 0xf7, 0xf7, 0xf7, 0xf4, 0xf4, 0xf4,
  0xed, 0xed, 0xed, 0xe3, 0xe6, 0xeb, 0xdf, 0xcf, 0xbc, 0xf3, 0xa9, 0x56,
  0xfb, 0xa9, 0x4a, 0xfd, 0xac, 0x4f, 0xfe, 0xad, 0x4f, 0xfe, 0xac, 0x4f,
  0xfe, 0xac, 0x4f, 0xfe, 0xac, 0x4f, 0xfe, 0xac, 0x4e, 0xfd, 0xab, 0x4d,
  0xfd, 0xaa, 0x4d, 0xfd, 0xaa, 0x4c, 0xfc, 0xa9, 0x4b, 0xfc, 0xa8, 0x4b,
  0xfc, 0xa8, 0x4a, 0xfb, 0xa7, 0x49, 0xfb, 0xa6, 0x49, 0xfb, 0xa6, 0x49,
  0xfb, 0xa5, 0x48, 0xfa, 0xa4, 0x47, 0xfa, 0xa4, 0x47, 0xfa, 0xa3, 0x46,
  0xf9, 0xa2, 0x45, 0xf9, 0xa2, 0x45, 0xf9, 0xa1, 0x43, 0xf8, 0xa0, 0x42,
  0xf8, 0xa0, 0x42, 0xf7, 0x9f, 0x41, 0xf6, 0x9c, 0x3c, 0xe9, 0x98, 0x43,
  0xb7, 0xa4, 0x91, 0xb5, 0xb9, 0xbd, 0xcb, 0xcb, 0xcb, 0xdd, 0xdd, 0xdd,
  0xea, 0xea, 0xea, 0xf3, 0xf3, 0xf3, 0xf9, 0xf9, 0xf9, 0xfc, 0xfc, 0xfc,
  0xfd, 0xfd, 0xfd, 0xfe, 0xfe, 0xfe, 0xff, 0xff, 0xff, 0xff, 0xff, 0xff,
  0xeb, 0xeb, 0xeb, 0x14, 0x14, 0x14, 0x00, 0x00, 0x00, 0x00, 0x00, 0x00,
  0x00, 0x00, 0x00, 0x00, 0x00, 0x00, 0x00, 0x00, 0x00, 0x00, 0x00, 0x00,
  0x00, 0x00, 0x00, 0x00, 0x00, 0x00, 0x14, 0x14, 0x14, 0xeb, 0xeb, 0xeb,
  0xff, 0xff, 0xff, 0xff, 0xff, 0xff, 0xfe, 0xfe, 0xfe, 0xfd, 0xfd, 0xfd,
  0xfc, 0xfc, 0xfc, 0xf9, 0xf9, 0xf9, 0xf3, 0xf3, 0xf3, 0xe9, 0xe9, 0xe9,
  0xdb, 0xdb, 0xdb, 0xc7, 0xca, 0xce, 0xc6, 0xb7, 0xa4, 0xf1, 0xb0, 0x5f,
  0xfe, 0xb4, 0x59, 0xfe, 0xb7, 0x5d, 0xff, 0xb7, 0x5d, 0xff, 0xb7, 0x5c,
  0xff, 0xb7, 0x5c, 0xff, 0xb6, 0x5c, 0xff, 0xb6, 0x5c, 0xff, 0xb6, 0x5c,
  0xff, 0xb6, 0x5c, 0xff, 0xb6, 0x5c, 0xff, 0xb6, 0x5c, 0xff, 0xb5, 0x5c,
  0xff, 0xb5, 0x5b, 0xff, 0xb5, 0x5b, 0xff, 0xb5, 0x5a, 0xff, 0xb5, 0x5a,
  0xff, 0xb5, 0x5a, 0xff, 0xb4, 0x59, 0xff, 0xb4, 0x59, 0xff, 0xb4, 0x58,
  0xfe, 0xb4, 0x58, 0xfe, 0xb3, 0x58, 0xfe, 0xb3, 0x58, 0xfe, 0xb3, 0x58,
  0xfd, 0xb2, 0x58, 0xfb, 0xb1, 0x57, 0xf9, 0xad, 0x51, 0xef, 0xac, 0x5b,
  0xdc, 0xcd, 0xbb, 0xdf, 0xe2, 0xe6, 0xe9, 0xe9, 0xe8, 0xef, 0xef, 0xef,
  0xf3, 0xf3, 0xf3, 0xf6, 0xf6, 0xf6, 0xf8, 0xf8, 0xf8, 0xf9, 0xf9, 0xf9,
  0xfb, 0xfb, 0xfb, 0xfc, 0xfc, 0xfc, 0xfd, 0xfd, 0xfd, 0xfe, 0xfe, 0xfe,
  0xfe, 0xfe, 0xfe, 0xfe, 0xfe, 0xfe, 0xfe, 0xfe, 0xfe, 0xfe, 0xfe, 0xfe,
  0xff, 0xff, 0xff, 0xff, 0xff, 0xff, 0xff, 0xff, 0xff, 0xff, 0xff, 0xff,
  0xff, 0xff, 0xff, 0xff, 0xff, 0xff, 0xff, 0xff, 0xff, 0xff, 0xff, 0xff,
  0xff, 0xff, 0xff, 0xfe, 0xfe, 0xfe, 0xfe, 0xfe, 0xfe, 0xfe, 0xfe, 0xfe,
  0xfd, 0xfd, 0xfd, 0xfc, 0xfc, 0xfc, 0xfa, 0xfa, 0xfa, 0xf8, 0xf8, 0xf8,
  0xf4, 0xf4, 0xf4, 0xee, 0xed, 0xed, 0xe3, 0xe7, 0xeb, 0xe0, 0xd0, 0xbd,
  0xf3, 0xa9, 0x56, 0xfb, 0xa9, 0x4a, 0xfd, 0xac, 0x4f, 0xfe, 0xad, 0x4f,
  0xfe, 0xac, 0x4f, 0xfe, 0xac, 0x4f, 0xfe, 0xac, 0x4f, 0xfe, 0xac, 0x4e,
  0xfe, 0xab, 0x4d, 0xfd, 0xaa, 0x4d, 0xfd, 0xaa, 0x4c, 0xfd, 0xa9, 0x4b,
  0xfc, 0xa8, 0x4b, 0xfc, 0xa8, 0x4a, 0xfc, 0xa7, 0x49, 0xfb, 0xa7, 0x49,
  0xfb, 0xa6, 0x49, 0xfb, 0xa5, 0x48, 0xfa, 0xa5, 0x47, 0xfa, 0xa4, 0x47,
  0xfa, 0xa3, 0x46, 0xf9, 0xa3, 0x45, 0xf9, 0xa2, 0x45, 0xf9, 0xa1, 0x44,
  0xf8, 0xa1, 0x42, 0xf8, 0xa0, 0x42, 0xf7, 0x9f, 0x41, 0xf6, 0x9c, 0x3c,
  0xea, 0x99, 0x45, 0xc4, 0xb2, 0x9e, 0xc7, 0xcb, 0xd0, 0xdb, 0xdb, 0xdb,
  0xe9, 0xe9, 0xe9, 0xf3, 0xf3, 0xf3, 0xf9, 0xf9, 0xf9, 0xfc, 0xfc, 0xfc,
  0xfd, 0xfd, 0xfd, 0xfe, 0xfe, 0xfe, 0xff, 0xff, 0xff, 0xff, 0xff, 0xff,
  0xeb, 0xeb, 0xeb, 0x14, 0x14, 0x14, 0x00, 0x00, 0x00, 0x00, 0x00, 0x00,
  0x00, 0x00, 0x00, 0x00, 0x00, 0x00, 0x00, 0x00, 0x00, 0x00, 0x00, 0x00,
  0x00, 0x00, 0x00, 0x00, 0x00, 0x00, 0x13, 0x13, 0x13, 0xeb, 0xeb, 0xeb,
  0xff, 0xff, 0xff, 0xfe, 0xfe, 0xfe, 0xfe, 0xfe, 0xfe, 0xfe, 0xfe, 0xfe,
  0xfc, 0xfc, 0xfc, 0xf9, 0xf9, 0xf9, 0xf4, 0xf4, 0xf4, 0xeb, 0xeb, 0xeb,
  0xdd, 0xdf, 0xe1, 0xd7, 0xc8, 0xb6, 0xf2, 0xb2, 0x61, 0xfd, 0xb4, 0x59,
  0xfe, 0xb7, 0x5d, 0xff, 0xb7, 0x5d, 0xff, 0xb7, 0x5d, 0xff, 0xb7, 0x5d,
  0xff, 0xb7, 0x5c, 0xff, 0xb7, 0x5c, 0xff, 0xb6, 0x5c, 0xff, 0xb6, 0x5c,
  0xff, 0xb6, 0x5c, 0xff, 0xb6, 0x5c, 0xff, 0xb6, 0x5c, 0xff, 0xb6, 0x5c,
  0xff, 0xb6, 0x5c, 0xff, 0xb5, 0x5b, 0xff, 0xb5, 0x5b, 0xff, 0xb5, 0x5b,
  0xff, 0xb5, 0x5a, 0xff, 0xb5, 0x5a, 0xff, 0xb5, 0x59, 0xff, 0xb4, 0x59,
  0xff, 0xb4, 0x58, 0xff, 0xb4, 0x58, 0xfe, 0xb3, 0x58, 0xfe, 0xb3, 0x58,
  0xfd, 0xb2, 0x58, 0xfa, 0xae, 0x52, 0xf1, 0xae, 0x5d, 0xdf, 0xd0, 0xbe,
  0xe2, 0xe5, 0xe9, 0xeb, 0xeb, 0xeb, 0xf1, 0xf1, 0xf1, 0xf5, 0xf5, 0xf5,
  0xf7, 0xf7, 0xf7, 0xf9, 0xf9, 0xf9, 0xfb, 0xfb, 0xfb, 0xfc, 0xfc, 0xfc,
  0xfd, 0xfd, 0xfd, 0xfd, 0xfd, 0xfd, 0xfe, 0xfe, 0xfe, 0xfe, 0xfe, 0xfe,
  0xfe, 0xfe, 0xfe, 0xfe, 0xfe, 0xfe, 0xff, 0xff, 0xff, 0xff, 0xff, 0xff,
  0xff, 0xff, 0xff, 0xff, 0xff, 0xff, 0xff, 0xff, 0xff, 0xff, 0xff, 0xff,
  0xff, 0xff, 0xff, 0xff, 0xff, 0xff, 0xff, 0xff, 0xff, 0xff, 0xff, 0xff,
  0xff, 0xff, 0xff, 0xff, 0xff, 0xff, 0xfe, 0xfe, 0xfe, 0xfe, 0xfe, 0xfe,
  0xfe, 0xfe, 0xfe, 0xfd, 0xfd, 0xfd, 0xfc, 0xfc, 0xfc, 0xfa, 0xfa, 0xfa,
  0xf8, 0xf8, 0xf8, 0xf4, 0xf4, 0xf4, 0xee, 0xee, 0xee, 0xe4, 0xe8, 0xec,
  0xe1, 0xd1, 0xbe, 0xf3, 0xaa, 0x56, 0xfb, 0xa8, 0x4a, 0xfd, 0xad, 0x4f,
  0xfe, 0xad, 0x4f, 0xfe, 0xad, 0x4f, 0xfe, 0xac, 0x4f, 0xfe, 0xac, 0x4f,
  0xfe, 0xac, 0x4f, 0xfe, 0xab, 0x4e, 0xfd, 0xab, 0x4d, 0xfd, 0xaa, 0x4d,
  0xfd, 0xa9, 0x4c, 0xfc, 0xa9, 0x4b, 0xfc, 0xa8, 0x4a, 0xfc, 0xa7, 0x49,
  0xfb, 0xa7, 0x49, 0xfb, 0xa6, 0x49, 0xfb, 0xa5, 0x49, 0xfb, 0xa5, 0x48,
  0xfa, 0xa4, 0x47, 0xfa, 0xa4, 0x47, 0xfa, 0xa3, 0x46, 0xf9, 0xa2, 0x45,
  0xf9, 0xa2, 0x44, 0xf9, 0xa1, 0x43, 0xf8, 0xa0, 0x42, 0xf7, 0x9f, 0x42,
  0xf6, 0x9c, 0x3c, 0xeb, 0x9b, 0x46, 0xd5, 0xc3, 0xb0, 0xdd, 0xe0, 0xe2,
  0xeb, 0xeb, 0xeb, 0xf4, 0xf4, 0xf4, 0xf9, 0xf9, 0xf9, 0xfc, 0xfc, 0xfc,
  0xfe, 0xfe, 0xfe, 0xfe, 0xfe, 0xfe, 0xfe, 0xfe, 0xfe, 0xff, 0xff, 0xff,
  0xeb, 0xeb, 0xeb, 0x13, 0x13, 0x13, 0x00, 0x00, 0x00, 0x00, 0x00, 0x00,
  0x00, 0x00, 0x00, 0x00, 0x00, 0x00, 0x00, 0x00, 0x00, 0x00, 0x00, 0x00,
  0x00, 0x00, 0x00, 0x00, 0x00, 0x00, 0x07, 0x07, 0x07, 0xdb, 0xdb, 0xdb,
  0xff, 0xff, 0xff, 0xff, 0xff, 0xff, 0xfe, 0xfe, 0xfe, 0xfe, 0xfe, 0xfe,
  0xfc, 0xfc, 0xfc, 0xfa, 0xfa, 0xfa, 0xf6, 0xf6, 0xf6, 0xef, 0xef, 0xf0,
  0xe5, 0xe3, 0xe1, 0xef, 0xb6, 0x6e, 0xfb, 0xb2, 0x57, 0xfd, 0xb7, 0x5d,
  0xff, 0xb7, 0x5d, 0xff, 0xb7, 0x5d, 0xff, 0xb7, 0x5d, 0xff, 0xb7, 0x5d,
  0xff, 0xb7, 0x5d, 0xff, 0xb7, 0x5d, 0xfe, 0xb6, 0x5c, 0xfe, 0xb6, 0x5c,
  0xfe, 0xb6, 0x5c, 0xfe, 0xb6, 0x5c, 0xfe, 0xb6, 0x5c, 0xfe, 0xb5, 0x5c,
  0xfe, 0xb5, 0x5b, 0xfe, 0xb5, 0x5b, 0xfe, 0xb5, 0x5b, 0xfe, 0xb5, 0x5b,
  0xfe, 0xb4, 0x5a, 0xfe, 0xb4, 0x5a, 0xfe, 0xb4, 0x5a, 0xfe, 0xb4, 0x5a,
  0xfe, 0xb4, 0x59, 0xfe, 0xb4, 0x59, 0xfe, 0xb4, 0x58, 0xfd, 0xb2, 0x58,
  0xfa, 0xae, 0x52, 0xf2, 0xaf, 0x5e, 0xe3, 0xd4, 0xc1, 0xe5, 0xe8, 0xed,
  0xee, 0xee, 0xee, 0xf3, 0xf3, 0xf3, 0xf7, 0xf7, 0xf7, 0xf9, 0xf9, 0xf9,
  0xfb, 0xfb, 0xfb, 0xfc, 0xfc, 0xfc, 0xfd, 0xfd, 0xfd, 0xfd, 0xfd, 0xfd,
  0xfd, 0xfd, 0xfd, 0xfe, 0xfe, 0xfe, 0xfe, 0xfe, 0xfe, 0xfe, 0xfe, 0xfe,
  0xff, 0xff, 0xff, 0xff, 0xff, 0xff, 0xff, 0xff, 0xff, 0xff, 0xff, 0xff,
  0xff, 0xff, 0xff, 0xff, 0xff, 0xff, 0xff, 0xff, 0xff, 0xff, 0xff, 0xff,
  0xff, 0xff, 0xff, 0xff, 0xff, 0xff, 0xff, 0xff, 0xff, 0xff, 0xff, 0xff,
  0xff, 0xff, 0xff, 0xff, 0xff, 0xff, 0xff, 0xff, 0xff, 0xfe, 0xfe, 0xfe,
  0xfe, 0xfe, 0xfe, 0xfe, 0xfe, 0xfe, 0xfd, 0xfd, 0xfd, 0xfc, 0xfc, 0xfc,
  0xfa, 0xfa, 0xfa, 0xf8, 0xf8, 0xf8, 0xf4, 0xf4, 0xf4, 0xef, 0xef, 0xef,
  0xe6, 0xea, 0xee, 0xe4, 0xd3, 0xc0, 0xf3, 0xaa, 0x56, 0xfb, 0xa8, 0x4a,
  0xfd, 0xac, 0x4f, 0xfd, 0xac, 0x4f, 0xfe, 0xac, 0x4f, 0xfe, 0xac, 0x4f,
  0xfd, 0xac, 0x4f, 0xfd, 0xac, 0x4f, 0xfd, 0xab, 0x4e, 0xfd, 0xaa, 0x4d,
  0xfd, 0xaa, 0x4d, 0xfc, 0xa9, 0x4c, 0xfc, 0xa9, 0x4b, 0xfc, 0xa8, 0x4b,
  0xfb, 0xa7, 0x4a, 0xfb, 0xa7, 0x49, 0xfb, 0xa6, 0x49, 0xfb, 0xa5, 0x48,
  0xfa, 0xa4, 0x47, 0xfa, 0xa4, 0x47, 0xf9, 0xa3, 0x47, 0xf9, 0xa3, 0x45,
  0xf9, 0xa2, 0x45, 0xf8, 0xa2, 0x45, 0xf8, 0xa1, 0x43, 0xf7, 0xa0, 0x42,
  0xf6, 0x9f, 0x42, 0xf3, 0x99, 0x39, 0xe9, 0xa1, 0x56, 0xe4, 0xe2, 0xe0,
  0xef, 0xef, 0xf0, 0xf6, 0xf6, 0xf6, 0xfa, 0xfa, 0xfa, 0xfc, 0xfc, 0xfc,
  0xfe, 0xfe, 0xfe, 0xfe, 0xfe, 0xfe, 0xff, 0xff, 0xff, 0xff, 0xff, 0xff,
  0xdb, 0xdb, 0xdb, 0x07, 0x07, 0x07, 0x00, 0x00, 0x00, 0x00, 0x00, 0x00,
  0x00, 0x00, 0x00, 0x00, 0x00, 0x00, 0x00, 0x00, 0x00, 0x00, 0x00, 0x00,
  0x00, 0x00, 0x00, 0x00, 0x00, 0x00, 0x00, 0x00, 0x00, 0xc2, 0xc2, 0xc2,
  0xff, 0xff, 0xff, 0xff, 0xff, 0xff, 0xfe, 0xfe, 0xfe, 0xfe, 0xfe, 0xfe,
  0xfd, 0xfd, 0xfd, 0xfb, 0xfb, 0xfb, 0xf8, 0xf8, 0xf8, 0xf3, 0xf4, 0xf5,
  0xed, 0xeb, 0xe9, 0xef, 0xb7, 0x70, 0xf7, 0xad, 0x50, 0xfa, 0xb1, 0x55,
  0xfa, 0xb1, 0x55, 0xfa, 0xb1, 0x55, 0xfb, 0xb1, 0x55, 0xfb, 0xb1, 0x54,
  0xfb, 0xb1, 0x54, 0xfb, 0xb1, 0x54, 0xfb, 0xb0, 0x54, 0xfa, 0xb0, 0x54,
  0xfb, 0xb0, 0x53, 0xfb, 0xb0, 0x53, 0xfa, 0xb0, 0x53, 0xfa, 0xb0, 0x53,
  0xfa, 0xb0, 0x52, 0xfa, 0xaf, 0x52, 0xfa, 0xaf, 0x52, 0xfa, 0xaf, 0x52,
  0xfa, 0xaf, 0x51, 0xfa, 0xaf, 0x51, 0xfa, 0xae, 0x51, 0xfa, 0xae, 0x50,
  0xfa, 0xae, 0x50, 0xfa, 0xae, 0x50, 0xfa, 0xae, 0x50, 0xf8, 0xab, 0x4d,
  0xf3, 0xb0, 0x5f, 0xe7, 0xd8, 0xc6, 0xe9, 0xec, 0xf0, 0xf0, 0xf0, 0xef,
  0xf4, 0xf4, 0xf4, 0xf8, 0xf8, 0xf8, 0xfa, 0xfa, 0xfa, 0xfb, 0xfb, 0xfb,
  0xfc, 0xfc, 0xfc, 0xfd, 0xfd, 0xfd, 0xfd, 0xfd, 0xfd, 0xfe, 0xfe, 0xfe,
  0xfe, 0xfe, 0xfe, 0xff, 0xff, 0xff, 0xff, 0xff, 0xff, 0xff, 0xff, 0xff,
  0xff, 0xff, 0xff, 0xff, 0xff, 0xff, 0xff, 0xff, 0xff, 0xff, 0xff, 0xff,
  0xff, 0xff, 0xff, 0xff, 0xff, 0xff, 0xff, 0xff, 0xff, 0xff, 0xff, 0xff,
  0xff, 0xff, 0xff, 0xff, 0xff, 0xff, 0xff, 0xff, 0xff, 0xff, 0xff, 0xff,
  0xff, 0xff, 0xff, 0xff, 0xff, 0xff, 0xff, 0xff, 0xff, 0xff, 0xff, 0xff,
  0xfe, 0xfe, 0xfe, 0xfe, 0xfe, 0xfe, 0xfe, 0xfe, 0xfe, 0xfd, 0xfd, 0xfd,
  0xfc, 0xfc, 0xfc, 0xfb, 0xfb, 0xfb, 0xf8, 0xf8, 0xf8, 0xf5, 0xf5, 0xf5,
  0xf1, 0xf1, 0xf0, 0xe9, 0xed, 0xf1, 0xe8, 0xd7, 0xc4, 0xf2, 0xaa, 0x58,
  0xf8, 0xa4, 0x44, 0xf9, 0xa6, 0x46, 0xfa, 0xa6, 0x46, 0xfa, 0xa6, 0x46,
  0xfa, 0xa6, 0x46, 0xfa, 0xa5, 0x46, 0xfa, 0xa5, 0x45, 0xfa, 0xa5, 0x45,
  0xf9, 0xa4, 0x45, 0xf9, 0xa4, 0x44, 0xf9, 0xa3, 0x43, 0xf8, 0xa2, 0x43,
  0xf8, 0xa2, 0x42, 0xf8, 0xa1, 0x41, 0xf7, 0xa0, 0x41, 0xf7, 0xa0, 0x40,
  0xf7, 0x9f, 0x3f, 0xf6, 0x9e, 0x3f, 0xf6, 0x9e, 0x3e, 0xf5, 0x9d, 0x3d,
  0xf5, 0x9c, 0x3c, 0xf5, 0x9c, 0x3c, 0xf4, 0x9b, 0x3a, 0xf4, 0x9a, 0x39,
  0xf3, 0x99, 0x39, 0xf0, 0x94, 0x33, 0xea, 0xa4, 0x5a, 0xed, 0xea, 0xe8,
  0xf3, 0xf4, 0xf5, 0xf8, 0xf8, 0xf8, 0xfb, 0xfb, 0xfb, 0xfd, 0xfd, 0xfd,
  0xfe, 0xfe, 0xfe, 0xfe, 0xfe, 0xfe, 0xff, 0xff, 0xff, 0xff, 0xff, 0xff,
  0xc2, 0xc2, 0xc2, 0x00, 0x00, 0x00, 0x00, 0x00, 0x00, 0x00, 0x00, 0x00,
  0x00, 0x00, 0x00, 0x00, 0x00, 0x00, 0x00, 0x00, 0x00, 0x00, 0x00, 0x00,
  0x00, 0x00, 0x00, 0x00, 0x00, 0x00, 0x00, 0x00, 0x00, 0x9a, 0x9a, 0x9a,
  0xff, 0xff, 0xff, 0xff, 0xff, 0xff, 0xfe, 0xfe, 0xfe, 0xfe, 0xfe, 0xfe,
  0xfe, 0xfe, 0xfe, 0xfc, 0xfc, 0xfc, 0xfb, 0xfb, 0xfb, 0xf8, 0xf8, 0xf8,
  0xf4, 0xf5, 0xf7, 0xf0, 0xe5, 0xd8, 0xef, 0xce, 0xa4, 0xee, 0xcc, 0xa1,
  0xed, 0xcc, 0xa0, 0xed, 0xcb, 0xa0, 0xec, 0xca, 0x9f, 0xec, 0xca, 0x9f,
  0xec, 0xca, 0x9e, 0xeb, 0xc9, 0x9e, 0xeb, 0xc9, 0x9e, 0xeb, 0xc9, 0x9e,
  0xeb, 0xc9, 0x9d, 0xeb, 0xc9, 0x9d, 0xeb, 0xc9, 0x9d, 0xeb, 0xc9, 0x9d,
  0xeb, 0xc8, 0x9d, 0xeb, 0xc8, 0x9d, 0xeb, 0xc8, 0x9d, 0xeb, 0xc8, 0x9d,
  0xeb, 0xc8, 0x9d, 0xeb, 0xc8, 0x9d, 0xeb, 0xc8, 0x9d, 0xeb, 0xc8, 0x9d,
  0xec, 0xc8, 0x9d, 0xec, 0xc9, 0x9e, 0xed, 0xc9, 0x9e, 0xed, 0xcb, 0xa1,
  0xec, 0xe1, 0xd3, 0xee, 0xf1, 0xf4, 0xf3, 0xf3, 0xf3, 0xf7, 0xf7, 0xf7,
  0xf9, 0xf9, 0xf9, 0xfb, 0xfb, 0xfb, 0xfc, 0xfc, 0xfc, 0xfd, 0xfd, 0xfd,
  0xfd, 0xfd, 0xfd, 0xfe, 0xfe, 0xfe, 0xfe, 0xfe, 0xfe, 0xff, 0xff, 0xff,
  0xff, 0xff, 0xff, 0xff, 0xff, 0xff, 0xff, 0xff, 0xff, 0xff, 0xff, 0xff,
  0xff, 0xff, 0xff, 0xff, 0xff, 0xff, 0xff, 0xff, 0xff, 0xff, 0xff, 0xff,
  0xff, 0xff, 0xff, 0xff, 0xff, 0xff, 0xff, 0xff, 0xff, 0xff, 0xff, 0xff,
  0xff, 0xff, 0xff, 0xff, 0xff, 0xff, 0xff, 0xff, 0xff, 0xff, 0xff, 0xff,
  0xff, 0xff, 0xff, 0xff, 0xff, 0xff, 0xff, 0xff, 0xff, 0xff, 0xff, 0xff,
  0xff, 0xff, 0xff, 0xfe, 0xfe, 0xfe, 0xfe, 0xfe, 0xfe, 0xfe, 0xfe, 0xfe,
  0xfd, 0xfd, 0xfd, 0xfc, 0xfc, 0xfc, 0xfb, 0xfb, 0xfb, 0xf9, 0xf9, 0xf9,
  0xf7, 0xf7, 0xf7, 0xf3, 0xf3, 0xf3, 0xee, 0xf1, 0xf5, 0xec, 0xe0, 0xd2,
  0xed, 0xc8, 0x9d, 0xed, 0xc6, 0x99, 0xec, 0xc5, 0x99, 0xeb, 0xc4, 0x98,
  0xeb, 0xc4, 0x98, 0xeb, 0xc4, 0x97, 0xeb, 0xc4, 0x97, 0xeb, 0xc4, 0x97,
  0xeb, 0xc4, 0x97, 0xeb, 0xc3, 0x97, 0xea, 0xc3, 0x96, 0xea, 0xc3, 0x96,
  0xea, 0xc2, 0x96, 0xea, 0xc2, 0x95, 0xea, 0xc2, 0x95, 0xea, 0xc1, 0x95,
  0xea, 0xc1, 0x95, 0xea, 0xc1, 0x95, 0xea, 0xc1, 0x94, 0xea, 0xc0, 0x94,
  0xea, 0xc0, 0x94, 0xea, 0xc1, 0x94, 0xea, 0xc1, 0x94, 0xeb, 0xc1, 0x94,
  0xeb, 0xc1, 0x94, 0xec, 0xc3, 0x98, 0xee, 0xe2, 0xd4, 0xf4, 0xf5, 0xf7,
  0xf8, 0xf8, 0xf8, 0xfb, 0xfb, 0xfb, 0xfc, 0xfc, 0xfc, 0xfe, 0xfe, 0xfe,
  0xfe, 0xfe, 0xfe, 0xfe, 0xfe, 0xfe, 0xff, 0xff, 0xff, 0xff, 0xff, 0xff,
  0x9a, 0x9a, 0x9a, 0x00, 0x00, 0x00, 0x00, 0x00, 0x00, 0x00, 0x00, 0x00,
  0x00, 0x00, 0x00, 0x00, 0x00, 0x00, 0x00, 0x00, 0x00, 0x00, 0x00, 0x00,
  0x00, 0x00, 0x00, 0x00, 0x00, 0x00, 0x00, 0x00, 0x00, 0x68, 0x68, 0x68,
  0xff, 0xff, 0xff, 0xff, 0xff, 0xff, 0xff, 0xff, 0xff, 0xfe, 0xfe, 0xfe,
  0xfe, 0xfe, 0xfe, 0xfe, 0xfe, 0xfe, 0xfc, 0xfc, 0xfc, 0xfb, 0xfb, 0xfb,
  0xf9, 0xf9, 0xf8, 0xf6, 0xf8, 0xfa, 0xf3, 0xf7, 0xfb, 0xf1, 0xf4, 0xf9,
  0xef, 0xf3, 0xf7, 0xee, 0xf1, 0xf6, 0xed, 0xf1, 0xf5, 0xed, 0xf0, 0xf5,
  0xed, 0xf0, 0xf4, 0xec, 0xf0, 0xf4, 0xec, 0xf0, 0xf4, 0xec, 0xf0, 0xf4,
  0xec, 0xf0, 0xf4, 0xec, 0xef, 0xf4, 0xec, 0xef, 0xf4, 0xec, 0xef, 0xf4,
  0xec, 0xef, 0xf4, 0xec, 0xef, 0xf4, 0xec, 0xef, 0xf4, 0xec, 0xf0, 0xf4,
  0xec, 0xf0, 0xf4, 0xec, 0xf0, 0xf4, 0xec, 0xf0, 0xf4, 0xed, 0xf0, 0xf5,
  0xed, 0xf1, 0xf5, 0xee, 0xf1, 0xf6, 0xef, 0xf3, 0xf7, 0xf1, 0xf5, 0xf9,
  0xf4, 0xf5, 0xf7, 0xf6, 0xf6, 0xf6, 0xf9, 0xf9, 0xf9, 0xfa, 0xfa, 0xfa,
  0xfc, 0xfc, 0xfc, 0xfd, 0xfd, 0xfd, 0xfd, 0xfd, 0xfd, 0xfe, 0xfe, 0xfe,
  0xfe, 0xfe, 0xfe, 0xfe, 0xfe, 0xfe, 0xff, 0xff, 0xff, 0xff, 0xff, 0xff,
  0xff, 0xff, 0xff, 0xff, 0xff, 0xff, 0xff, 0xff, 0xff, 0xff, 0xff, 0xff,
  0xff, 0xff, 0xff, 0xff, 0xff, 0xff, 0xff, 0xff, 0xff, 0xff, 0xff, 0xff,
  0xff, 0xff, 0xff, 0xff, 0xff, 0xff, 0xff, 0xff, 0xff, 0xff, 0xff, 0xff,
  0xff, 0xff, 0xff, 0xff, 0xff, 0xff, 0xff, 0xff, 0xff, 0xff, 0xff, 0xff,
  0xff, 0xff, 0xff, 0xff, 0xff, 0xff, 0xff, 0xff, 0xff, 0xff, 0xff, 0xff,
  0xff, 0xff, 0xff, 0xff, 0xff, 0xff, 0xfe, 0xfe, 0xfe, 0xfe, 0xfe, 0xfe,
  0xfe, 0xfe, 0xfe, 0xfd, 0xfd, 0xfd, 0xfd, 0xfd, 0xfd, 0xfc, 0xfc, 0xfc,
  0xfa, 0xfa, 0xfa, 0xf9, 0xf9, 0xf9, 0xf6, 0xf6, 0xf6, 0xf4, 0xf6, 0xf8,
  0xf1, 0xf5, 0xf9, 0xef, 0xf3, 0xf7, 0xee, 0xf2, 0xf6, 0xed, 0xf1, 0xf5,
  0xed, 0xf1, 0xf5, 0xec, 0xf0, 0xf5, 0xec, 0xf0, 0xf5, 0xec, 0xf0, 0xf5,
  0xec, 0xf0, 0xf5, 0xec, 0xf0, 0xf4, 0xec, 0xf0, 0xf4, 0xec, 0xf0, 0xf4,
  0xec, 0xf0, 0xf4, 0xec, 0xf0, 0xf4, 0xec, 0xf0, 0xf5, 0xec, 0xf0, 0xf5,
  0xec, 0xf0, 0xf5, 0xec, 0xf1, 0xf5, 0xed, 0xf1, 0xf5, 0xed, 0xf1, 0xf5,
  0xed, 0xf1, 0xf6, 0xee, 0xf2, 0xf6, 0xee, 0xf3, 0xf7, 0xf0, 0xf4, 0xf8,
  0xf1, 0xf5, 0xfa, 0xf3, 0xf8, 0xfc, 0xf6, 0xf8, 0xfa, 0xf9, 0xf9, 0xf8,
  0xfb, 0xfb, 0xfb, 0xfc, 0xfc, 0xfc, 0xfe, 0xfe, 0xfe, 0xfe, 0xfe, 0xfe,
  0xfe, 0xfe, 0xfe, 0xff, 0xff, 0xff, 0xff, 0xff, 0xff, 0xff, 0xff, 0xff,
  0x68, 0x68, 0x68, 0x00, 0x00, 0x00, 0x00, 0x00, 0x00, 0x00, 0x00, 0x00,
  0x00, 0x00, 0x00, 0x00, 0x00, 0x00, 0x00, 0x00, 0x00, 0x00, 0x00, 0x00,
  0x00, 0x00, 0x00, 0x00, 0x00, 0x00, 0x00, 0x00, 0x00, 0x2f, 0x2f, 0x2f,
  0xfe, 0xfe, 0xfe, 0xff, 0xff, 0xff, 0xff, 0xff, 0xff, 0xff, 0xff, 0xff,
  0xfe, 0xfe, 0xfe, 0xfe, 0xfe, 0xfe, 0xfe, 0xfe, 0xfe, 0xfc, 0xfc, 0xfc,
  0xfc, 0xfc, 0xfc, 0xfa, 0xfa, 0xfa, 0xf9, 0xf9, 0xf9, 0xf8, 0xf8, 0xf8,
  0xf8, 0xf8, 0xf8, 0xf7, 0xf7, 0xf7, 0xf7, 0xf7, 0xf7, 0xf6, 0xf6, 0xf6,
  0xf6, 0xf6, 0xf6, 0xf6, 0xf6, 0xf6, 0xf6, 0xf6, 0xf6, 0xf6, 0xf6, 0xf6,
  0xf6, 0xf6, 0xf6, 0xf6, 0xf6, 0xf6, 0xf6, 0xf6, 0xf6, 0xf6, 0xf6, 0xf6,
  0xf6, 0xf6, 0xf6, 0xf6, 0xf6, 0xf6, 0xf6, 0xf6, 0xf6, 0xf6, 0xf6, 0xf6,
  0xf6, 0xf6, 0xf6, 0xf6, 0xf6, 0xf6, 0xf6, 0xf6, 0xf6, 0xf6, 0xf6, 0xf6,
  0xf7, 0xf7, 0xf7, 0xf7, 0xf7, 0xf7, 0xf7, 0xf7, 0xf7, 0xf8, 0xf8, 0xf8,
  0xf9, 0xf9, 0xf9, 0xfa, 0xfa, 0xfa, 0xfb, 0xfb, 0xfb, 0xfc, 0xfc, 0xfc,
  0xfd, 0xfd, 0xfd, 0xfe, 0xfe, 0xfe, 0xfe, 0xfe, 0xfe, 0xfe, 0xfe, 0xfe,
  0xfe, 0xfe, 0xfe, 0xff, 0xff, 0xff, 0xff, 0xff, 0xff, 0xff, 0xff, 0xff,
  0xff, 0xff, 0xff, 0xff, 0xff, 0xff, 0xff, 0xff, 0xff, 0xff, 0xff, 0xff,
  0xff, 0xff, 0xff, 0xff, 0xff, 0xff, 0xff, 0xff, 0xff, 0xff, 0xff, 0xff,
  0xff, 0xff, 0xff, 0xff, 0xff, 0xff, 0xff, 0xff, 0xff, 0xff, 0xff, 0xff,
  0xff, 0xff, 0xff, 0xff, 0xff, 0xff, 0xff, 0xff, 0xff, 0xff, 0xff, 0xff,
  0xff, 0xff, 0xff, 0xff, 0xff, 0xff, 0xff, 0xff, 0xff, 0xff, 0xff, 0xff,
  0xff, 0xff, 0xff, 0xff, 0xff, 0xff, 0xff, 0xff, 0xff, 0xfe, 0xfe, 0xfe,
  0xfe, 0xfe, 0xfe, 0xfe, 0xfe, 0xfe, 0xfe, 0xfe, 0xfe, 0xfd, 0xfd, 0xfd,
  0xfc, 0xfc, 0xfc, 0xfb, 0xfb, 0xfb, 0xfa, 0xfa, 0xfa, 0xf9, 0xf9, 0xf9,
  0xf8, 0xf8, 0xf8, 0xf7, 0xf7, 0xf7, 0xf7, 0xf7, 0xf7, 0xf7, 0xf7, 0xf7,
  0xf6, 0xf6, 0xf6, 0xf6, 0xf6, 0xf6, 0xf6, 0xf6, 0xf6, 0xf6, 0xf6, 0xf6,
  0xf6, 0xf6, 0xf6, 0xf6, 0xf6, 0xf6, 0xf6, 0xf6, 0xf6, 0xf6, 0xf6, 0xf6,
  0xf6, 0xf6, 0xf6, 0xf6, 0xf6, 0xf6, 0xf6, 0xf6, 0xf6, 0xf6, 0xf6, 0xf6,
  0xf6, 0xf6, 0xf6, 0xf6, 0xf6, 0xf6, 0xf6, 0xf6, 0xf6, 0xf6, 0xf6, 0xf6,
  0xf6, 0xf6, 0xf6, 0xf7, 0xf7, 0xf7, 0xf7, 0xf7, 0xf7, 0xf8, 0xf8, 0xf8,
  0xf8, 0xf8, 0xf8, 0xf9, 0xf9, 0xf9, 0xfa, 0xfa, 0xfa, 0xfc, 0xfc, 0xfc,
  0xfc, 0xfc, 0xfc, 0xfe, 0xfe, 0xfe, 0xfe, 0xfe, 0xfe, 0xfe, 0xfe, 0xfe,
  0xff, 0xff, 0xff, 0xff, 0xff, 0xff, 0xff, 0xff, 0xff, 0xfe, 0xfe, 0xfe,
  0x2f, 0x2f, 0x2f, 0x00, 0x00, 0x00, 0x00, 0x00, 0x00, 0x00, 0x00, 0x00,
  0x00, 0x00, 0x00, 0x00, 0x00, 0x00, 0x00, 0x00, 0x00, 0x00, 0x00, 0x00,
  0x00, 0x00, 0x00, 0x00, 0x00, 0x00, 0x00, 0x00, 0x00, 0x04, 0x04, 0x04,
  0xd7, 0xd7, 0xd7, 0xff, 0xff, 0xff, 0xff, 0xff, 0xff, 0xff, 0xff, 0xff,
  0xfe, 0xfe, 0xfe, 0xfe, 0xfe, 0xfe, 0xfe, 0xfe, 0xfe, 0xfe, 0xfe, 0xfe,
  0xfd, 0xfd, 0xfd, 0xfd, 0xfd, 0xfd, 0xfc, 0xfc, 0xfc, 0xfb, 0xfb, 0xfb,
  0xfb, 0xfb, 0xfb, 0xfb, 0xfb, 0xfb, 0xfb, 0xfb, 0xfb, 0xfa, 0xfa, 0xfa,
  0xfa, 0xfa, 0xfa, 0xfa, 0xfa, 0xfa, 0xfa, 0xfa, 0xfa, 0xfa, 0xfa, 0xfa,
  0xfa, 0xfa, 0xfa, 0xfa, 0xfa, 0xfa, 0xfa, 0xfa, 0xfa, 0xfa, 0xfa, 0xfa,
  0xfa, 0xfa, 0xfa, 0xfa, 0xfa, 0xfa, 0xfa, 0xfa, 0xfa, 0xfa, 0xfa, 0xfa,
  0xfa, 0xfa, 0xfa, 0xfa, 0xfa, 0xfa, 0xfa, 0xfa, 0xfa, 0xfa, 0xfa, 0xfa,
  0xfb, 0xfb, 0xfb, 0xfb, 0xfb, 0xfb, 0xfb, 0xfb, 0xfb, 0xfc, 0xfc, 0xfc,
  0xfc, 0xfc, 0xfc, 0xfd, 0xfd, 0xfd, 0xfd, 0xfd, 0xfd, 0xfe, 0xfe, 0xfe,
  0xfe, 0xfe, 0xfe, 0xfe, 0xfe, 0xfe, 0xfe, 0xfe, 0xfe, 0xff, 0xff, 0xff,
  0xff, 0xff, 0xff, 0xff, 0xff, 0xff, 0xff, 0xff, 0xff, 0xff, 0xff, 0xff,
  0xff, 0xff, 0xff, 0xff, 0xff, 0xff, 0xff, 0xff, 0xff, 0xff, 0xff, 0xff,
  0xff, 0xff, 0xff, 0xff, 0xff, 0xff, 0xff, 0xff, 0xff, 0xff, 0xff, 0xff,
  0xff, 0xff, 0xff, 0xff, 0xff, 0xff, 0xff, 0xff, 0xff, 0xff, 0xff, 0xff,
  0xff, 0xff, 0xff, 0xff, 0xff, 0xff, 0xff, 0xff, 0xff, 0xff, 0xff, 0xff,
  0xff, 0xff, 0xff, 0xff, 0xff, 0xff, 0xff, 0xff, 0xff, 0xff, 0xff, 0xff,
  0xff, 0xff, 0xff, 0xff, 0xff, 0xff, 0xff, 0xff, 0xff, 0xff, 0xff, 0xff,
  0xff, 0xff, 0xff, 0xfe, 0xfe, 0xfe, 0xfe, 0xfe, 0xfe, 0xfe, 0xfe, 0xfe,
  0xfe, 0xfe, 0xfe, 0xfd, 0xfd, 0xfd, 0xfd, 0xfd, 0xfd, 0xfc, 0xfc, 0xfc,
  0xfc, 0xfc, 0xfc, 0xfb, 0xfb, 0xfb, 0xfb, 0xfb, 0xfb, 0xfb, 0xfb, 0xfb,
  0xfa, 0xfa, 0xfa, 0xfa, 0xfa, 0xfa, 0xfa, 0xfa, 0xfa, 0xfa, 0xfa, 0xfa,
  0xfa, 0xfa, 0xfa, 0xfa, 0xfa, 0xfa, 0xfa, 0xfa, 0xfa, 0xfa, 0xfa, 0xfa,
  0xfa, 0xfa, 0xfa, 0xfa, 0xfa, 0xfa, 0xfa, 0xfa, 0xfa, 0xfa, 0xfa, 0xfa,
  0xfa, 0xfa, 0xfa, 0xfa, 0xfa, 0xfa, 0xfa, 0xfa, 0xfa, 0xfa, 0xfa, 0xfa,
  0xfa, 0xfa, 0xfa, 0xfb, 0xfb, 0xfb, 0xfb, 0xfb, 0xfb, 0xfb, 0xfb, 0xfb,
  0xfb, 0xfb, 0xfb, 0xfc, 0xfc, 0xfc, 0xfd, 0xfd, 0xfd, 0xfd, 0xfd, 0xfd,
  0xfe, 0xfe, 0xfe, 0xfe, 0xfe, 0xfe, 0xfe, 0xfe, 0xfe, 0xfe, 0xfe, 0xfe,
  0xff, 0xff, 0xff, 0xff, 0xff, 0xff, 0xff, 0xff, 0xff, 0xd7, 0xd7, 0xd7,
  0x04, 0x04, 0x04, 0x00, 0x00, 0x00, 0x00, 0x00, 0x00, 0x00, 0x00, 0x00,
  0x00, 0x00, 0x00, 0x00, 0x00, 0x00, 0x00, 0x00, 0x00, 0x00, 0x00, 0x00,
  0x00, 0x00, 0x00, 0x00, 0x00, 0x00, 0x00, 0x00, 0x00, 0x00, 0x00, 0x00,
  0x8f, 0x8f, 0x8f, 0xff, 0xff, 0xff, 0xff, 0xff, 0xff, 0xff, 0xff, 0xff,
  0xff, 0xff, 0xff, 0xff, 0xff, 0xff, 0xfe, 0xfe, 0xfe, 0xfe, 0xfe, 0xfe,
  0xfe, 0xfe, 0xfe, 0xfe, 0xfe, 0xfe, 0xfe, 0xfe, 0xfe, 0xfd, 0xfd, 0xfd,
  0xfd, 0xfd, 0xfd, 0xfd, 0xfd, 0xfd, 0xfd, 0xfd, 0xfd, 0xfd, 0xfd, 0xfd,
  0xfd, 0xfd, 0xfd, 0xfd, 0xfd, 0xfd, 0xfd, 0xfd, 0xfd, 0xfd, 0xfd, 0xfd,
  0xfd, 0xfd, 0xfd, 0xfd, 0xfd, 0xfd, 0xfd, 0xfd, 0xfd, 0xfd, 0xfd, 0xfd,
  0xfd, 0xfd, 0xfd, 0xfd, 0xfd, 0xfd, 0xfd, 0xfd, 0xfd, 0xfd, 0xfd, 0xfd,
  0xfd, 0xfd, 0xfd, 0xfd, 0xfd, 0xfd, 0xfd, 0xfd, 0xfd, 0xfd, 0xfd, 0xfd,
  0xfd, 0xfd, 0xfd, 0xfd, 0xfd, 0xfd, 0xfd, 0xfd, 0xfd, 0xfd, 0xfd, 0xfd,
  0xfe, 0xfe, 0xfe, 0xfe, 0xfe, 0xfe, 0xfe, 0xfe, 0xfe, 0xfe, 0xfe, 0xfe,
  0xfe, 0xfe, 0xfe, 0xff, 0xff, 0xff, 0xff, 0xff, 0xff, 0xff, 0xff, 0xff,
  0xff, 0xff, 0xff, 0xff, 0xff, 0xff, 0xff, 0xff, 0xff, 0xff, 0xff, 0xff,
  0xff, 0xff, 0xff, 0xff, 0xff, 0xff, 0xff, 0xff, 0xff, 0xff, 0xff, 0xff,
  0xff, 0xff, 0xff, 0xff, 0xff, 0xff, 0xff, 0xff, 0xff, 0xff, 0xff, 0xff,
  0xff, 0xff, 0xff, 0xff, 0xff, 0xff, 0xff, 0xff, 0xff, 0xff, 0xff, 0xff,
  0xff, 0xff, 0xff, 0xff, 0xff, 0xff, 0xff, 0xff, 0xff, 0xff, 0xff, 0xff,
  0xff, 0xff, 0xff, 0xff, 0xff, 0xff, 0xff, 0xff, 0xff, 0xff, 0xff, 0xff,
  0xff, 0xff, 0xff, 0xff, 0xff, 0xff, 0xff, 0xff, 0xff, 0xff, 0xff, 0xff,
  0xff, 0xff, 0xff, 0xff, 0xff, 0xff, 0xff, 0xff, 0xff, 0xfe, 0xfe, 0xfe,
  0xfe, 0xfe, 0xfe, 0xfe, 0xfe, 0xfe, 0xfe, 0xfe, 0xfe, 0xfe, 0xfe, 0xfe,
  0xfd, 0xfd, 0xfd, 0xfd, 0xfd, 0xfd, 0xfd, 0xfd, 0xfd, 0xfd, 0xfd, 0xfd,
  0xfd, 0xfd, 0xfd, 0xfd, 0xfd, 0xfd, 0xfd, 0xfd, 0xfd, 0xfd, 0xfd, 0xfd,
  0xfd, 0xfd, 0xfd, 0xfd, 0xfd, 0xfd, 0xfd, 0xfd, 0xfd, 0xfd, 0xfd, 0xfd,
  0xfd, 0xfd, 0xfd, 0xfd, 0xfd, 0xfd, 0xfd, 0xfd, 0xfd, 0xfd, 0xfd, 0xfd,
  0xfd, 0xfd, 0xfd, 0xfd, 0xfd, 0xfd, 0xfd, 0xfd, 0xfd, 0xfd, 0xfd, 0xfd,
  0xfd, 0xfd, 0xfd, 0xfd, 0xfd, 0xfd, 0xfd, 0xfd, 0xfd, 0xfd, 0xfd, 0xfd,
  0xfd, 0xfd, 0xfd, 0xfe, 0xfe, 0xfe, 0xfe, 0xfe, 0xfe, 0xfe, 0xfe, 0xfe,
  0xfe, 0xfe, 0xfe, 0xfe, 0xfe, 0xfe, 0xff, 0xff, 0xff, 0xff, 0xff, 0xff,
  0xff, 0xff, 0xff, 0xff, 0xff, 0xff, 0xff, 0xff, 0xff, 0x8f, 0x8f, 0x8f,
  0x00, 0x00, 0x00, 0x00, 0x00, 0x00, 0x00, 0x00, 0x00, 0x00, 0x00, 0x00,
  0x00, 0x00, 0x00, 0x00, 0x00, 0x00, 0x00, 0x00, 0x00, 0x00, 0x00, 0x00,
  0x00, 0x00, 0x00, 0x00, 0x00, 0x00, 0x00, 0x00, 0x00, 0x00, 0x00, 0x00,
  0x33, 0x33, 0x33, 0xff, 0xff, 0xff, 0xff, 0xff, 0xff, 0xff, 0xff, 0xff,
  0xff, 0xff, 0xff, 0xff, 0xff, 0xff, 0xff, 0xff, 0xff, 0xff, 0xff, 0xff,
  0xfe, 0xfe, 0xfe, 0xfe, 0xfe, 0xfe, 0xfe, 0xfe, 0xfe, 0xfe, 0xfe, 0xfe,
  0xfe, 0xfe, 0xfe, 0xfe, 0xfe, 0xfe, 0xfe, 0xfe, 0xfe, 0xfe, 0xfe, 0xfe,
  0xfe, 0xfe, 0xfe, 0xfe, 0xfe, 0xfe, 0xfe, 0xfe, 0xfe, 0xfe, 0xfe, 0xfe,
  0xfe, 0xfe, 0xfe, 0xfe, 0xfe, 0xfe, 0xfe, 0xfe, 0xfe, 0xfe, 0xfe, 0xfe,
  0xfe, 0xfe, 0xfe, 0xfe, 0xfe, 0xfe, 0xfe, 0xfe, 0xfe, 0xfe, 0xfe, 0xfe,
  0xfe, 0xfe, 0xfe, 0xfe, 0xfe, 0xfe, 0xfe, 0xfe, 0xfe, 0xfe, 0xfe, 0xfe,
  0xfe, 0xfe, 0xfe, 0xfe, 0xfe, 0xfe, 0xfe, 0xfe, 0xfe, 0xfe, 0xfe, 0xfe,
  0xfe, 0xfe, 0xfe, 0xfe, 0xfe, 0xfe, 0xfe, 0xfe, 0xfe, 0xff, 0xff, 0xff,
  0xff, 0xff, 0xff, 0xff, 0xff, 0xff, 0xff, 0xff, 0xff, 0xff, 0xff, 0xff,
  0xff, 0xff, 0xff, 0xff, 0xff, 0xff, 0xff, 0xff, 0xff, 0xff, 0xff, 0xff,
  0xff, 0xff, 0xff, 0xff, 0xff, 0xff, 0xff, 0xff, 0xff, 0xff, 0xff, 0xff,
  0xff, 0xff, 0xff, 0xff, 0xff, 0xff, 0xff, 0xff, 0xff, 0xff, 0xff, 0xff,
  0xff, 0xff, 0xff, 0xff, 0xff, 0xff, 0xff, 0xff, 0xff, 0xff, 0xff, 0xff,
  0xff, 0xff, 0xff, 0xff, 0xff, 0xff, 0xff, 0xff, 0xff, 0xff, 0xff, 0xff,
  0xff, 0xff, 0xff, 0xff, 0xff, 0xff, 0xff, 0xff, 0xff, 0xff, 0xff, 0xff,
  0xff, 0xff, 0xff, 0xff, 0xff, 0xff, 0xff, 0xff, 0xff, 0xff, 0xff, 0xff,
  0xff, 0xff, 0xff, 0xff, 0xff, 0xff, 0xff, 0xff, 0xff, 0xff, 0xff, 0xff,
  0xff, 0xff, 0xff, 0xfe, 0xfe, 0xfe, 0xfe, 0xfe, 0xfe, 0xfe, 0xfe, 0xfe,
  0xfe, 0xfe, 0xfe, 0xfe, 0xfe, 0xfe, 0xfe, 0xfe, 0xfe, 0xfe, 0xfe, 0xfe,
  0xfe, 0xfe, 0xfe, 0xfe, 0xfe, 0xfe, 0xfe, 0xfe, 0xfe, 0xfe, 0xfe, 0xfe,
  0xfe, 0xfe, 0xfe, 0xfe, 0xfe, 0xfe, 0xfe, 0xfe, 0xfe, 0xfe, 0xfe, 0xfe,
  0xfe, 0xfe, 0xfe, 0xfe, 0xfe, 0xfe, 0xfe, 0xfe, 0xfe, 0xfe, 0xfe, 0xfe,
  0xfe, 0xfe, 0xfe, 0xfe, 0xfe, 0xfe, 0xfe, 0xfe, 0xfe, 0xfe, 0xfe, 0xfe,
  0xfe, 0xfe, 0xfe, 0xfe, 0xfe, 0xfe, 0xfe, 0xfe, 0xfe, 0xfe, 0xfe, 0xfe,
  0xfe, 0xfe, 0xfe, 0xfe, 0xfe, 0xfe, 0xfe, 0xfe, 0xfe, 0xfe, 0xfe, 0xfe,
  0xff, 0xff, 0xff, 0xff, 0xff, 0xff, 0xff, 0xff, 0xff, 0xff, 0xff, 0xff,
  0xff, 0xff, 0xff, 0xff, 0xff, 0xff, 0xff, 0xff, 0xff, 0x33, 0x33, 0x33,
  0x00, 0x00, 0x00, 0x00, 0x00, 0x00, 0x00, 0x00, 0x00, 0x00, 0x00, 0x00,
  0x00, 0x00, 0x00, 0x00, 0x00, 0x00, 0x00, 0x00, 0x00, 0x00, 0x00, 0x00,
  0x00, 0x00, 0x00, 0x00, 0x00, 0x00, 0x00, 0x00, 0x00, 0x00, 0x00, 0x00,
  0x00, 0x00, 0x00, 0xc2, 0xc2, 0xc2, 0xff, 0xff, 0xff, 0xff, 0xff, 0xff,
  0xff, 0xff, 0xff, 0xff, 0xff, 0xff, 0xff, 0xff, 0xff, 0xff, 0xff, 0xff,
  0xff, 0xff, 0xff, 0xff, 0xff, 0xff, 0xfe, 0xfe, 0xfe, 0xff, 0xff, 0xff,
  0xfe, 0xfe, 0xfe, 0xfe, 0xfe, 0xfe, 0xfe, 0xfe, 0xfe, 0xfe, 0xfe, 0xfe,
  0xfe, 0xfe, 0xfe, 0xfe, 0xfe, 0xfe, 0xfe, 0xfe, 0xfe, 0xfe, 0xfe, 0xfe,
  0xfe, 0xfe, 0xfe, 0xfe, 0xfe, 0xfe, 0xfe, 0xfe, 0xfe, 0xfe, 0xfe, 0xfe,
  0xfe, 0xfe, 0xfe, 0xfe, 0xfe, 0xfe, 0xfe, 0xfe, 0xfe, 0xfe, 0xfe, 0xfe,
  0xfe, 0xfe, 0xfe, 0xfe, 0xfe, 0xfe, 0xfe, 0xfe, 0xfe, 0xfe, 0xfe, 0xfe,
  0xfe, 0xfe, 0xfe, 0xfe, 0xfe, 0xfe, 0xff, 0xff, 0xff, 0xff, 0xff, 0xff,
  0xff, 0xff, 0xff, 0xff, 0xff, 0xff, 0xff, 0xff, 0xff, 0xff, 0xff, 0xff,
  0xff, 0xff, 0xff, 0xff, 0xff, 0xff, 0xff, 0xff, 0xff, 0xff, 0xff, 0xff,
  0xff, 0xff, 0xff, 0xff, 0xff, 0xff, 0xff, 0xff, 0xff, 0xff, 0xff, 0xff,
  0xff, 0xff, 0xff, 0xff, 0xff, 0xff, 0xff, 0xff, 0xff, 0xff, 0xff, 0xff,
  0xff, 0xff, 0xff, 0xff, 0xff, 0xff, 0xff, 0xff, 0xff, 0xff, 0xff, 0xff,
  0xff, 0xff, 0xff, 0xff, 0xff, 0xff, 0xff, 0xff, 0xff, 0xff, 0xff, 0xff,
  0xff, 0xff, 0xff, 0xff, 0xff, 0xff, 0xff, 0xff, 0xff, 0xff, 0xff, 0xff,
  0xff, 0xff, 0xff, 0xff, 0xff, 0xff, 0xff, 0xff, 0xff, 0xff, 0xff, 0xff,
  0xff, 0xff, 0xff, 0xff, 0xff, 0xff, 0xff, 0xff, 0xff, 0xff, 0xff, 0xff,
  0xff, 0xff, 0xff, 0xff, 0xff, 0xff, 0xff, 0xff, 0xff, 0xff, 0xff, 0xff,
  0xff, 0xff, 0xff, 0xff, 0xff, 0xff, 0xff, 0xff, 0xff, 0xff, 0xff, 0xff,
  0xff, 0xff, 0xff, 0xff, 0xff, 0xff, 0xfe, 0xfe, 0xfe, 0xfe, 0xfe, 0xfe,
  0xfe, 0xfe, 0xfe, 0xfe, 0xfe, 0xfe, 0xfe, 0xfe, 0xfe, 0xfe, 0xfe, 0xfe,
  0xfe, 0xfe, 0xfe, 0xfe, 0xfe, 0xfe, 0xfe, 0xfe, 0xfe, 0xfe, 0xfe, 0xfe,
  0xfe, 0xfe, 0xfe, 0xfe, 0xfe, 0xfe, 0xfe, 0xfe, 0xfe, 0xfe, 0xfe, 0xfe,
  0xfe, 0xfe, 0xfe, 0xfe, 0xfe, 0xfe, 0xfe, 0xfe, 0xfe, 0xfe, 0xfe, 0xfe,
  0xfe, 0xfe, 0xfe, 0xfe, 0xfe, 0xfe, 0xfe, 0xfe, 0xfe, 0xfe, 0xfe, 0xfe,
  0xff, 0xff, 0xff, 0xfe, 0xfe, 0xfe, 0xff, 0xff, 0xff, 0xff, 0xff, 0xff,
  0xff, 0xff, 0xff, 0xff, 0xff, 0xff, 0xff, 0xff, 0xff, 0xff, 0xff, 0xff,
  0xff, 0xff, 0xff, 0xff, 0xff, 0xff, 0xc2, 0xc2, 0xc2, 0x00, 0x00, 0x00,
  0x00, 0x00, 0x00, 0x00, 0x00, 0x00, 0x00, 0x00, 0x00, 0x00, 0x00, 0x00,
  0x00, 0x00, 0x00, 0x00, 0x00, 0x00, 0x00, 0x00, 0x00, 0x00, 0x00, 0x00,
  0x00, 0x00, 0x00, 0x00, 0x00, 0x00, 0x00, 0x00, 0x00, 0x00, 0x00, 0x00,
  0x00, 0x00, 0x00, 0x52, 0x52, 0x52, 0xff, 0xff, 0xff, 0xff, 0xff, 0xff,
  0xff, 0xff, 0xff, 0xff, 0xff, 0xff, 0xff, 0xff, 0xff, 0xff, 0xff, 0xff,
  0xff, 0xff, 0xff, 0xff, 0xff, 0xff, 0xff, 0xff, 0xff, 0xff, 0xff, 0xff,
  0xff, 0xff, 0xff, 0xff, 0xff, 0xff, 0xff, 0xff, 0xff, 0xff, 0xff, 0xff,
  0xff, 0xff, 0xff, 0xff, 0xff, 0xff, 0xff, 0xff, 0xff, 0xff, 0xff, 0xff,
  0xff, 0xff, 0xff, 0xff, 0xff, 0xff, 0xff, 0xff, 0xff, 0xff, 0xff, 0xff,
  0xff, 0xff, 0xff, 0xff, 0xff, 0xff, 0xff, 0xff, 0xff, 0xff, 0xff, 0xff,
  0xff, 0xff, 0xff, 0xff, 0xff, 0xff, 0xff, 0xff, 0xff, 0xff, 0xff, 0xff,
  0xff, 0xff, 0xff, 0xff, 0xff, 0xff, 0xff, 0xff, 0xff, 0xff, 0xff, 0xff,
  0xff, 0xff, 0xff, 0xff, 0xff, 0xff, 0xff, 0xff, 0xff, 0xff, 0xff, 0xff,
  0xff, 0xff, 0xff, 0xff, 0xff, 0xff, 0xff, 0xff, 0xff, 0xff, 0xff, 0xff,
  0xff, 0xff, 0xff, 0xff, 0xff, 0xff, 0xff, 0xff, 0xff, 0xff, 0xff, 0xff,
  0xff, 0xff, 0xff, 0xff, 0xff, 0xff, 0xff, 0xff, 0xff, 0xff, 0xff, 0xff,
  0xff, 0xff, 0xff, 0xff, 0xff, 0xff, 0xff, 0xff, 0xff, 0xff, 0xff, 0xff,
  0xff, 0xff, 0xff, 0xff, 0xff, 0xff, 0xff, 0xff, 0xff, 0xff, 0xff, 0xff,
  0xff, 0xff, 0xff, 0xff, 0xff, 0xff, 0xff, 0xff, 0xff, 0xff, 0xff, 0xff,
  0xff, 0xff, 0xff, 0xff, 0xff, 0xff, 0xff, 0xff, 0xff, 0xff, 0xff, 0xff,
  0xff, 0xff, 0xff, 0xff, 0xff, 0xff, 0xff, 0xff, 0xff, 0xff, 0xff, 0xff,
  0xff, 0xff, 0xff, 0xff, 0xff, 0xff, 0xff, 0xff, 0xff, 0xff, 0xff, 0xff,
  0xff, 0xff, 0xff, 0xff, 0xff, 0xff, 0xff, 0xff, 0xff, 0xff, 0xff, 0xff,
  0xff, 0xff, 0xff, 0xff, 0xff, 0xff, 0xff, 0xff, 0xff, 0xff, 0xff, 0xff,
  0xff, 0xff, 0xff, 0xff, 0xff, 0xff, 0xff, 0xff, 0xff, 0xff, 0xff, 0xff,
  0xff, 0xff, 0xff, 0xff, 0xff, 0xff, 0xff, 0xff, 0xff, 0xff, 0xff, 0xff,
  0xff, 0xff, 0xff, 0xff, 0xff, 0xff, 0xff, 0xff, 0xff, 0xff, 0xff, 0xff,
  0xff, 0xff, 0xff, 0xff, 0xff, 0xff, 0xff, 0xff, 0xff, 0xff, 0xff, 0xff,
  0xff, 0xff, 0xff, 0xff, 0xff, 0xff, 0xff, 0xff, 0xff, 0xff, 0xff, 0xff,
  0xff, 0xff, 0xff, 0xff, 0xff, 0xff, 0xff, 0xff, 0xff, 0xff, 0xff, 0xff,
  0xff, 0xff, 0xff, 0xff, 0xff, 0xff, 0xff, 0xff, 0xff, 0xff, 0xff, 0xff,
  0xff, 0xff, 0xff, 0xff, 0xff, 0xff, 0x52, 0x52, 0x52, 0x00, 0x00, 0x00,
  0x00, 0x00, 0x00, 0x00, 0x00, 0x00, 0x00, 0x00, 0x00, 0x00, 0x00, 0x00,
  0x00, 0x00, 0x00, 0x00, 0x00, 0x00, 0x00, 0x00, 0x00, 0x00, 0x00, 0x00,
  0x00, 0x00, 0x00, 0x00, 0x00, 0x00, 0x00, 0x00, 0x00, 0x00, 0x00, 0x00,
  0x00, 0x00, 0x00, 0x00, 0x00, 0x00, 0xc9, 0xc9, 0xc9, 0xff, 0xff, 0xff,
  0xff, 0xff, 0xff, 0xff, 0xff, 0xff, 0xff, 0xff, 0xff, 0xff, 0xff, 0xff,
  0xff, 0xff, 0xff, 0xff, 0xff, 0xff, 0xff, 0xff, 0xff, 0xff, 0xff, 0xff,
  0xff, 0xff, 0xff, 0xff, 0xff, 0xff, 0xff, 0xff, 0xff, 0xff, 0xff, 0xff,
  0xff, 0xff, 0xff, 0xff, 0xff, 0xff, 0xff, 0xff, 0xff, 0xff, 0xff, 0xff,
  0xff, 0xff, 0xff, 0xff, 0xff, 0xff, 0xff, 0xff, 0xff, 0xff, 0xff, 0xff,
  0xff, 0xff, 0xff, 0xff, 0xff, 0xff, 0xff, 0xff, 0xff, 0xff, 0xff, 0xff,
  0xff, 0xff, 0xff, 0xff, 0xff, 0xff, 0xff, 0xff, 0xff, 0xff, 0xff, 0xff,
  0xff, 0xff, 0xff, 0xff, 0xff, 0xff, 0xff, 0xff, 0xff, 0xff, 0xff, 0xff,
  0xff, 0xff, 0xff, 0xff, 0xff, 0xff, 0xff, 0xff, 0xff, 0xff, 0xff, 0xff,
  0xff, 0xff, 0xff, 0xff, 0xff, 0xff, 0xff, 0xff, 0xff, 0xff, 0xff, 0xff,
  0xff, 0xff, 0xff, 0xff, 0xff, 0xff, 0xff, 0xff, 0xff, 0xff, 0xff, 0xff,
  0xff, 0xff, 0xff, 0xff, 0xff, 0xff, 0xff, 0xff, 0xff, 0xff, 0xff, 0xff,
  0xff, 0xff, 0xff, 0xff, 0xff, 0xff, 0xff, 0xff, 0xff, 0xff, 0xff, 0xff,
  0xff, 0xff, 0xff, 0xff, 0xff, 0xff, 0xff, 0xff, 0xff, 0xff, 0xff, 0xff,
  0xff, 0xff, 0xff, 0xff, 0xff, 0xff, 0xff, 0xff, 0xff, 0xff, 0xff, 0xff,
  0xff, 0xff, 0xff, 0xff, 0xff, 0xff, 0xff, 0xff, 0xff, 0xff, 0xff, 0xff,
  0xff, 0xff, 0xff, 0xff, 0xff, 0xff, 0xff, 0xff, 0xff, 0xff, 0xff, 0xff,
  0xff, 0xff, 0xff, 0xff, 0xff, 0xff, 0xff, 0xff, 0xff, 0xff, 0xff, 0xff,
  0xff, 0xff, 0xff, 0xff, 0xff, 0xff, 0xff, 0xff, 0xff, 0xff, 0xff, 0xff,
  0xff, 0xff, 0xff, 0xff, 0xff, 0xff, 0xff, 0xff, 0xff, 0xff, 0xff, 0xff,
  0xff, 0xff, 0xff, 0xff, 0xff, 0xff, 0xff, 0xff, 0xff, 0xff, 0xff, 0xff,
  0xff, 0xff, 0xff, 0xff, 0xff, 0xff, 0xff, 0xff, 0xff, 0xff, 0xff, 0xff,
  0xff, 0xff, 0xff, 0xff, 0xff, 0xff, 0xff, 0xff, 0xff, 0xff, 0xff, 0xff,
  0xff, 0xff, 0xff, 0xff, 0xff, 0xff, 0xff, 0xff, 0xff, 0xff, 0xff, 0xff,
  0xff, 0xff, 0xff, 0xff, 0xff, 0xff, 0xff, 0xff, 0xff, 0xff, 0xff, 0xff,
  0xff, 0xff, 0xff, 0xff, 0xff, 0xff, 0xff, 0xff, 0xff, 0xff, 0xff, 0xff,
  0xff, 0xff, 0xff, 0xff, 0xff, 0xff, 0xff, 0xff, 0xff, 0xff, 0xff, 0xff,
  0xff, 0xff, 0xff, 0xc9, 0xc9, 0xc9, 0x00, 0x00, 0x00, 0x00, 0x00, 0x00,
  0x00, 0x00, 0x00, 0x00, 0x00, 0x00, 0x00, 0x00, 0x00, 0x00, 0x00, 0x00,
  0x00, 0x00, 0x00, 0x00, 0x00, 0x00, 0x00, 0x00, 0x00, 0x00, 0x00, 0x00,
  0x00, 0x00, 0x00, 0x00, 0x00, 0x00, 0x00, 0x00, 0x00, 0x00, 0x00, 0x00,
  0x00, 0x00, 0x00, 0x00, 0x00, 0x00, 0x42, 0x42, 0x42, 0xff, 0xff, 0xff,
  0xff, 0xff, 0xff, 0xff, 0xff, 0xff, 0xff, 0xff, 0xff, 0xff, 0xff, 0xff,
  0xff, 0xff, 0xff, 0xff, 0xff, 0xff, 0xff, 0xff, 0xff, 0xff, 0xff, 0xff,
  0xff, 0xff, 0xff, 0xff, 0xff, 0xff, 0xff, 0xff, 0xff, 0xff, 0xff, 0xff,
  0xff, 0xff, 0xff, 0xff, 0xff, 0xff, 0xff, 0xff, 0xff, 0xff, 0xff, 0xff,
  0xff, 0xff, 0xff, 0xff, 0xff, 0xff, 0xff, 0xff, 0xff, 0xff, 0xff, 0xff,
  0xff, 0xff, 0xff, 0xff, 0xff, 0xff, 0xff, 0xff, 0xff, 0xff, 0xff, 0xff,
  0xff, 0xff, 0xff, 0xff, 0xff, 0xff, 0xff, 0xff, 0xff, 0xff, 0xff, 0xff,
  0xff, 0xff, 0xff, 0xff, 0xff, 0xff, 0xff, 0xff, 0xff, 0xff, 0xff, 0xff,
  0xff, 0xff, 0xff, 0xff, 0xff, 0xff, 0xff, 0xff, 0xff, 0xff, 0xff, 0xff,
  0xff, 0xff, 0xff, 0xff, 0xff, 0xff, 0xff, 0xff, 0xff, 0xff, 0xff, 0xff,
  0xff, 0xff, 0xff, 0xff, 0xff, 0xff, 0xff, 0xff, 0xff, 0xff, 0xff, 0xff,
  0xff, 0xff, 0xff, 0xff, 0xff, 0xff, 0xff, 0xff, 0xff, 0xff, 0xff, 0xff,
  0xff, 0xff, 0xff, 0xff, 0xff, 0xff, 0xff, 0xff, 0xff, 0xff, 0xff, 0xff,
  0xff, 0xff, 0xff, 0xff, 0xff, 0xff, 0xff, 0xff, 0xff, 0xff, 0xff, 0xff,
  0xff, 0xff, 0xff, 0xff, 0xff, 0xff, 0xff, 0xff, 0xff, 0xff, 0xff, 0xff,
  0xff, 0xff, 0xff, 0xff, 0xff, 0xff, 0xff, 0xff, 0xff, 0xff, 0xff, 0xff,
  0xff, 0xff, 0xff, 0xff, 0xff, 0xff, 0xff, 0xff, 0xff, 0xff, 0xff, 0xff,
  0xff, 0xff, 0xff, 0xff, 0xff, 0xff, 0xff, 0xff, 0xff, 0xff, 0xff, 0xff,
  0xff, 0xff, 0xff, 0xff, 0xff, 0xff, 0xff, 0xff, 0xff, 0xff, 0xff, 0xff,
  0xff, 0xff, 0xff, 0xff, 0xff, 0xff, 0xff, 0xff, 0xff, 0xff, 0xff, 0xff,
  0xff, 0xff, 0xff, 0xff, 0xff, 0xff, 0xff, 0xff, 0xff, 0xff, 0xff, 0xff,
  0xff, 0xff, 0xff, 0xff, 0xff, 0xff, 0xff, 0xff, 0xff, 0xff, 0xff, 0xff,
  0xff, 0xff, 0xff, 0xff, 0xff, 0xff, 0xff, 0xff, 0xff, 0xff, 0xff, 0xff,
  0xff, 0xff, 0xff, 0xff, 0xff, 0xff, 0xff, 0xff, 0xff, 0xff, 0xff, 0xff,
  0xff, 0xff, 0xff, 0xff, 0xff, 0xff, 0xff, 0xff, 0xff, 0xff, 0xff, 0xff,
  0xff, 0xff, 0xff, 0xff, 0xff, 0xff, 0xff, 0xff, 0xff, 0xff, 0xff, 0xff,
  0xff, 0xff, 0xff, 0xff, 0xff, 0xff, 0xff, 0xff, 0xff, 0xff, 0xff, 0xff,
  0xff, 0xff, 0xff, 0x42, 0x42, 0x42, 0x00, 0x00, 0x00, 0x00, 0x00, 0x00,
  0x00, 0x00, 0x00, 0x00, 0x00, 0x00, 0x00, 0x00, 0x00, 0x00, 0x00, 0x00,
  0x00, 0x00, 0x00, 0x00, 0x00, 0x00, 0x00, 0x00, 0x00, 0x00, 0x00, 0x00,
  0x00, 0x00, 0x00, 0x00, 0x00, 0x00, 0x00, 0x00, 0x00, 0x00, 0x00, 0x00,
  0x00, 0x00, 0x00, 0x00, 0x00, 0x00, 0x00, 0x00, 0x00, 0x9d, 0x9d, 0x9d,
  0xff, 0xff, 0xff, 0xff, 0xff, 0xff, 0xff, 0xff, 0xff, 0xff, 0xff, 0xff,
  0xff, 0xff, 0xff, 0xff, 0xff, 0xff, 0xff, 0xff, 0xff, 0xff, 0xff, 0xff,
  0xff, 0xff, 0xff, 0xff, 0xff, 0xff, 0xff, 0xff, 0xff, 0xff, 0xff, 0xff,
  0xff, 0xff, 0xff, 0xff, 0xff, 0xff, 0xff, 0xff, 0xff, 0xff, 0xff, 0xff,
  0xff, 0xff, 0xff, 0xff, 0xff, 0xff, 0xff, 0xff, 0xff, 0xff, 0xff, 0xff,
  0xff, 0xff, 0xff, 0xff, 0xff, 0xff, 0xff, 0xff, 0xff, 0xff, 0xff, 0xff,
  0xff, 0xff, 0xff, 0xff, 0xff, 0xff, 0xff, 0xff, 0xff, 0xff, 0xff, 0xff,
  0xff, 0xff, 0xff, 0xff, 0xff, 0xff, 0xff, 0xff, 0xff, 0xff, 0xff, 0xff,
  0xff, 0xff, 0xff, 0xff, 0xff, 0xff, 0xff, 0xff, 0xff, 0xff, 0xff, 0xff,
  0xff, 0xff, 0xff, 0xff, 0xff, 0xff, 0xff, 0xff, 0xff, 0xff, 0xff, 0xff,
  0xff, 0xff, 0xff, 0xff, 0xff, 0xff, 0xff, 0xff, 0xff, 0xff, 0xff, 0xff,
  0xff, 0xff, 0xff, 0xff, 0xff, 0xff, 0xff, 0xff, 0xff, 0xff, 0xff, 0xff,
  0xff, 0xff, 0xff, 0xff, 0xff, 0xff, 0xff, 0xff, 0xff, 0xff, 0xff, 0xff,
  0xff, 0xff, 0xff, 0xff, 0xff, 0xff, 0xff, 0xff, 0xff, 0xff, 0xff, 0xff,
  0xff, 0xff, 0xff, 0xff, 0xff, 0xff, 0xff, 0xff, 0xff, 0xff, 0xff, 0xff,
  0xff, 0xff, 0xff, 0xff, 0xff, 0xff, 0xff, 0xff, 0xff, 0xff, 0xff, 0xff,
  0xff, 0xff, 0xff, 0xff, 0xff, 0xff, 0xff, 0xff, 0xff, 0xff, 0xff, 0xff,
  0xff, 0xff, 0xff, 0xff, 0xff, 0xff, 0xff, 0xff, 0xff, 0xff, 0xff, 0xff,
  0xff, 0xff, 0xff, 0xff, 0xff, 0xff, 0xff, 0xff, 0xff, 0xff, 0xff, 0xff,
  0xff, 0xff, 0xff, 0xff, 0xff, 0xff, 0xff, 0xff, 0xff, 0xff, 0xff, 0xff,
  0xff, 0xff, 0xff, 0xff, 0xff, 0xff, 0xff, 0xff, 0xff, 0xff, 0xff, 0xff,
  0xff, 0xff, 0xff, 0xff, 0xff, 0xff, 0xff, 0xff, 0xff, 0xff, 0xff, 0xff,
  0xff, 0xff, 0xff, 0xff, 0xff, 0xff, 0xff, 0xff, 0xff, 0xff, 0xff, 0xff,
  0xff, 0xff, 0xff, 0xff, 0xff, 0xff, 0xff, 0xff, 0xff, 0xff, 0xff, 0xff,
  0xff, 0xff, 0xff, 0xff, 0xff, 0xff, 0xff, 0xff, 0xff, 0xff, 0xff, 0xff,
  0xff, 0xff, 0xff, 0xff, 0xff, 0xff, 0xff, 0xff, 0xff, 0xff, 0xff, 0xff,
  0xff, 0xff, 0xff, 0xff, 0xff, 0xff, 0xff, 0xff, 0xff, 0xff, 0xff, 0xff,
  0x9d, 0x9d, 0x9d, 0x00, 0x00, 0x00, 0x00, 0x00, 0x00, 0x00, 0x00, 0x00,
  0x00, 0x00, 0x00, 0x00, 0x00, 0x00, 0x00, 0x00, 0x00, 0x00, 0x00, 0x00,
  0x00, 0x00, 0x00, 0x00, 0x00, 0x00, 0x00, 0x00, 0x00, 0x00, 0x00, 0x00,
  0x00, 0x00, 0x00, 0x00, 0x00, 0x00, 0x00, 0x00, 0x00, 0x00, 0x00, 0x00,
  0x00, 0x00, 0x00, 0x00, 0x00, 0x00, 0x00, 0x00, 0x00, 0x10, 0x10, 0x10,
  0xdc, 0xdc, 0xdc, 0xff, 0xff, 0xff, 0xff, 0xff, 0xff, 0xff, 0xff, 0xff,
  0xff, 0xff, 0xff, 0xff, 0xff, 0xff, 0xff, 0xff, 0xff, 0xff, 0xff, 0xff,
  0xff, 0xff, 0xff, 0xff, 0xff, 0xff, 0xff, 0xff, 0xff, 0xff, 0xff, 0xff,
  0xff, 0xff, 0xff, 0xff, 0xff, 0xff, 0xff, 0xff, 0xff, 0xff, 0xff, 0xff,
  0xff, 0xff, 0xff, 0xff, 0xff, 0xff, 0xff, 0xff, 0xff, 0xff, 0xff, 0xff,
  0xff, 0xff, 0xff, 0xff, 0xff, 0xff, 0xff, 0xff, 0xff, 0xff, 0xff, 0xff,
  0xff, 0xff, 0xff, 0xff, 0xff, 0xff, 0xff, 0xff, 0xff, 0xff, 0xff, 0xff,
  0xff, 0xff, 0xff, 0xff, 0xff, 0xff, 0xff, 0xff, 0xff, 0xff, 0xff, 0xff,
  0xff, 0xff, 0xff, 0xff, 0xff, 0xff, 0xff, 0xff, 0xff, 0xff, 0xff, 0xff,
  0xff, 0xff, 0xff, 0xff, 0xff, 0xff, 0xff, 0xff, 0xff, 0xff, 0xff, 0xff,
  0xff, 0xff, 0xff, 0xff, 0xff, 0xff, 0xff, 0xff, 0xff, 0xff, 0xff, 0xff,
  0xff, 0xff, 0xff, 0xff, 0xff, 0xff, 0xff, 0xff, 0xff, 0xff, 0xff, 0xff,
  0xff, 0xff, 0xff, 0xff, 0xff, 0xff, 0xff, 0xff, 0xff, 0xff, 0xff, 0xff,
  0xff, 0xff, 0xff, 0xff, 0xff, 0xff, 0xff, 0xff, 0xff, 0xff, 0xff, 0xff,
  0xff, 0xff, 0xff, 0xff, 0xff, 0xff, 0xff, 0xff, 0xff, 0xff, 0xff, 0xff,
  0xff, 0xff, 0xff, 0xff, 0xff, 0xff, 0xff, 0xff, 0xff, 0xff, 0xff, 0xff,
  0xff, 0xff, 0xff, 0xff, 0xff, 0xff, 0xff, 0xff, 0xff, 0xff, 0xff, 0xff,
  0xff, 0xff, 0xff, 0xff, 0xff, 0xff, 0xff, 0xff, 0xff, 0xff, 0xff, 0xff,
  0xff, 0xff, 0xff, 0xff, 0xff, 0xff, 0xff, 0xff, 0xff, 0xff, 0xff, 0xff,
  0xff, 0xff, 0xff, 0xff, 0xff, 0xff, 0xff, 0xff, 0xff, 0xff, 0xff, 0xff,
  0xff, 0xff, 0xff, 0xff, 0xff, 0xff, 0xff, 0xff, 0xff, 0xff, 0xff, 0xff,
  0xff, 0xff, 0xff, 0xff, 0xff, 0xff, 0xff, 0xff, 0xff, 0xff, 0xff, 0xff,
  0xff, 0xff, 0xff, 0xff, 0xff, 0xff, 0xff, 0xff, 0xff, 0xff, 0xff, 0xff,
  0xff, 0xff, 0xff, 0xff, 0xff, 0xff, 0xff, 0xff, 0xff, 0xff, 0xff, 0xff,
  0xff, 0xff, 0xff, 0xff, 0xff, 0xff, 0xff, 0xff, 0xff, 0xff, 0xff, 0xff,
  0xff, 0xff, 0xff, 0xff, 0xff, 0xff, 0xff, 0xff, 0xff, 0xff, 0xff, 0xff,
  0xff, 0xff, 0xff, 0xff, 0xff, 0xff, 0xff, 0xff, 0xff, 0xdc, 0xdc, 0xdc,
  0x10, 0x10, 0x10, 0x00, 0x00, 0x00, 0x00, 0x00, 0x00, 0x00, 0x00, 0x00,
  0x00, 0x00, 0x00, 0x00, 0x00, 0x00, 0x00, 0x00, 0x00, 0x00, 0x00, 0x00,
  0x00, 0x00, 0x00, 0x00, 0x00, 0x00, 0x00, 0x00, 0x00, 0x00, 0x00, 0x00,
  0x00, 0x00, 0x00, 0x00, 0x00, 0x00, 0x00, 0x00, 0x00, 0x00, 0x00, 0x00,
  0x00, 0x00, 0x00, 0x00, 0x00, 0x00, 0x00, 0x00, 0x00, 0x00, 0x00, 0x00,
  0x3a, 0x3a, 0x3a, 0xfc, 0xfc, 0xfc, 0xff, 0xff, 0xff, 0xff, 0xff, 0xff,
  0xff, 0xff, 0xff, 0xff, 0xff, 0xff, 0xff, 0xff, 0xff, 0xff, 0xff, 0xff,
  0xff, 0xff, 0xff, 0xff, 0xff, 0xff, 0xff, 0xff, 0xff, 0xff, 0xff, 0xff,
  0xff, 0xff, 0xff, 0xff, 0xff, 0xff, 0xff, 0xff, 0xff, 0xff, 0xff, 0xff,
  0xff, 0xff, 0xff, 0xff, 0xff, 0xff, 0xff, 0xff, 0xff, 0xff, 0xff, 0xff,
  0xff, 0xff, 0xff, 0xff, 0xff, 0xff, 0xff, 0xff, 0xff, 0xff, 0xff, 0xff,
  0xff, 0xff, 0xff, 0xff, 0xff, 0xff, 0xff, 0xff, 0xff, 0xff, 0xff, 0xff,
  0xff, 0xff, 0xff, 0xff, 0xff, 0xff, 0xff, 0xff, 0xff, 0xff, 0xff, 0xff,
  0xff, 0xff, 0xff, 0xff, 0xff, 0xff, 0xff, 0xff, 0xff, 0xff, 0xff, 0xff,
  0xff, 0xff, 0xff, 0xff, 0xff, 0xff, 0xff, 0xff, 0xff, 0xff, 0xff, 0xff,
  0xff, 0xff, 0xff, 0xff, 0xff, 0xff, 0xff, 0xff, 0xff, 0xff, 0xff, 0xff,
  0xff, 0xff, 0xff, 0xff, 0xff, 0xff, 0xff, 0xff, 0xff, 0xff, 0xff, 0xff,
  0xff, 0xff, 0xff, 0xff, 0xff, 0xff, 0xff, 0xff, 0xff, 0xff, 0xff, 0xff,
  0xff, 0xff, 0xff, 0xff, 0xff, 0xff, 0xff, 0xff, 0xff, 0xff, 0xff, 0xff,
  0xff, 0xff, 0xff, 0xff, 0xff, 0xff, 0xff, 0xff, 0xff, 0xff, 0xff, 0xff,
  0xff, 0xff, 0xff, 0xff, 0xff, 0xff, 0xff, 0xff, 0xff, 0xff, 0xff, 0xff,
  0xff, 0xff, 0xff, 0xff, 0xff, 0xff, 0xff, 0xff, 0xff, 0xff, 0xff, 0xff,
  0xff, 0xff, 0xff, 0xff, 0xff, 0xff, 0xff, 0xff, 0xff, 0xff, 0xff, 0xff,
  0xff, 0xff, 0xff, 0xff, 0xff, 0xff, 0xff, 0xff, 0xff, 0xff, 0xff, 0xff,
  0xff, 0xff, 0xff, 0xff, 0xff, 0xff, 0xff, 0xff, 0xff, 0xff, 0xff, 0xff,
  0xff, 0xff, 0xff, 0xff, 0xff, 0xff, 0xff, 0xff, 0xff, 0xff, 0xff, 0xff,
  0xff, 0xff, 0xff, 0xff, 0xff, 0xff, 0xff, 0xff, 0xff, 0xff, 0xff, 0xff,
  0xff, 0xff, 0xff, 0xff, 0xff, 0xff, 0xff, 0xff, 0xff, 0xff, 0xff, 0xff,
  0xff, 0xff, 0xff, 0xff, 0xff, 0xff, 0xff, 0xff, 0xff, 0xff, 0xff, 0xff,
  0xff, 0xff, 0xff, 0xff, 0xff, 0xff, 0xff, 0xff, 0xff, 0xff, 0xff, 0xff,
  0xff, 0xff, 0xff, 0xff, 0xff, 0xff, 0xff, 0xff, 0xff, 0xff, 0xff, 0xff,
  0xff, 0xff, 0xff, 0xff, 0xff, 0xff, 0xfc, 0xfc, 0xfc, 0x3a, 0x3a, 0x3a,
  0x00, 0x00, 0x00, 0x00, 0x00, 0x00, 0x00, 0x00, 0x00, 0x00, 0x00, 0x00,
  0x00, 0x00, 0x00, 0x00, 0x00, 0x00, 0x00, 0x00, 0x00, 0x00, 0x00, 0x00,
  0x00, 0x00, 0x00, 0x00, 0x00, 0x00, 0x00, 0x00, 0x00, 0x00, 0x00, 0x00,
  0x00, 0x00, 0x00, 0x00, 0x00, 0x00, 0x00, 0x00, 0x00, 0x00, 0x00, 0x00,
  0x00, 0x00, 0x00, 0x00, 0x00, 0x00, 0x00, 0x00, 0x00, 0x00, 0x00, 0x00,
  0x00, 0x00, 0x00, 0x63, 0x63, 0x63, 0xff, 0xff, 0xff, 0xff, 0xff, 0xff,
  0xff, 0xff, 0xff, 0xff, 0xff, 0xff, 0xff, 0xff, 0xff, 0xff, 0xff, 0xff,
  0xff, 0xff, 0xff, 0xff, 0xff, 0xff, 0xff, 0xff, 0xff, 0xff, 0xff, 0xff,
  0xff, 0xff, 0xff, 0xff, 0xff, 0xff, 0xff, 0xff, 0xff, 0xff, 0xff, 0xff,
  0xff, 0xff, 0xff, 0xff, 0xff, 0xff, 0xff, 0xff, 0xff, 0xff, 0xff, 0xff,
  0xff, 0xff, 0xff, 0xff, 0xff, 0xff, 0xff, 0xff, 0xff, 0xff, 0xff, 0xff,
  0xff, 0xff, 0xff, 0xff, 0xff, 0xff, 0xff, 0xff, 0xff, 0xff, 0xff, 0xff,
  0xff, 0xff, 0xff, 0xff, 0xff, 0xff, 0xff, 0xff, 0xff, 0xff, 0xff, 0xff,
  0xff, 0xff, 0xff, 0xff, 0xff, 0xff, 0xff, 0xff, 0xff, 0xff, 0xff, 0xff,
  0xff, 0xff, 0xff, 0xff, 0xff, 0xff, 0xff, 0xff, 0xff, 0xff, 0xff, 0xff,
  0xff, 0xff, 0xff, 0xff, 0xff, 0xff, 0xff, 0xff, 0xff, 0xff, 0xff, 0xff,
  0xff, 0xff, 0xff, 0xff, 0xff, 0xff, 0xff, 0xff, 0xff, 0xff, 0xff, 0xff,
  0xff, 0xff, 0xff, 0xff, 0xff, 0xff, 0xff, 0xff, 0xff, 0xff, 0xff, 0xff,
  0xff, 0xff, 0xff, 0xff, 0xff, 0xff, 0xff, 0xff, 0xff, 0xff, 0xff, 0xff,
  0xff, 0xff, 0xff, 0xff, 0xff, 0xff, 0xff, 0xff, 0xff, 0xff, 0xff, 0xff,
  0xff, 0xff, 0xff, 0xff, 0xff, 0xff, 0xff, 0xff, 0xff, 0xff, 0xff, 0xff,
  0xff, 0xff, 0xff, 0xff, 0xff, 0xff, 0xff, 0xff, 0xff, 0xff, 0xff, 0xff,
  0xff, 0xff, 0xff, 0xff, 0xff, 0xff, 0xff, 0xff, 0xff, 0xff, 0xff, 0xff,
  0xff, 0xff, 0xff, 0xff, 0xff, 0xff, 0xff, 0xff, 0xff, 0xff, 0xff, 0xff,
  0xff, 0xff, 0xff, 0xff, 0xff, 0xff, 0xff, 0xff, 0xff, 0xff, 0xff, 0xff,
  0xff, 0xff, 0xff, 0xff, 0xff, 0xff, 0xff, 0xff, 0xff, 0xff, 0xff, 0xff,
  0xff, 0xff, 0xff, 0xff, 0xff, 0xff, 0xff, 0xff, 0xff, 0xff, 0xff, 0xff,
  0xff, 0xff, 0xff, 0xff, 0xff, 0xff, 0xff, 0xff, 0xff, 0xff, 0xff, 0xff,
  0xff, 0xff, 0xff, 0xff, 0xff, 0xff, 0xff, 0xff, 0xff, 0xff, 0xff, 0xff,
  0xff, 0xff, 0xff, 0xff, 0xff, 0xff, 0xff, 0xff, 0xff, 0xff, 0xff, 0xff,
  0xff, 0xff, 0xff, 0xff, 0xff, 0xff, 0xff, 0xff, 0xff, 0xff, 0xff, 0xff,
  0xff, 0xff, 0xff, 0xff, 0xff, 0xff, 0x63, 0x63, 0x63, 0x00, 0x00, 0x00,
  0x00, 0x00, 0x00, 0x00, 0x00, 0x00, 0x00, 0x00, 0x00, 0x00, 0x00, 0x00,
  0x00, 0x00, 0x00, 0x00, 0x00, 0x00, 0x00, 0x00, 0x00, 0x00, 0x00, 0x00,
  0x00, 0x00, 0x00, 0x00, 0x00, 0x00, 0x00, 0x00, 0x00, 0x00, 0x00, 0x00,
  0x00, 0x00, 0x00, 0x00, 0x00, 0x00, 0x00, 0x00, 0x00, 0x00, 0x00, 0x00,
  0x00, 0x00, 0x00, 0x00, 0x00, 0x00, 0x00, 0x00, 0x00, 0x00, 0x00, 0x00,
  0x00, 0x00, 0x00, 0x00, 0x00, 0x00, 0x72, 0x72, 0x72, 0xff, 0xff, 0xff,
  0xff, 0xff, 0xff, 0xff, 0xff, 0xff, 0xff, 0xff, 0xff, 0xff, 0xff, 0xff,
  0xff, 0xff, 0xff, 0xff, 0xff, 0xff, 0xff, 0xff, 0xff, 0xff, 0xff, 0xff,
  0xff, 0xff, 0xff, 0xff, 0xff, 0xff, 0xff, 0xff, 0xff, 0xff, 0xff, 0xff,
  0xff, 0xff, 0xff, 0xff, 0xff, 0xff, 0xff, 0xff, 0xff, 0xff, 0xff, 0xff,
  0xff, 0xff, 0xff, 0xff, 0xff, 0xff, 0xff, 0xff, 0xff, 0xff, 0xff, 0xff,
  0xff, 0xff, 0xff, 0xff, 0xff, 0xff, 0xff, 0xff, 0xff, 0xff, 0xff, 0xff,
  0xff, 0xff, 0xff, 0xff, 0xff, 0xff, 0xff, 0xff, 0xff, 0xff, 0xff, 0xff,
  0xff, 0xff, 0xff, 0xff, 0xff, 0xff, 0xff, 0xff, 0xff, 0xff, 0xff, 0xff,
  0xff, 0xff, 0xff, 0xff, 0xff, 0xff, 0xff, 0xff, 0xff, 0xff, 0xff, 0xff,
  0xff, 0xff, 0xff, 0xff, 0xff, 0xff, 0xff, 0xff, 0xff, 0xff, 0xff, 0xff,
  0xff, 0xff, 0xff, 0xff, 0xff, 0xff, 0xff, 0xff, 0xff, 0xff, 0xff, 0xff,
  0xff, 0xff, 0xff, 0xff, 0xff, 0xff, 0xff, 0xff, 0xff, 0xff, 0xff, 0xff,
  0xff, 0xff, 0xff, 0xff, 0xff, 0xff, 0xff, 0xff, 0xff, 0xff, 0xff, 0xff,
  0xff, 0xff, 0xff, 0xff, 0xff, 0xff, 0xff, 0xff, 0xff, 0xff, 0xff, 0xff,
  0xff, 0xff, 0xff, 0xff, 0xff, 0xff, 0xff, 0xff, 0xff, 0xff, 0xff, 0xff,
  0xff, 0xff, 0xff, 0xff, 0xff, 0xff, 0xff, 0xff, 0xff, 0xff, 0xff, 0xff,
  0xff, 0xff, 0xff, 0xff, 0xff, 0xff, 0xff, 0xff, 0xff, 0xff, 0xff, 0xff,
  0xff, 0xff, 0xff, 0xff, 0xff, 0xff, 0xff, 0xff, 0xff, 0xff, 0xff, 0xff,
  0xff, 0xff, 0xff, 0xff, 0xff, 0xff, 0xff, 0xff, 0xff, 0xff, 0xff, 0xff,
  0xff, 0xff, 0xff, 0xff, 0xff, 0xff, 0xff, 0xff, 0xff, 0xff, 0xff, 0xff,
  0xff, 0xff, 0xff, 0xff, 0xff, 0xff, 0xff, 0xff, 0xff, 0xff, 0xff, 0xff,
  0xff, 0xff, 0xff, 0xff, 0xff, 0xff, 0xff, 0xff, 0xff, 0xff, 0xff, 0xff,
  0xff, 0xff, 0xff, 0xff, 0xff, 0xff, 0xff, 0xff, 0xff, 0xff, 0xff, 0xff,
  0xff, 0xff, 0xff, 0xff, 0xff, 0xff, 0xff, 0xff, 0xff, 0xff, 0xff, 0xff,
  0xff, 0xff, 0xff, 0xff, 0xff, 0xff, 0xff, 0xff, 0xff, 0xff, 0xff, 0xff,
  0xff, 0xff, 0xff, 0x72, 0x72, 0x72, 0x00, 0x00, 0x00, 0x00, 0x00, 0x00,
  0x00, 0x00, 0x00, 0x00, 0x00, 0x00, 0x00, 0x00, 0x00, 0x00, 0x00, 0x00,
  0x00, 0x00, 0x00, 0x00, 0x00, 0x00, 0x00, 0x00, 0x00, 0x00, 0x00, 0x00,
  0x00, 0x00, 0x00, 0x00, 0x00, 0x00, 0x00, 0x00, 0x00, 0x00, 0x00, 0x00,
  0x00, 0x00, 0x00, 0x00, 0x00, 0x00, 0x00, 0x00, 0x00, 0x00, 0x00, 0x00,
  0x00, 0x00, 0x00, 0x00, 0x00, 0x00, 0x00, 0x00, 0x00, 0x00, 0x00, 0x00,
  0x00, 0x00, 0x00, 0x00, 0x00, 0x00, 0x00, 0x00, 0x00, 0x72, 0x72, 0x72,
  0xff, 0xff, 0xff, 0xff, 0xff, 0xff, 0xff, 0xff, 0xff, 0xff, 0xff, 0xff,
  0xff, 0xff, 0xff, 0xff, 0xff, 0xff, 0xff, 0xff, 0xff, 0xff, 0xff, 0xff,
  0xff, 0xff, 0xff, 0xff, 0xff, 0xff, 0xff, 0xff, 0xff, 0xff, 0xff, 0xff,
  0xff, 0xff, 0xff, 0xff, 0xff, 0xff, 0xff, 0xff, 0xff, 0xff, 0xff, 0xff,
  0xff, 0xff, 0xff, 0xff, 0xff, 0xff, 0xff, 0xff, 0xff, 0xff, 0xff, 0xff,
  0xff, 0xff, 0xff, 0xff, 0xff, 0xff, 0xff, 0xff, 0xff, 0xff, 0xff, 0xff,
  0xff, 0xff, 0xff, 0xff, 0xff, 0xff, 0xff, 0xff, 0xff, 0xff, 0xff, 0xff,
  0xff, 0xff, 0xff, 0xff, 0xff, 0xff, 0xff, 0xff, 0xff, 0xff, 0xff, 0xff,
  0xff, 0xff, 0xff, 0xff, 0xff, 0xff, 0xff, 0xff, 0xff, 0xff, 0xff, 0xff,
  0xff, 0xff, 0xff, 0xff, 0xff, 0xff, 0xff, 0xff, 0xff, 0xff, 0xff, 0xff,
  0xff, 0xff, 0xff, 0xff, 0xff, 0xff, 0xff, 0xff, 0xff, 0xff, 0xff, 0xff,
  0xff, 0xff, 0xff, 0xff, 0xff, 0xff, 0xff, 0xff, 0xff, 0xff, 0xff, 0xff,
  0xff, 0xff, 0xff, 0xff, 0xff, 0xff, 0xff, 0xff, 0xff, 0xff, 0xff, 0xff,
  0xff, 0xff, 0xff, 0xff, 0xff, 0xff, 0xff, 0xff, 0xff, 0xff, 0xff, 0xff,
  0xff, 0xff, 0xff, 0xff, 0xff, 0xff, 0xff, 0xff, 0xff, 0xff, 0xff, 0xff,
  0xff, 0xff, 0xff, 0xff, 0xff, 0xff, 0xff, 0xff, 0xff, 0xff, 0xff, 0xff,
  0xff, 0xff, 0xff, 0xff, 0xff, 0xff, 0xff, 0xff, 0xff, 0xff, 0xff, 0xff,
  0xff, 0xff, 0xff, 0xff, 0xff, 0xff, 0xff, 0xff, 0xff, 0xff, 0xff, 0xff,
  0xff, 0xff, 0xff, 0xff, 0xff, 0xff, 0xff, 0xff, 0xff, 0xff, 0xff, 0xff,
  0xff, 0xff, 0xff, 0xff, 0xff, 0xff, 0xff, 0xff, 0xff, 0xff, 0xff, 0xff,
  0xff, 0xff, 0xff, 0xff, 0xff, 0xff, 0xff, 0xff, 0xff, 0xff, 0xff, 0xff,
  0xff, 0xff, 0xff, 0xff, 0xff, 0xff, 0xff, 0xff, 0xff, 0xff, 0xff, 0xff,
  0xff, 0xff, 0xff, 0xff, 0xff, 0xff, 0xff, 0xff, 0xff, 0xff, 0xff, 0xff,
  0xff, 0xff, 0xff, 0xff, 0xff, 0xff, 0xff, 0xff, 0xff, 0xff, 0xff, 0xff,
  0xff, 0xff, 0xff, 0xff, 0xff, 0xff, 0xff, 0xff, 0xff, 0xff, 0xff, 0xff,
  0x72, 0x72, 0x72, 0x00, 0x00, 0x00, 0x00, 0x00, 0x00, 0x00, 0x00, 0x00,
  0x00, 0x00, 0x00, 0x00, 0x00, 0x00, 0x00, 0x00, 0x00, 0x00, 0x00, 0x00,
  0x00, 0x00, 0x00, 0x00, 0x00, 0x00, 0x00, 0x00, 0x00, 0x00, 0x00, 0x00,
  0x00, 0x00, 0x00, 0x00, 0x00, 0x00, 0x00, 0x00, 0x00, 0x00, 0x00, 0x00,
  0x00, 0x00, 0x00, 0x00, 0x00, 0x00, 0x00, 0x00, 0x00, 0x00, 0x00, 0x00,
  0x00, 0x00, 0x00, 0x00, 0x00, 0x00, 0x00, 0x00, 0x00, 0x00, 0x00, 0x00,
  0x00, 0x00, 0x00, 0x00, 0x00, 0x00, 0x00, 0x00, 0x00, 0x00, 0x00, 0x00,
  0x63, 0x63, 0x63, 0xfc, 0xfc, 0xfc, 0xff, 0xff, 0xff, 0xff, 0xff, 0xff,
  0xff, 0xff, 0xff, 0xff, 0xff, 0xff, 0xff, 0xff, 0xff, 0xff, 0xff, 0xff,
  0xff, 0xff, 0xff, 0xff, 0xff, 0xff, 0xff, 0xff, 0xff, 0xff, 0xff, 0xff,
  0xff, 0xff, 0xff, 0xff, 0xff, 0xff, 0xff, 0xff, 0xff, 0xff, 0xff, 0xff,
  0xff, 0xff, 0xff, 0xff, 0xff, 0xff, 0xff, 0xff, 0xff, 0xff, 0xff, 0xff,
  0xff, 0xff, 0xff, 0xff, 0xff, 0xff, 0xff, 0xff, 0xff, 0xff, 0xff, 0xff,
  0xff, 0xff, 0xff, 0xff, 0xff, 0xff, 0xff, 0xff, 0xff, 0xff, 0xff, 0xff,
  0xff, 0xff, 0xff, 0xff, 0xff, 0xff, 0xff, 0xff, 0xff, 0xff, 0xff, 0xff,
  0xff, 0xff, 0xff, 0xff, 0xff, 0xff, 0xff, 0xff, 0xff, 0xff, 0xff, 0xff,
  0xff, 0xff, 0xff, 0xff, 0xff, 0xff, 0xff, 0xff, 0xff, 0xff, 0xff, 0xff,
  0xff, 0xff, 0xff, 0xff, 0xff, 0xff, 0xff, 0xff, 0xff, 0xff, 0xff, 0xff,
  0xff, 0xff, 0xff, 0xff, 0xff, 0xff, 0xff, 0xff, 0xff, 0xff, 0xff, 0xff,
  0xff, 0xff, 0xff, 0xff, 0xff, 0xff, 0xff, 0xff, 0xff, 0xff, 0xff, 0xff,
  0xff, 0xff, 0xff, 0xff, 0xff, 0xff, 0xff, 0xff, 0xff, 0xff, 0xff, 0xff,
  0xff, 0xff, 0xff, 0xff, 0xff, 0xff, 0xff, 0xff, 0xff, 0xff, 0xff, 0xff,
  0xff, 0xff, 0xff, 0xff, 0xff, 0xff, 0xff, 0xff, 0xff, 0xff, 0xff, 0xff,
  0xff, 0xff, 0xff, 0xff, 0xff, 0xff, 0xff, 0xff, 0xff, 0xff, 0xff, 0xff,
  0xff, 0xff, 0xff, 0xff, 0xff, 0xff, 0xff, 0xff, 0xff, 0xff, 0xff, 0xff,
  0xff, 0xff, 0xff, 0xff, 0xff, 0xff, 0xff, 0xff, 0xff, 0xff, 0xff, 0xff,
  0xff, 0xff, 0xff, 0xff, 0xff, 0xff, 0xff, 0xff, 0xff, 0xff, 0xff, 0xff,
  0xff, 0xff, 0xff, 0xff, 0xff, 0xff, 0xff, 0xff, 0xff, 0xff, 0xff, 0xff,
  0xff, 0xff, 0xff, 0xff, 0xff, 0xff, 0xff, 0xff, 0xff, 0xff, 0xff, 0xff,
  0xff, 0xff, 0xff, 0xff, 0xff, 0xff, 0xff, 0xff, 0xff, 0xff, 0xff, 0xff,
  0xff, 0xff, 0xff, 0xff, 0xff, 0xff, 0xff, 0xff, 0xff, 0xff, 0xff, 0xff,
  0xff, 0xff, 0xff, 0xff, 0xff, 0xff, 0xfc, 0xfc, 0xfc, 0x63, 0x63, 0x63,
  0x00, 0x00, 0x00, 0x00, 0x00, 0x00, 0x00, 0x00, 0x00, 0x00, 0x00, 0x00,
  0x00, 0x00, 0x00, 0x00, 0x00, 0x00, 0x00, 0x00, 0x00, 0x00, 0x00, 0x00,
  0x00, 0x00, 0x00, 0x00, 0x00, 0x00, 0x00, 0x00, 0x00, 0x00, 0x00, 0x00,
  0x00, 0x00, 0x00, 0x00, 0x00, 0x00, 0x00, 0x00, 0x00, 0x00, 0x00, 0x00,
  0x00, 0x00, 0x00, 0x00, 0x00, 0x00, 0x00, 0x00, 0x00, 0x00, 0x00, 0x00,
  0x00, 0x00, 0x00, 0x00, 0x00, 0x00, 0x00, 0x00, 0x00, 0x00, 0x00, 0x00,
  0x00, 0x00, 0x00, 0x00, 0x00, 0x00, 0x00, 0x00, 0x00, 0x00, 0x00, 0x00,
  0x00, 0x00, 0x00, 0x3a, 0x3a, 0x3a, 0xdc, 0xdc, 0xdc, 0xff, 0xff, 0xff,
  0xff, 0xff, 0xff, 0xff, 0xff, 0xff, 0xff, 0xff, 0xff, 0xff, 0xff, 0xff,
  0xff, 0xff, 0xff, 0xff, 0xff, 0xff, 0xff, 0xff, 0xff, 0xff, 0xff, 0xff,
  0xff, 0xff, 0xff, 0xff, 0xff, 0xff, 0xff, 0xff, 0xff, 0xff, 0xff, 0xff,
  0xff, 0xff, 0xff, 0xff, 0xff, 0xff, 0xff, 0xff, 0xff, 0xff, 0xff, 0xff,
  0xff, 0xff, 0xff, 0xff, 0xff, 0xff, 0xff, 0xff, 0xff, 0xff, 0xff, 0xff,
  0xff, 0xff, 0xff, 0xff, 0xff, 0xff, 0xff, 0xff, 0xff, 0xff, 0xff, 0xff,
  0xff, 0xff, 0xff, 0xff, 0xff, 0xff, 0xff, 0xff, 0xff, 0xff, 0xff, 0xff,
  0xff, 0xff, 0xff, 0xff, 0xff, 0xff, 0xff, 0xff, 0xff, 0xff, 0xff, 0xff,
  0xff, 0xff, 0xff, 0xff, 0xff, 0xff, 0xff, 0xff, 0xff, 0xff, 0xff, 0xff,
  0xff, 0xff, 0xff, 0xff, 0xff, 0xff, 0xff, 0xff, 0xff, 0xff, 0xff, 0xff,
  0xff, 0xff, 0xff, 0xff, 0xff, 0xff, 0xff, 0xff, 0xff, 0xff, 0xff, 0xff,
  0xff, 0xff, 0xff, 0xff, 0xff, 0xff, 0xff, 0xff, 0xff, 0xff, 0xff, 0xff,
  0xff, 0xff, 0xff, 0xff, 0xff, 0xff, 0xff, 0xff, 0xff, 0xff, 0xff, 0xff,
  0xff, 0xff, 0xff, 0xff, 0xff, 0xff, 0xff, 0xff, 0xff, 0xff, 0xff, 0xff,
  0xff, 0xff, 0xff, 0xff, 0xff, 0xff, 0xff, 0xff, 0xff, 0xff, 0xff, 0xff,
  0xff, 0xff, 0xff, 0xff, 0xff, 0xff, 0xff, 0xff, 0xff, 0xff, 0xff, 0xff,
  0xff, 0xff, 0xff, 0xff, 0xff, 0xff, 0xff, 0xff, 0xff, 0xff, 0xff, 0xff,
  0xff, 0xff, 0xff, 0xff, 0xff, 0xff, 0xff, 0xff, 0xff, 0xff, 0xff, 0xff,
  0xff, 0xff, 0xff, 0xff, 0xff, 0xff, 0xff, 0xff, 0xff, 0xff, 0xff, 0xff,
  0xff, 0xff, 0xff, 0xff, 0xff, 0xff, 0xff, 0xff, 0xff, 0xff, 0xff, 0xff,
  0xff, 0xff, 0xff, 0xff, 0xff, 0xff, 0xff, 0xff, 0xff, 0xff, 0xff, 0xff,
  0xff, 0xff, 0xff, 0xff, 0xff, 0xff, 0xff, 0xff, 0xff, 0xff, 0xff, 0xff,
  0xff, 0xff, 0xff, 0xff, 0xff, 0xff, 0xff, 0xff, 0xff, 0xff, 0xff, 0xff,
  0xff, 0xff, 0xff, 0xdc, 0xdc, 0xdc, 0x3a, 0x3a, 0x3a, 0x00, 0x00, 0x00,
  0x00, 0x00, 0x00, 0x00, 0x00, 0x00, 0x00, 0x00, 0x00, 0x00, 0x00, 0x00,
  0x00, 0x00, 0x00, 0x00, 0x00, 0x00, 0x00, 0x00, 0x00, 0x00, 0x00, 0x00,
  0x00, 0x00, 0x00, 0x00, 0x00, 0x00, 0x00, 0x00, 0x00, 0x00, 0x00, 0x00,
  0x00, 0x00, 0x00, 0x00, 0x00, 0x00, 0x00, 0x00, 0x00, 0x00, 0x00, 0x00,
  0x00, 0x00, 0x00, 0x00, 0x00, 0x00, 0x00, 0x00, 0x00, 0x00, 0x00, 0x00,
  0x00, 0x00, 0x00, 0x00, 0x00, 0x00, 0x00, 0x00, 0x00, 0x00, 0x00, 0x00,
  0x00, 0x00, 0x00, 0x00, 0x00, 0x00, 0x00, 0x00, 0x00, 0x00, 0x00, 0x00,
  0x00, 0x00, 0x00, 0x00, 0x00, 0x00, 0x10, 0x10, 0x10, 0x9d, 0x9d, 0x9d,
  0xff, 0xff, 0xff, 0xff, 0xff, 0xff, 0xff, 0xff, 0xff, 0xff, 0xff, 0xff,
  0xff, 0xff, 0xff, 0xff, 0xff, 0xff, 0xff, 0xff, 0xff, 0xff, 0xff, 0xff,
  0xff, 0xff, 0xff, 0xff, 0xff, 0xff, 0xff, 0xff, 0xff, 0xff, 0xff, 0xff,
  0xff, 0xff, 0xff, 0xff, 0xff, 0xff, 0xff, 0xff, 0xff, 0xff, 0xff, 0xff,
  0xff, 0xff, 0xff, 0xff, 0xff, 0xff, 0xff, 0xff, 0xff, 0xff, 0xff, 0xff,
  0xff, 0xff, 0xff, 0xff, 0xff, 0xff, 0xff, 0xff, 0xff, 0xff, 0xff, 0xff,
  0xff, 0xff, 0xff, 0xff, 0xff, 0xff, 0xff, 0xff, 0xff, 0xff, 0xff, 0xff,
  0xff, 0xff, 0xff, 0xff, 0xff, 0xff, 0xff, 0xff, 0xff, 0xff, 0xff, 0xff,
  0xff, 0xff, 0xff, 0xff, 0xff, 0xff, 0xff, 0xff, 0xff, 0xff, 0xff, 0xff,
  0xff, 0xff, 0xff, 0xff, 0xff, 0xff, 0xff, 0xff, 0xff, 0xff, 0xff, 0xff,
  0xff, 0xff, 0xff, 0xff, 0xff, 0xff, 0xff, 0xff, 0xff, 0xff, 0xff, 0xff,
  0xff, 0xff, 0xff, 0xff, 0xff, 0xff, 0xff, 0xff, 0xff, 0xff, 0xff, 0xff,
  0xff, 0xff, 0xff, 0xff, 0xff, 0xff, 0xff, 0xff, 0xff, 0xff, 0xff, 0xff,
  0xff, 0xff, 0xff, 0xff, 0xff, 0xff, 0xff, 0xff, 0xff, 0xff, 0xff, 0xff,
  0xff, 0xff, 0xff, 0xff, 0xff, 0xff, 0xff, 0xff, 0xff, 0xff, 0xff, 0xff,
  0xff, 0xff, 0xff, 0xff, 0xff, 0xff, 0xff, 0xff, 0xff, 0xff, 0xff, 0xff,
  0xff, 0xff, 0xff, 0xff, 0xff, 0xff, 0xff, 0xff, 0xff, 0xff, 0xff, 0xff,
  0xff, 0xff, 0xff, 0xff, 0xff, 0xff, 0xff, 0xff, 0xff, 0xff, 0xff, 0xff,
  0xff, 0xff, 0xff, 0xff, 0xff, 0xff, 0xff, 0xff, 0xff, 0xff, 0xff, 0xff,
  0xff, 0xff, 0xff, 0xff, 0xff, 0xff, 0xff, 0xff, 0xff, 0xff, 0xff, 0xff,
  0xff, 0xff, 0xff, 0xff, 0xff, 0xff, 0xff, 0xff, 0xff, 0xff, 0xff, 0xff,
  0xff, 0xff, 0xff, 0xff, 0xff, 0xff, 0xff, 0xff, 0xff, 0xff, 0xff, 0xff,
  0xff, 0xff, 0xff, 0xff, 0xff, 0xff, 0xff, 0xff, 0xff, 0xff, 0xff, 0xff,
  0x9d, 0x9d, 0x9d, 0x10, 0x10, 0x10, 0x00, 0x00, 0x00, 0x00, 0x00, 0x00,
  0x00, 0x00, 0x00, 0x00, 0x00, 0x00, 0x00, 0x00, 0x00, 0x00, 0x00, 0x00,
  0x00, 0x00, 0x00, 0x00, 0x00, 0x00, 0x00, 0x00, 0x00, 0x00, 0x00, 0x00,
  0x00, 0x00, 0x00, 0x00, 0x00, 0x00, 0x00, 0x00, 0x00, 0x00, 0x00, 0x00,
  0x00, 0x00, 0x00, 0x00, 0x00, 0x00, 0x00, 0x00, 0x00, 0x00, 0x00, 0x00,
  0x00, 0x00, 0x00, 0x00, 0x00, 0x00, 0x00, 0x00, 0x00, 0x00, 0x00, 0x00,
  0x00, 0x00, 0x00, 0x00, 0x00, 0x00, 0x00, 0x00, 0x00, 0x00, 0x00, 0x00,
  0x00, 0x00, 0x00, 0x00, 0x00, 0x00, 0x00, 0x00, 0x00, 0x00, 0x00, 0x00,
  0x00, 0x00, 0x00, 0x00, 0x00, 0x00, 0x00, 0x00, 0x00, 0x00, 0x00, 0x00,
  0x42, 0x42, 0x42, 0xc9, 0xc9, 0xc9, 0xff, 0xff, 0xff, 0xff, 0xff, 0xff,
  0xff, 0xff, 0xff, 0xff, 0xff, 0xff, 0xff, 0xff, 0xff, 0xff, 0xff, 0xff,
  0xff, 0xff, 0xff, 0xff, 0xff, 0xff, 0xff, 0xff, 0xff, 0xff, 0xff, 0xff,
  0xff, 0xff, 0xff, 0xff, 0xff, 0xff, 0xff, 0xff, 0xff, 0xff, 0xff, 0xff,
  0xff, 0xff, 0xff, 0xff, 0xff, 0xff, 0xff, 0xff, 0xff, 0xff, 0xff, 0xff,
  0xff, 0xff, 0xff, 0xff, 0xff, 0xff, 0xff, 0xff, 0xff, 0xff, 0xff, 0xff,
  0xff, 0xff, 0xff, 0xff, 0xff, 0xff, 0xff, 0xff, 0xff, 0xff, 0xff, 0xff,
  0xff, 0xff, 0xff, 0xff, 0xff, 0xff, 0xff, 0xff, 0xff, 0xff, 0xff, 0xff,
  0xff, 0xff, 0xff, 0xff, 0xff, 0xff, 0xff, 0xff, 0xff, 0xff, 0xff, 0xff,
  0xff, 0xff, 0xff, 0xff, 0xff, 0xff, 0xff, 0xff, 0xff, 0xff, 0xff, 0xff,
  0xff, 0xff, 0xff, 0xff, 0xff, 0xff, 0xff, 0xff, 0xff, 0xff, 0xff, 0xff,
  0xff, 0xff, 0xff, 0xff, 0xff, 0xff, 0xff, 0xff, 0xff, 0xff, 0xff, 0xff,
  0xff, 0xff, 0xff, 0xff, 0xff, 0xff, 0xff, 0xff, 0xff, 0xff, 0xff, 0xff,
  0xff, 0xff, 0xff, 0xff, 0xff, 0xff, 0xff, 0xff, 0xff, 0xff, 0xff, 0xff,
  0xff, 0xff, 0xff, 0xff, 0xff, 0xff, 0xff, 0xff, 0xff, 0xff, 0xff, 0xff,
  0xff, 0xff, 0xff, 0xff, 0xff, 0xff, 0xff, 0xff, 0xff, 0xff, 0xff, 0xff,
  0xff, 0xff, 0xff, 0xff, 0xff, 0xff, 0xff, 0xff, 0xff, 0xff, 0xff, 0xff,
  0xff, 0xff, 0xff, 0xff, 0xff, 0xff, 0xff, 0xff, 0xff, 0xff, 0xff, 0xff,
  0xff, 0xff, 0xff, 0xff, 0xff, 0xff, 0xff, 0xff, 0xff, 0xff, 0xff, 0xff,
  0xff, 0xff, 0xff, 0xff, 0xff, 0xff, 0xff, 0xff, 0xff, 0xff, 0xff, 0xff,
  0xff, 0xff, 0xff, 0xff, 0xff, 0xff, 0xff, 0xff, 0xff, 0xff, 0xff, 0xff,
  0xff, 0xff, 0xff, 0xff, 0xff, 0xff, 0xff, 0xff, 0xff, 0xff, 0xff, 0xff,
  0xff, 0xff, 0xff, 0xff, 0xff, 0xff, 0xc9, 0xc9, 0xc9, 0x42, 0x42, 0x42,
  0x00, 0x00, 0x00, 0x00, 0x00, 0x00, 0x00, 0x00, 0x00, 0x00, 0x00, 0x00,
  0x00, 0x00, 0x00, 0x00, 0x00, 0x00, 0x00, 0x00, 0x00, 0x00, 0x00, 0x00,
  0x00, 0x00, 0x00, 0x00, 0x00, 0x00, 0x00, 0x00, 0x00, 0x00, 0x00, 0x00,
  0x00, 0x00, 0x00, 0x00, 0x00, 0x00, 0x00, 0x00, 0x00, 0x00, 0x00, 0x00,
  0x00, 0x00, 0x00, 0x00, 0x00, 0x00, 0x00, 0x00, 0x00, 0x00, 0x00, 0x00,
  0x00, 0x00, 0x00, 0x00, 0x00, 0x00, 0x00, 0x00, 0x00, 0x00, 0x00, 0x00,
  0x00, 0x00, 0x00, 0x00, 0x00, 0x00, 0x00, 0x00, 0x00, 0x00, 0x00, 0x00,
  0x00, 0x00, 0x00, 0x00, 0x00, 0x00, 0x00, 0x00, 0x00, 0x00, 0x00, 0x00,
  0x00, 0x00, 0x00, 0x00, 0x00, 0x00, 0x00, 0x00, 0x00, 0x00, 0x00, 0x00,
  0x00, 0x00, 0x00, 0x00, 0x00, 0x00, 0x52, 0x52, 0x52, 0xc2, 0xc2, 0xc2,
  0xff, 0xff, 0xff, 0xff, 0xff, 0xff, 0xff, 0xff, 0xff, 0xff, 0xff, 0xff,
  0xff, 0xff, 0xff, 0xff, 0xff, 0xff, 0xff, 0xff, 0xff, 0xff, 0xff, 0xff,
  0xff, 0xff, 0xff, 0xff, 0xff, 0xff, 0xff, 0xff, 0xff, 0xff, 0xff, 0xff,
  0xff, 0xff, 0xff, 0xff, 0xff, 0xff, 0xff, 0xff, 0xff, 0xff, 0xff, 0xff,
  0xff, 0xff, 0xff, 0xff, 0xff, 0xff, 0xff, 0xff, 0xff, 0xff, 0xff, 0xff,
  0xff, 0xff, 0xff, 0xff, 0xff, 0xff, 0xff, 0xff, 0xff, 0xff, 0xff, 0xff,
  0xff, 0xff, 0xff, 0xff, 0xff, 0xff, 0xff, 0xff, 0xff, 0xff, 0xff, 0xff,
  0xff, 0xff, 0xff, 0xff, 0xff, 0xff, 0xff, 0xff, 0xff, 0xff, 0xff, 0xff,
  0xff, 0xff, 0xff, 0xff, 0xff, 0xff, 0xff, 0xff, 0xff, 0xff, 0xff, 0xff,
  0xff, 0xff, 0xff, 0xff, 0xff, 0xff, 0xff, 0xff, 0xff, 0xff, 0xff, 0xff,
  0xff, 0xff, 0xff, 0xff, 0xff, 0xff, 0xff, 0xff, 0xff, 0xff, 0xff, 0xff,
  0xff, 0xff, 0xff, 0xff, 0xff, 0xff, 0xff, 0xff, 0xff, 0xff, 0xff, 0xff,
  0xff, 0xff, 0xff, 0xff, 0xff, 0xff, 0xff, 0xff, 0xff, 0xff, 0xff, 0xff,
  0xff, 0xff, 0xff, 0xff, 0xff, 0xff, 0xff, 0xff, 0xff, 0xff, 0xff, 0xff,
  0xff, 0xff, 0xff, 0xff, 0xff, 0xff, 0xff, 0xff, 0xff, 0xff, 0xff, 0xff,
  0xff, 0xff, 0xff, 0xff, 0xff, 0xff, 0xff, 0xff, 0xff, 0xff, 0xff, 0xff,
  0xff, 0xff, 0xff, 0xff, 0xff, 0xff, 0xff, 0xff, 0xff, 0xff, 0xff, 0xff,
  0xff, 0xff, 0xff, 0xff, 0xff, 0xff, 0xff, 0xff, 0xff, 0xff, 0xff, 0xff,
  0xff, 0xff, 0xff, 0xff, 0xff, 0xff, 0xff, 0xff, 0xff, 0xff, 0xff, 0xff,
  0xff, 0xff, 0xff, 0xff, 0xff, 0xff, 0xff, 0xff, 0xff, 0xff, 0xff, 0xff,
  0xff, 0xff, 0xff, 0xff, 0xff, 0xff, 0xff, 0xff, 0xff, 0xff, 0xff, 0xff,
  0xc2, 0xc2, 0xc2, 0x52, 0x52, 0x52, 0x00, 0x00, 0x00, 0x00, 0x00, 0x00,
  0x00, 0x00, 0x00, 0x00, 0x00, 0x00, 0x00, 0x00, 0x00, 0x00, 0x00, 0x00,
  0x00, 0x00, 0x00, 0x00, 0x00, 0x00, 0x00, 0x00, 0x00, 0x00, 0x00, 0x00,
  0x00, 0x00, 0x00, 0x00, 0x00, 0x00, 0x00, 0x00, 0x00, 0x00, 0x00, 0x00,
  0x00, 0x00, 0x00, 0x00, 0x00, 0x00, 0x00, 0x00, 0x00, 0x00, 0x00, 0x00,
  0x00, 0x00, 0x00, 0x00, 0x00, 0x00, 0x00, 0x00, 0x00, 0x00, 0x00, 0x00,
  0x00, 0x00, 0x00, 0x00, 0x00, 0x00, 0x00, 0x00, 0x00, 0x00, 0x00, 0x00,
  0x00, 0x00, 0x00, 0x00, 0x00, 0x00, 0x00, 0x00, 0x00, 0x00, 0x00, 0x00,
  0x00, 0x00, 0x00, 0x00, 0x00, 0x00, 0x00, 0x00, 0x00, 0x00, 0x00, 0x00,
  0x00, 0x00, 0x00, 0x00, 0x00, 0x00, 0x00, 0x00, 0x00, 0x00, 0x00, 0x00,
  0x00, 0x00, 0x00, 0x00, 0x00, 0x00, 0x00, 0x00, 0x00, 0x00, 0x00, 0x00,
  0x33, 0x33, 0x33, 0x8f, 0x8f, 0x8f, 0xd7, 0xd7, 0xd7, 0xfe, 0xfe, 0xfe,
  0xff, 0xff, 0xff, 0xff, 0xff, 0xff, 0xff, 0xff, 0xff, 0xff, 0xff, 0xff,
  0xff, 0xff, 0xff, 0xff, 0xff, 0xff, 0xff, 0xff, 0xff, 0xff, 0xff, 0xff,
  0xff, 0xff, 0xff, 0xff, 0xff, 0xff, 0xff, 0xff, 0xff, 0xff, 0xff, 0xff,
  0xff, 0xff, 0xff, 0xff, 0xff, 0xff, 0xff, 0xff, 0xff, 0xff, 0xff, 0xff,
  0xff, 0xff, 0xff, 0xff, 0xff, 0xff, 0xff, 0xff, 0xff, 0xff, 0xff, 0xff,
  0xff, 0xff, 0xff, 0xff, 0xff, 0xff, 0xff, 0xff, 0xff, 0xff, 0xff, 0xff,
  0xff, 0xff, 0xff, 0xff, 0xff, 0xff, 0xff, 0xff, 0xff, 0xff, 0xff, 0xff,
  0xff, 0xff, 0xff, 0xff, 0xff, 0xff, 0xff, 0xff, 0xff, 0xff, 0xff, 0xff,
  0xff, 0xff, 0xff, 0xff, 0xff, 0xff, 0xff, 0xff, 0xff, 0xff, 0xff, 0xff,
  0xff, 0xff, 0xff, 0xff, 0xff, 0xff, 0xff, 0xff, 0xff, 0xff, 0xff, 0xff,
  0xff, 0xff, 0xff, 0xff, 0xff, 0xff, 0xff, 0xff, 0xff, 0xff, 0xff, 0xff,
  0xff, 0xff, 0xff, 0xff, 0xff, 0xff, 0xff, 0xff, 0xff, 0xff, 0xff, 0xff,
  0xff, 0xff, 0xff, 0xff, 0xff, 0xff, 0xff, 0xff, 0xff, 0xff, 0xff, 0xff,
  0xff, 0xff, 0xff, 0xff, 0xff, 0xff, 0xff, 0xff, 0xff, 0xff, 0xff, 0xff,
  0xff, 0xff, 0xff, 0xff, 0xff, 0xff, 0xff, 0xff, 0xff, 0xff, 0xff, 0xff,
  0xff, 0xff, 0xff, 0xff, 0xff, 0xff, 0xff, 0xff, 0xff, 0xff, 0xff, 0xff,
  0xff, 0xff, 0xff, 0xff, 0xff, 0xff, 0xff, 0xff, 0xff, 0xff, 0xff, 0xff,
  0xff, 0xff, 0xff, 0xff, 0xff, 0xff, 0xff, 0xff, 0xff, 0xff, 0xff, 0xff,
  0xff, 0xff, 0xff, 0xff, 0xff, 0xff, 0xff, 0xff, 0xff, 0xff, 0xff, 0xff,
  0xfe, 0xfe, 0xfe, 0xd7, 0xd7, 0xd7, 0x8f, 0x8f, 0x8f, 0x33, 0x33, 0x33,
  0x00, 0x00, 0x00, 0x00, 0x00, 0x00, 0x00, 0x00, 0x00, 0x00, 0x00, 0x00,
  0x00, 0x00, 0x00, 0x00, 0x00, 0x00, 0x00, 0x00, 0x00, 0x00, 0x00, 0x00,
  0x00, 0x00, 0x00, 0x00, 0x00, 0x00, 0x00, 0x00, 0x00, 0x00, 0x00, 0x00,
  0x00, 0x00, 0x00, 0x00, 0x00, 0x00, 0x00, 0x00, 0x00, 0x00, 0x00, 0x00,
  0x00, 0x00, 0x00, 0x00, 0x00, 0x00, 0x00, 0x00, 0x00, 0x00, 0x00, 0x00,
  0x00, 0x00, 0x00, 0x00, 0x00, 0x00, 0x00, 0x00, 0x00, 0x00, 0x00, 0x00,
  0x00, 0x00, 0x00, 0x00, 0x00, 0x00, 0x00, 0x00, 0x00, 0x00, 0x00, 0x00,
  0x00, 0x00, 0x00, 0x00, 0x00, 0x00, 0x00, 0x00, 0x00, 0x00, 0x00, 0x00,
  0x00, 0x00, 0x00, 0x00, 0x00, 0x00, 0x00, 0x00, 0x00, 0x00, 0x00, 0x00,
  0x00, 0x00, 0x00, 0x00, 0x00, 0x00, 0x00, 0x00, 0x00, 0x00, 0x00, 0x00,
  0x00, 0x00, 0x00, 0x00, 0x00, 0x00, 0x00, 0x00, 0x00, 0x00, 0x00, 0x00,
  0x00, 0x00, 0x00, 0x00, 0x00, 0x00, 0x04, 0x04, 0x04, 0x2f, 0x2f, 0x2f,
  0x68, 0x68, 0x68, 0x9a, 0x9a, 0x9a, 0xc2, 0xc2, 0xc2, 0xdb, 0xdb, 0xdb,
  0xeb, 0xeb, 0xeb, 0xeb, 0xeb, 0xeb, 0xeb, 0xeb, 0xeb, 0xeb, 0xeb, 0xeb,
  0xeb, 0xeb, 0xeb, 0xeb, 0xeb, 0xeb, 0xeb, 0xeb, 0xeb, 0xeb, 0xeb, 0xeb,
  0xeb, 0xeb, 0xeb, 0xeb, 0xeb, 0xeb, 0xeb, 0xeb, 0xeb, 0xeb, 0xeb, 0xeb,
  0xeb, 0xeb, 0xeb, 0xeb, 0xeb, 0xeb, 0xeb, 0xeb, 0xeb, 0xeb, 0xeb, 0xeb,
  0xeb, 0xeb, 0xeb, 0xeb, 0xeb, 0xeb, 0xeb, 0xeb, 0xeb, 0xeb, 0xeb, 0xeb,
  0xeb, 0xeb, 0xeb, 0xeb, 0xeb, 0xeb, 0xeb, 0xeb, 0xeb, 0xeb, 0xeb, 0xeb,
  0xeb, 0xeb, 0xeb, 0xeb, 0xeb, 0xeb, 0xeb, 0xeb, 0xeb, 0xeb, 0xeb, 0xeb,
  0xeb, 0xeb, 0xeb, 0xeb, 0xeb, 0xeb, 0xeb, 0xeb, 0xeb, 0xeb, 0xeb, 0xeb,
  0xeb, 0xeb, 0xeb, 0xeb, 0xeb, 0xeb, 0xeb, 0xeb, 0xeb, 0xeb, 0xeb, 0xeb,
  0xeb, 0xeb, 0xeb, 0xeb, 0xeb, 0xeb, 0xeb, 0xeb, 0xeb, 0xeb, 0xeb, 0xeb,
  0xeb, 0xeb, 0xeb, 0xeb, 0xeb, 0xeb, 0xeb, 0xeb, 0xeb, 0xeb, 0xeb, 0xeb,
  0xeb, 0xeb, 0xeb, 0xeb, 0xeb, 0xeb, 0xeb, 0xeb, 0xeb, 0xeb, 0xeb, 0xeb,
  0xeb, 0xeb, 0xeb, 0xeb, 0xeb, 0xeb, 0xeb, 0xeb, 0xeb, 0xeb, 0xeb, 0xeb,
  0xeb, 0xeb, 0xeb, 0xeb, 0xeb, 0xeb, 0xeb, 0xeb, 0xeb, 0xeb, 0xeb, 0xeb,
  0xeb, 0xeb, 0xeb, 0xeb, 0xeb, 0xeb, 0xeb, 0xeb, 0xeb, 0xeb, 0xeb, 0xeb,
  0xeb, 0xeb, 0xeb, 0xeb, 0xeb, 0xeb, 0xeb, 0xeb, 0xeb, 0xeb, 0xeb, 0xeb,
  0xeb, 0xeb, 0xeb, 0xeb, 0xeb, 0xeb, 0xeb, 0xeb, 0xeb, 0xeb, 0xeb, 0xeb,
  0xdb, 0xdb, 0xdb, 0xc2, 0xc2, 0xc2, 0x9a, 0x9a, 0x9a, 0x68, 0x68, 0x68,
  0x2f, 0x2f, 0x2f, 0x04, 0x04, 0x04, 0x00, 0x00, 0x00, 0x00, 0x00, 0x00,
  0x00, 0x00, 0x00, 0x00, 0x00, 0x00, 0x00, 0x00, 0x00, 0x00, 0x00, 0x00,
  0x00, 0x00, 0x00, 0x00, 0x00, 0x00, 0x00, 0x00, 0x00, 0x00, 0x00, 0x00,
  0x00, 0x00, 0x00, 0x00, 0x00, 0x00, 0x00, 0x00, 0x00, 0x00, 0x00, 0x00,
  0x00, 0x00, 0x00, 0x00, 0x00, 0x00, 0x00, 0x00, 0x00, 0x00, 0x00, 0x00,
  0x00, 0x00, 0x00, 0x00, 0x00, 0x00, 0x00, 0x00, 0x00, 0x00, 0x00, 0x00,
  0x00, 0x00, 0x00, 0x00, 0x00, 0x00, 0x00, 0x00, 0x00, 0x00, 0x00, 0x00,
  0x00, 0x00, 0x00, 0x00, 0x00, 0x00, 0x00, 0x00, 0x00, 0x00, 0x00, 0x00,
  0x00, 0x00, 0x00, 0x00, 0x00, 0x00, 0x00, 0x00, 0x00, 0x00, 0x00, 0x00,
  0x00, 0x00, 0x00, 0x00, 0x00, 0x00, 0x00, 0x00, 0x00, 0x00, 0x00, 0x00,
  0x00, 0x00, 0x00, 0x00, 0x00, 0x00, 0x00, 0x00, 0x00, 0x00, 0x00, 0x00,
  0x00, 0x00, 0x00, 0x00, 0x00, 0x00, 0x00, 0x00, 0x00, 0x00, 0x00, 0x00,
  0x00, 0x00, 0x00, 0x00, 0x00, 0x00, 0x00, 0x00, 0x00, 0x00, 0x00, 0x00,
  0x00, 0x00, 0x00, 0x00, 0x00, 0x00, 0x00, 0x00, 0x00, 0x07, 0x07, 0x07,
  0x13, 0x13, 0x13, 0x14, 0x14, 0x14, 0x14, 0x14, 0x14, 0x14, 0x14, 0x14,
  0x14, 0x14, 0x14, 0x14, 0x14, 0x14, 0x14, 0x14, 0x14, 0x14, 0x14, 0x14,
  0x14, 0x14, 0x14, 0x14, 0x14, 0x14, 0x14, 0x14, 0x14, 0x14, 0x14, 0x14,
  0x14, 0x14, 0x14, 0x14, 0x14, 0x14, 0x14, 0x14, 0x14, 0x14, 0x14, 0x14,
  0x14, 0x14, 0x14, 0x14, 0x14, 0x14, 0x14, 0x14, 0x14, 0x14, 0x14, 0x14,
  0x14, 0x14, 0x14, 0x14, 0x14, 0x14, 0x14, 0x14, 0x14, 0x14, 0x14, 0x14,
  0x14, 0x14, 0x14, 0x14, 0x14, 0x14, 0x14, 0x14, 0x14, 0x14, 0x14, 0x14,
  0x14, 0x14, 0x14, 0x14, 0x14, 0x14, 0x14, 0x14, 0x14, 0x14, 0x14, 0x14,
  0x14, 0x14, 0x14, 0x14, 0x14, 0x14, 0x14, 0x14, 0x14, 0x14, 0x14, 0x14,
  0x14, 0x14, 0x14, 0x14, 0x14, 0x14, 0x14, 0x14, 0x14, 0x14, 0x14, 0x14,
  0x14, 0x14, 0x14, 0x14, 0x14, 0x14, 0x14, 0x14, 0x14, 0x14, 0x14, 0x14,
  0x14, 0x14, 0x14, 0x14, 0x14, 0x14, 0x14, 0x14, 0x14, 0x14, 0x14, 0x14,
  0x14, 0x14, 0x14, 0x14, 0x14, 0x14, 0x14, 0x14, 0x14, 0x14, 0x14, 0x14,
  0x14, 0x14, 0x14, 0x14, 0x14, 0x14, 0x14, 0x14, 0x14, 0x14, 0x14, 0x14,
  0x14, 0x14, 0x14, 0x14, 0x14, 0x14, 0x14, 0x14, 0x14, 0x14, 0x14, 0x14,
  0x14, 0x14, 0x14, 0x14, 0x14, 0x14, 0x14, 0x14, 0x14, 0x14, 0x14, 0x14,
  0x14, 0x14, 0x14, 0x14, 0x14, 0x14, 0x14, 0x14, 0x14, 0x13, 0x13, 0x13,
  0x07, 0x07, 0x07, 0x00, 0x00, 0x00, 0x00, 0x00, 0x00, 0x00, 0x00, 0x00,
  0x00, 0x00, 0x00, 0x00, 0x00, 0x00, 0x00, 0x00, 0x00, 0x00, 0x00, 0x00,
  0x00, 0x00, 0x00, 0x00, 0x00, 0x00, 0x00, 0x00, 0x00, 0x00, 0x00, 0x00,
  0x00, 0x00, 0x00, 0x00, 0x00, 0x00, 0x00, 0x00, 0x00, 0x00, 0x00, 0x00,
  0x00, 0x00, 0x00, 0x00, 0x00, 0x00, 0x00, 0x00, 0x00, 0x00, 0x00, 0x00,
  0x00, 0x00, 0x00, 0x00, 0x00, 0x00, 0x00, 0x00, 0x00, 0x00, 0x00, 0x00,
  0x00, 0x00, 0x00, 0x00, 0x00, 0x00, 0x00, 0x00, 0x00, 0x00, 0x00, 0x00,
  0x00, 0x00, 0x00, 0x00, 0x00, 0x00, 0x00, 0x00, 0x00, 0x00, 0x00, 0x00,
  0x00, 0x00, 0x00, 0x00, 0x00, 0x00, 0x00, 0x00, 0x00, 0x00, 0x00, 0x00,
  0x00, 0x00, 0x00, 0x00, 0x00, 0x00, 0x00, 0x00, 0x00, 0x00, 0x00, 0x00,
  0x00, 0x00, 0x00, 0x00, 0x00, 0x00, 0x00, 0x00, 0x00, 0x00, 0x00, 0x00,
  0x00, 0x00, 0x00, 0x00, 0x00, 0x00, 0x00, 0x00, 0x00, 0x00, 0x00, 0x00,
  0x00, 0x00, 0x00, 0x00, 0x00, 0x00, 0x00, 0x00, 0x00, 0x00, 0x00, 0x00,
  0x00, 0x00, 0x00, 0x00, 0x00, 0x00, 0x00, 0x00, 0x00, 0x00, 0x00, 0x00,
  0x00, 0x00, 0x00, 0x00, 0x00, 0x00, 0x00, 0x00, 0x00, 0x00, 0x00, 0x00,
  0x00, 0x00, 0x00, 0x00, 0x00, 0x00, 0x00, 0x00, 0x00, 0x00, 0x00, 0x00,
  0x00, 0x00, 0x00, 0x00, 0x00, 0x00, 0x00, 0x00, 0x00, 0x00, 0x00, 0x00,
  0x00, 0x00, 0x00, 0x00, 0x00, 0x00, 0x00, 0x00, 0x00, 0x00, 0x00, 0x00,
  0x00, 0x00, 0x00, 0x00, 0x00, 0x00, 0x00, 0x00, 0x00, 0x00, 0x00, 0x00,
  0x00, 0x00, 0x00, 0x00, 0x00, 0x00, 0x00, 0x00, 0x00, 0x00, 0x00, 0x00,
  0x00, 0x00, 0x00, 0x00, 0x00, 0x00, 0x00, 0x00, 0x00, 0x00, 0x00, 0x00,
  0x00, 0x00, 0x00, 0x00, 0x00, 0x00, 0x00, 0x00, 0x00, 0x00, 0x00, 0x00,
  0x00, 0x00, 0x00, 0x00, 0x00, 0x00, 0x00, 0x00, 0x00, 0x00, 0x00, 0x00,
  0x00, 0x00, 0x00, 0x00, 0x00, 0x00, 0x00, 0x00, 0x00, 0x00, 0x00, 0x00,
  0x00, 0x00, 0x00, 0x00, 0x00, 0x00, 0x00, 0x00, 0x00, 0x00, 0x00, 0x00,
  0x00, 0x00, 0x00, 0x00, 0x00, 0x00, 0x00, 0x00, 0x00, 0x00, 0x00, 0x00,
  0x00, 0x00, 0x00, 0x00, 0x00, 0x00, 0x00, 0x00, 0x00, 0x00, 0x00, 0x00,
  0x00, 0x00, 0x00, 0x00, 0x00, 0x00, 0x00, 0x00, 0x00, 0x00, 0x00, 0x00,
  0x00, 0x00, 0x00, 0x00, 0x00, 0x00, 0x00, 0x00, 0x00, 0x00, 0x00, 0x00,
  0x00, 0x00, 0x00, 0x00, 0x00, 0x00, 0x00, 0x00, 0x00, 0x00, 0x00, 0x00,
  0x00, 0x00, 0x00, 0x00, 0x00, 0x00, 0x00, 0x00, 0x00, 0x00, 0x00, 0x00,
  0x00, 0x00, 0x00, 0x00, 0x00, 0x00, 0x00, 0x00, 0x00, 0x00, 0x00, 0x00,
  0x00, 0x00, 0x00, 0x00, 0x00, 0x00, 0x00, 0x00, 0x00, 0x00, 0x00, 0x00,
  0x00, 0x00, 0x00, 0x00, 0x00, 0x00, 0x00, 0x00, 0x00, 0x00, 0x00, 0x00,
  0x00, 0x00, 0x00, 0x00, 0x00, 0x00, 0x00, 0x00, 0x00, 0x00, 0x00, 0x00,
  0x00, 0x00, 0x00, 0x00, 0x00, 0x00, 0x00, 0x00, 0x00, 0x00, 0x00, 0x00,
  0x00, 0x00, 0x00, 0x00, 0x00, 0x00, 0x00, 0x00, 0x00, 0x00, 0x00, 0x00,
  0x00, 0x00, 0x00, 0x00, 0x00, 0x00, 0x00, 0x00, 0x00, 0x00, 0x00, 0x00,
  0x00, 0x00, 0x00, 0x00, 0x00, 0x00, 0x00, 0x00, 0x00, 0x00, 0x00, 0x00,
  0x00, 0x00, 0x00, 0x00, 0x00, 0x00, 0x00, 0x00, 0x00, 0x00, 0x00, 0x00,
  0x00, 0x00, 0x00, 0x00, 0x00, 0x00, 0x00, 0x00, 0x00, 0x00, 0x00, 0x00,
  0x00, 0x00, 0x00, 0x00, 0x00, 0x00, 0x00, 0x00, 0x00, 0x00, 0x00, 0x00,
  0x00, 0x00, 0x00, 0x00, 0x00, 0x00, 0x00, 0x00, 0x00, 0x00, 0x00, 0x00,
  0x00, 0x00, 0x00, 0x00, 0x00, 0x00, 0x00, 0x00, 0x00, 0x00, 0x00, 0x00,
  0x00, 0x00, 0x00, 0x00, 0x00, 0x00, 0x00, 0x00, 0x00, 0x00, 0x00, 0x00,
  0x00, 0x00, 0x00, 0x00, 0x00, 0x00, 0x00, 0x00, 0x00, 0x00, 0x00, 0x00,
  0x00, 0x00, 0x00, 0x00, 0x00, 0x00, 0x00, 0x00, 0x00, 0x00, 0x00, 0x00,
  0x00, 0x00, 0x00, 0x00, 0x00, 0x00, 0x00, 0x00, 0x00, 0x00, 0x00, 0x00,
  0x00, 0x00, 0x00, 0x00, 0x00, 0x00, 0x00, 0x00, 0x00, 0x00, 0x00, 0x00,
  0x00, 0x00, 0x00, 0x00, 0x00, 0x00, 0x00, 0x00, 0x00, 0x00, 0x00, 0x00,
  0x00, 0x00, 0x00, 0x00, 0x00, 0x00, 0x00, 0x00, 0x00, 0x00, 0x00, 0x00,
  0x00, 0x00, 0x00, 0x00, 0x00, 0x00, 0x00, 0x00, 0x00, 0x00, 0x00, 0x00,
  0x00, 0x00, 0x00, 0x00, 0x00, 0x00, 0x00, 0x00, 0x00, 0x00, 0x00, 0x00,
  0x00, 0x00, 0x00, 0x00, 0x00, 0x00, 0x00, 0x00, 0x00, 0x00, 0x00, 0x00,
  0x00, 0x00, 0x00, 0x00, 0x00, 0x00, 0x00, 0x00, 0x00, 0x00, 0x00, 0x00,
  0x00, 0x00, 0x00, 0x00, 0x00, 0x00, 0x00, 0x00, 0x00, 0x00, 0x00, 0x00,
  0x00, 0x00, 0x00, 0x00, 0x00, 0x00, 0x00, 0x00, 0x00, 0x00, 0x00, 0x00,
  0x00, 0x00, 0x00, 0x00, 0x00, 0x00, 0x00, 0x00, 0x00, 0x00, 0x00, 0x00,
  0x00, 0x00, 0x00, 0x00, 0x00, 0x00, 0x00, 0x00, 0x00, 0x00, 0x00, 0x00,
  0x00, 0x00, 0x00, 0x00, 0x00, 0x00, 0x00, 0x00, 0x00, 0x00, 0x00, 0x00,
  0x00, 0x00, 0x00, 0x00, 0x00, 0x00, 0x00, 0x00, 0x00, 0x00, 0x00, 0x00,
  0x00, 0x00, 0x00, 0x00, 0x00, 0x00, 0x00, 0x00, 0x00, 0x00, 0x00, 0x00,
  0x00, 0x00, 0x00, 0x00, 0x00, 0x00, 0x00, 0x00, 0x00, 0x00, 0x00, 0x00,
  0x00, 0x00, 0x00, 0x00, 0x00, 0x00, 0x00, 0x00, 0x00, 0x00, 0x00, 0x00,
  0x00, 0x00, 0x00, 0x00, 0x00, 0x00, 0x00, 0x00, 0x00, 0x00, 0x00, 0x00,
  0x00, 0x00, 0x00, 0x00, 0x00, 0x00, 0x00, 0x00, 0x00, 0x00, 0x00, 0x00,
  0x00, 0x00, 0x00, 0x00, 0x00, 0x00, 0x00, 0x00, 0x00, 0x00, 0x00, 0x00,
  0x00, 0x00, 0x00, 0x00, 0x00, 0x00, 0x00, 0x00, 0x00, 0x00, 0x00, 0x00,
  0x00, 0x00, 0x00, 0x00, 0x00, 0x00, 0x00, 0x00, 0x00, 0x00, 0x00, 0x00,
  0x00, 0x00, 0x00, 0x00, 0x00, 0x00, 0x00, 0x00, 0x00, 0x00, 0x00, 0x00,
  0x00, 0x00, 0x00, 0x00, 0x00, 0x00, 0x00, 0x00, 0x00, 0x00, 0x00, 0x00,
  0x00, 0x00, 0x00, 0x00, 0x00, 0x00, 0x00, 0x00, 0x00, 0x00, 0x00, 0x00,
  0x00, 0x00, 0x00, 0x00, 0x00, 0x00, 0x00, 0x00, 0x00, 0x00, 0x00, 0x00,
  0x00, 0x00, 0x00, 0x00, 0x00, 0x00, 0x00, 0x00, 0x00, 0x00, 0x00, 0x00,
  0x00, 0x00, 0x00, 0x00, 0x00, 0x00, 0x00, 0x00, 0x00, 0x00, 0x00, 0x00,
  0x00, 0x00, 0x00, 0x00, 0x00, 0x00, 0x00, 0x00, 0x00, 0x00, 0x00, 0x00,
  0x00, 0x00, 0x00, 0x00, 0x00, 0x00, 0x00, 0x00, 0x00, 0x00, 0x00, 0x00,
  0x00, 0x00, 0x00, 0x00, 0x00, 0x00, 0x00, 0x00, 0x00, 0x00, 0x00, 0x00,
  0x00, 0x00, 0x00, 0x00, 0x00, 0x00, 0x00, 0x00, 0x00, 0x00, 0x00, 0x00,
  0x00, 0x00, 0x00, 0x00, 0x00, 0x00, 0x00, 0x00, 0x00, 0x00, 0x00, 0x00,
  0x00, 0x00, 0x00, 0x00, 0x00, 0x00, 0x00, 0x00, 0x00, 0x00, 0x00, 0x00,
  0x00, 0x00, 0x00, 0x00, 0x00, 0x00, 0x00, 0x00, 0x00, 0x00, 0x00, 0x00,
  0x00, 0x00, 0x00, 0x00, 0x00, 0x00, 0x00, 0x00, 0x00, 0x00, 0x00, 0x00,
  0x00, 0x00, 0x00, 0x00, 0x00, 0x00, 0x00, 0x00, 0x00, 0x00, 0x00, 0x00,
  0x00, 0x00, 0x00, 0x00, 0x00, 0x00, 0x00, 0x00, 0x00, 0x00, 0x00, 0x00,
  0x00, 0x00, 0x00, 0x00, 0x00, 0x00, 0x00, 0x00, 0x00, 0x00, 0x00, 0x00,
  0x00, 0x00, 0x00, 0x00, 0x00, 0x00, 0x00, 0x00, 0x00, 0x00, 0x00, 0x00,
  0x00, 0x00, 0x00, 0x00, 0x00, 0x00, 0x00, 0x00, 0x00, 0x00, 0x00, 0x00,
  0x00, 0x00, 0x00, 0x00, 0x00, 0x00, 0x00, 0x00, 0x00, 0x00, 0x00, 0x00,
  0x00, 0x00, 0x00, 0x00, 0x00, 0x00, 0x00, 0x00, 0x00, 0x00, 0x00, 0x00,
  0x00, 0x00, 0x00, 0x00, 0x00, 0x00, 0x00, 0x00, 0x00, 0x00, 0x00, 0x00,
  0x00, 0x00, 0x00, 0x00, 0x00, 0x00, 0x00, 0x00, 0x00, 0x00, 0x00, 0x00,
  0x00, 0x00, 0x00, 0x00, 0x00, 0x00, 0x00, 0x00, 0x00, 0x00, 0x00, 0x00,
  0x00, 0x00, 0x00, 0x00, 0x00, 0x00, 0x00, 0x00, 0x00, 0x00, 0x00, 0x00,
  0x00, 0x00, 0x00, 0x00, 0x00, 0x00, 0x00, 0x00, 0x00, 0x00, 0x00, 0x00,
  0x00, 0x00, 0x00, 0x00, 0x00, 0x00, 0x00, 0x00, 0x00, 0x00, 0x00, 0x00,
  0x00, 0x00, 0x00, 0x00, 0x00, 0x00, 0x00, 0x00, 0x00, 0x00, 0x00, 0x00,
  0x00, 0x00, 0x00, 0x00, 0x00, 0x00, 0x00, 0x00, 0x00, 0x00, 0x00, 0x00,
  0x00, 0x00, 0x00, 0x00, 0x00, 0x00, 0x00, 0x00, 0x00, 0x00, 0x00, 0x00,
  0x00, 0x00, 0x00, 0x00, 0x00, 0x00, 0x00, 0x00, 0x00, 0x00, 0x00, 0x00,
  0x00, 0x00, 0x00, 0x00, 0x00, 0x00, 0x00, 0x00, 0x00, 0x00, 0x00, 0x00,
  0x00, 0x00, 0x00, 0x00, 0x00, 0x00, 0x00, 0x00, 0x00, 0x00, 0x00, 0x00,
  0x00, 0x00, 0x00, 0x00, 0x00, 0x00, 0x00, 0x00, 0x00, 0x00, 0x00, 0x00,
  0x00, 0x00, 0x00, 0x00, 0x00, 0x00, 0x00, 0x00, 0x00, 0x00, 0x00, 0x00,
  0x00, 0x00, 0x00, 0x00, 0x00, 0x00, 0x00, 0x00, 0x00, 0x00, 0x00, 0x00,
  0x00, 0x00, 0x00, 0x00, 0x00, 0x00, 0x00, 0x00, 0x00, 0x00, 0x00, 0x00,
  0x00, 0x00, 0x00, 0x00, 0x00, 0x00, 0x00, 0x00, 0x00, 0x00, 0x00, 0x00,
  0x00, 0x00, 0x00, 0x00, 0x00, 0x00, 0x00, 0x00, 0x00, 0x00, 0x00, 0x00,
  0x00, 0x00, 0x00, 0x00, 0x00, 0x00, 0x00, 0x00, 0x00, 0x00, 0x00, 0x00,
  0x00, 0x00, 0x00, 0x00, 0x00, 0x00, 0x00, 0x00, 0x00, 0x00, 0x00, 0x00,
  0x00, 0x00, 0x00, 0x00, 0x00, 0x00, 0x00, 0x00, 0x00, 0x00, 0x00, 0x00,
  0x00, 0x00, 0x00, 0x00, 0x00, 0x00, 0x00, 0x00, 0x00, 0x00, 0x00, 0x00,
  0x00, 0x00, 0x00, 0x00, 0x00, 0x00, 0x00, 0x00, 0x00, 0x00, 0x00, 0x00,
  0x00, 0x00, 0x00, 0x00, 0x00, 0x00, 0x00, 0x00, 0x00, 0x00, 0x00, 0x00,
  0x00, 0x00, 0x00, 0x00, 0x00, 0x00, 0x00, 0x00, 0x00, 0x00, 0x00, 0x00,
  0x00, 0x00, 0x00, 0x00, 0x00, 0x00, 0x00, 0x00, 0x00, 0x00, 0x00, 0x00,
  0x00, 0x00, 0x00, 0x00, 0x00, 0x00, 0x00, 0x00, 0x00, 0x00, 0x00, 0x00,
  0x00, 0x00, 0x00, 0x00, 0x00, 0x00, 0x00, 0x00, 0x00, 0x00, 0x00, 0x00,
  0x00, 0x00, 0x00, 0x00, 0x00, 0x00, 0x00, 0x00, 0x00, 0x00, 0x00, 0x00,
  0x00, 0x00, 0x00, 0x00, 0x00, 0x00, 0x00, 0x00, 0x00, 0x00, 0x00, 0x00,
  0x00, 0x00, 0x00, 0x00, 0x00, 0x00, 0x00, 0x00, 0x00, 0x00, 0x00, 0x00,
  0x00, 0x00, 0x00, 0x00, 0x00, 0x00, 0x00, 0x00, 0x00, 0x00, 0x00, 0x00,
  0x00, 0x00, 0x00, 0x00, 0x00, 0x00, 0x00, 0x00, 0x00, 0x00, 0x00, 0x00,
  0x00, 0x00, 0x00, 0x00, 0x00, 0x00, 0x00, 0x00, 0x00, 0x00, 0x00, 0x00,
  0x00, 0x00, 0x00, 0x00, 0x00, 0x00, 0x00, 0x00, 0x00, 0x00, 0x00, 0x00,
  0x00, 0x00, 0x00, 0x00, 0x00, 0x00, 0x00, 0x00, 0x00, 0x00, 0x00, 0x00,
  0x00, 0x00, 0x00, 0x00, 0x00, 0x00, 0x00, 0x00, 0x00, 0x00, 0x00, 0x00,
  0x00, 0x00, 0x00, 0x00, 0x00, 0x00, 0x00, 0x00, 0x00, 0x00, 0x00, 0x00,
  0x00, 0x00, 0x00, 0x00, 0x00, 0x00, 0x00, 0x00, 0x00, 0x00, 0x00, 0x00,
  0x00, 0x00, 0x00, 0x00, 0x00, 0x00, 0x00, 0x00, 0x00, 0x00, 0x00, 0x00,
  0x00, 0x00, 0x00, 0x00, 0x00, 0x00, 0x00, 0x00, 0x00, 0x00, 0x00, 0x00,
  0x00, 0x00, 0x00, 0x00, 0x00, 0x00, 0x00, 0x00, 0x00, 0x00, 0x00, 0x00,
  0x00, 0x00, 0x00, 0x00, 0x00, 0x00, 0x00, 0x00, 0x00, 0x00, 0x00, 0x00,
  0x00, 0x00, 0x00, 0x00, 0x00, 0x00, 0x00, 0x00, 0x00, 0x00, 0x00, 0x00,
  0x00, 0x00, 0x00, 0x00, 0x00, 0x00, 0x00, 0x00, 0x00, 0x00, 0x00, 0x00,
  0x00, 0x00, 0x00, 0x00, 0x00, 0x00
};
unsigned int VIDEO_COMPARE_ICON_BMP_LEN = 49206;

#endif // VIDEO_COMPARE_ICON_H
